# _tick,_time,plr_track_ground_roughness,track_ground_roughness,plr_track_pit_gap_low,track_pit_gap_low,plr_track_pit_gap_high,track_pit_gap_high,plr_track_stump_height_low,track_stump_height_low,plr_track_stump_height_high,track_stump_height_high,mean_env_return,adversary_env_pg_loss,adversary_env_value_loss,adversary_env_dist_entropy,steps,total_episodes,total_seeds,total_student_grad_updates,mean_agent_return,agent_value_loss,agent_pg_loss,agent_dist_entropy,mean_adversary_agent_return,adversary_value_loss,adversary_pg_loss,adversary_dist_entropy,kl_loss_advagent_agent,kl_loss_agent_advagent,agent_grad_norm,adversary_grad_norm,adversary_env_grad_norm,solved_rate:BipedalWalker-MADS-POET-Rose-3a-Eval-v0,test_returns:BipedalWalker-MADS-POET-Rose-3a-Eval-v0,target_agent_return,target_solved_rate,sps
0,1784900014.4659092,,4.65340139111504,,2.2520651994273067,,6.098600393161178,,1.843620429863222,,3.5463083907961845,0.0,0.0,0.0,0.0,32768,43,16,1,-109.38383,0.15454237717203795,-0.004349136058590375,5.674439561367035,0,0.0,0.0,0.0,,,0.3756696079706271,0,0,0.0,-104.35474,-104.354736328125,0.0,4021.3271359482665
1,1784900055.0831168,,4.407553259516135,,2.512251096777618,,6.664794646203518,,1.7249178851488978,,3.259160192683339,0.0,0.0,0.0,0.0,196608,233,96,6,-106.28707,0.09244982537347823,-0.0023190708699985406,5.619069504737854,0,0.0,0.0,0.0,,,0.3561191187453888,0,0,0.0,-149.34018,-149.34017944335938,0.0,4033.761054564667
2,1784900095.4420156,,4.808753216639161,,3.544794741901569,,7.687558066099882,,1.6924592584837228,,3.0001041758805513,0.0,0.0,0.0,0.0,360448,311,176,11,-106.57017,0.06359953982755542,-0.0030067655563470906,5.496816048026085,0,0.0,0.0,0.0,,,0.359657455740486,0,0,0.0,-135.14987,-135.14987182617188,0.0,4059.575431531602
3,1784900135.3070633,,4.771526709664613,,2.486462774249958,,6.629007672891021,,2.073769838316366,,3.42794943600893,0.0,0.0,0.0,0.0,524288,412,256,16,-104.9857,0.05403369120322168,-0.002661636160337366,5.396677920222283,0,0.0,0.0,0.0,,,0.40144487819274194,0,0,0.0,-121.032394,-121.03239440917969,0.0,4109.866922071749
4,1784900173.398312,,5.057671595131978,,3.5915825073607266,,6.886076796799898,,1.1204561649356037,,2.423026446485892,0.0,0.0,0.0,0.0,688128,491,336,21,-108.80357,0.03381421536905691,-0.0023536519664048685,5.231187841296196,0,0.0,0.0,0.0,,,0.42979023494630997,0,0,0.0,-113.61987,-113.619873046875,0.0,4301.246189516269
5,1784900212.4143658,,4.87281022593379,,2.291848654858768,,7.102805711328983,,1.6756929666735232,,3.0365545954555273,0.0,0.0,0.0,0.0,851968,540,416,26,-107.07324,0.026081575488206,-0.003344713952537859,5.053693127632141,0,0.0,0.0,0.0,,,0.4490618856545117,0,0,0.0,-115.722496,-115.72249603271484,0.0,4199.29692141413
6,1784900252.096698,,4.388704262673855,,2.5800957513274625,,6.919549433514476,,1.8035301263444126,,3.272381853312254,0.0,0.0,0.0,0.0,1015808,573,496,31,-106.04922,0.02022634639288299,-0.001861768527305685,4.870677074790001,0,0.0,0.0,0.0,,,0.4837113834766008,0,0,0.0,-128.70784,-128.7078399658203,0.0,4128.792947897635
7,1784900290.382854,,3.073696943174582,,3.4378821041900665,,6.992766344919801,,1.9255263661034405,,3.1959278183057904,0.0,0.0,0.0,0.0,1179648,610,576,36,-104.31871,0.029671448329463602,-0.0022737296734703706,4.681545549631119,0,0.0,0.0,0.0,,,0.5360151356477211,0,0,0.0,-122.323814,-122.32381439208984,0.0,4279.354238312887
8,1784900329.2675226,,3.683959962800145,,1.4671233750414103,,5.595726636238396,,1.78333796444349,,3.263350734487176,0.0,0.0,0.0,0.0,1343488,654,656,41,-100.89151,0.026237200835021214,-0.0020447227740078232,4.528215336799621,0,0.0,0.0,0.0,,,0.5568212575411572,0,0,0.0,-119.801315,-119.80131530761719,0.0,4213.485292357737
9,1784900367.8211558,,4.285212598042563,,2.5771452754270285,,7.538070920854807,,1.9801609024580102,,3.5922962427139282,0.0,0.0,0.0,0.0,1507328,702,736,46,-98.61904,0.03278410127386451,-0.0016603762458544224,4.375282487273216,0,0.0,0.0,0.0,,,0.6401659518810148,0,0,0.0,-109.49437,-109.49436950683594,0.0,4249.66108883591
10,1784900406.4269068,,5.684992549940944,,3.6633098195306957,,5.998836075887084,,1.8586643041635398,,3.4463568357750773,0.0,0.0,0.0,0.0,1671168,757,816,51,-99.01091,0.039621571986936034,-0.0009907357569318264,4.217264321446419,0,0.0,0.0,0.0,,,0.6901821140683968,0,0,0.0,-144.06436,-144.06436157226562,0.0,4243.930233725303
11,1784900444.3153632,,5.476853791624308,,2.8031266771722585,,6.8939452432096004,,1.7217999696731567,,3.4742827899754047,0.0,0.0,0.0,0.0,1835008,820,896,56,-97.01573,0.06423848690465092,-0.0009190993252559565,4.00509379208088,0,0.0,0.0,0.0,,,0.7551687572371165,0,0,0.0,-113.52684,-113.52684020996094,0.0,4324.2687100855865
12,1784900482.9574025,,6.3994297524914145,,1.7642625457665417,,5.155433574691415,,1.3579003352788277,,3.678609225898981,0.0,0.0,0.0,0.0,1998848,886,976,61,-99.23123,0.058633200637996194,-0.0019139819472911769,3.8823005586862562,0,0.0,0.0,0.0,,,0.7596584037778145,0,0,0.0,-112.495605,-112.49560546875,0.0,4239.941903209476
13,1784900522.6233733,,4.727446543984115,,1.8613654481850972,,5.487203598022461,,1.8366704462096095,,3.4532187366858125,0.0,0.0,0.0,0.0,2162688,954,1056,66,-91.89009,0.08188976608216762,-0.0021486609650310127,3.709931018948555,0,0.0,0.0,0.0,,,0.7401485504623396,0,0,0.0,-115.98934,-115.98934173583984,0.0,4130.496942482273
14,1784900561.2116077,,5.610843328759074,,2.7183493366464972,,6.5984307415783405,,1.6155117028392851,,3.5595305310562253,0.0,0.0,0.0,0.0,2326528,1026,1136,71,-91.55687,0.06279340628534555,-0.001083879561338108,3.593754729628563,0,0.0,0.0,0.0,,,0.7914756234112609,0,0,0.0,-97.51507,-97.51506805419922,0.0,4245.852580697343
15,1784900600.2260706,,5.0118652754463255,,1.8523072294192389,,5.5307039502076805,,1.3770041760290042,,3.643215876072645,0.0,0.0,0.0,0.0,2490368,1100,1216,76,-88.724625,0.07956562463659793,-0.0007356350077316165,3.4574893563985825,0,0.0,0.0,0.0,,,0.8165055554296277,0,0,0.0,-95.76823,-95.76822662353516,0.0,4199.469635877291
16,1784900637.7542336,,5.925585879012942,,1.8421874742489308,,4.6192918717861176,,1.1438486757106148,,3.5298192594200373,0.0,0.0,0.0,0.0,2654208,1178,1296,81,-95.649765,0.06863548445980996,-0.00017744573124218733,3.321310769021511,0,0.0,0.0,0.0,,,0.8602783885109844,0,0,0.0,-95.26143,-95.26142883300781,0.0,4365.782905682994
17,1784900677.2902095,,3.826743417303078,,1.892330312402919,,5.663571609184146,,1.5980838757241145,,3.540404476225376,0.0,0.0,0.0,0.0,2818048,1257,1376,86,-93.07054,0.08630973612889647,-0.0008541080380382482,3.2067237943410873,0,0.0,0.0,0.0,,,0.9539828799017542,0,0,0.0,-97.689964,-97.6899642944336,0.0,4144.073628018201
18,1784900714.9512928,,5.507432967424393,,1.888923027436249,,6.332352487370372,,1.7041983298258856,,3.4399837628006935,0.0,0.0,0.0,0.0,2981888,1335,1456,91,-91.29465,0.07620224587153643,-0.0002510298843844794,3.0994426727294924,0,0.0,0.0,0.0,,,0.9242934422307915,0,0,0.0,-93.1663,-93.16629791259766,0.0,4350.379474278653
19,1784900754.1361456,,4.796791628468782,,2.739683266263455,,5.359821431338787,,1.3429767495836131,,3.433666327036917,0.0,0.0,0.0,0.0,3145728,1413,1536,96,-93.737885,0.08675617221742868,-0.0007065839090500958,2.990910014510155,0,0.0,0.0,0.0,,,1.018946855806941,0,0,0.0,-93.74588,-93.74588012695312,0.0,4181.2095807473925
20,1784900791.5972073,,4.797374703921378,,2.6543925009900704,,5.804855991154909,,1.298626778589096,,3.372526760213077,0.0,0.0,0.0,0.0,3309568,1490,1616,101,-91.53436,0.0831044354243204,-0.0020368961682834196,2.8766321927309035,0,0.0,0.0,0.0,,,1.0176321258096805,0,0,0.0,-93.38243,-93.38243103027344,0.0,4373.608630421132
21,1784900831.8211114,,4.77149288111832,,1.8518467133981176,,6.153358202427626,,1.440787846731837,,3.45891329459846,0.0,0.0,0.0,0.0,3473408,1567,1696,106,-90.972015,0.08375338769983501,-0.0006146060921309981,2.792510856688023,0,0.0,0.0,0.0,,,1.0301845048182403,0,0,0.0,-90.090744,-90.09074401855469,0.0,4073.1972615157188
22,1784900868.9922612,,5.78357016784139,,2.8092257934622467,,6.287432862445712,,1.288087876237114,,3.4263356402516365,0.0,0.0,0.0,0.0,3637248,1648,1776,111,-89.82267,0.08728048312477768,-0.0006090977825806476,2.6423775777220726,0,0.0,0.0,0.0,,,1.0724751926628766,0,0,0.0,-89.17618,-89.17617797851562,0.0,4407.719496221987
23,1784900908.624305,,4.988382551819086,,1.7244024301180616,,4.562671612948179,,1.814343903970439,,3.471435997635126,0.0,0.0,0.0,0.0,3801088,1731,1856,116,-93.0748,0.06965620517730713,-0.0005056418987805956,2.56548453271389,0,0.0,0.0,0.0,,,1.0636281614107879,0,0,0.0,-93.19306,-93.19306182861328,0.0,4134.030697078425
24,1784900948.5139918,,4.844381157308817,,2.2191883178777516,,5.963614778593183,,1.89686662517488,,3.2538342475891113,0.0,0.0,0.0,0.0,3964928,1812,1936,121,-89.917206,0.07800483589526266,-0.0004252883190929424,2.532809500396252,0,0.0,0.0,0.0,,,1.0981882823412161,0,0,0.0,-86.81887,-86.8188705444336,0.0,4107.325173600868
25,1784900986.5616944,,4.727940993034281,,2.4718050062074326,,6.562133403494954,,1.7897078860551119,,3.799334317445755,0.0,0.0,0.0,0.0,4128768,1897,2016,126,-89.83232,0.07649487254675477,-0.0006640313906245865,2.458324392139912,0,0.0,0.0,0.0,,,1.2366175425027948,0,0,0.0,-86.29048,-86.29048156738281,0.0,4306.173577769509
26,1784901027.1098158,,4.67489936389029,,2.314201677800156,,5.60482376255095,,2.02052288223058,,3.7066309433430433,0.0,0.0,0.0,0.0,4292608,1976,2096,131,-86.97977,0.07689356866758316,0.00011734393483493477,2.3483194664120672,0,0.0,0.0,0.0,,,1.1443076563022463,0,0,0.0,-98.35992,-98.35991668701172,0.0,4040.6359065451297
27,1784901069.1640565,,4.243439850979485,,1.878256486961618,,5.205460721626878,,1.503427772258874,,3.616100656799972,0.0,0.0,0.0,0.0,4456448,2058,2176,136,-92.58351,0.09151045749895274,0.00018454174569342284,2.250386057794094,0,0.0,0.0,0.0,,,1.2914263973630398,0,0,0.0,-97.05256,-97.05255889892578,0.0,3895.9182152252124
28,1784901107.160153,,5.587944076396525,,2.8976860610418953,,5.715620573610067,,2.3212549195159227,,3.9050329942256212,0.0,0.0,0.0,0.0,4620288,2142,2256,141,-89.27431,0.07496133665554225,3.502219915390015e-05,2.1995157957077027,0,0.0,0.0,0.0,,,1.2322694702699462,0,0,0.0,-89.839424,-89.83942413330078,0.0,4312.022716917432
29,1784901148.0263755,,4.893963662907481,,1.877410493325442,,5.097445459105074,,1.7512325278948992,,3.455196558497846,0.0,0.0,0.0,0.0,4784128,2223,2336,146,-90.21931,0.0904940799344331,-0.000399169945740141,2.133538454771042,0,0.0,0.0,0.0,,,1.279999609469786,0,0,0.0,-92.820885,-92.82088470458984,0.0,4009.176265669291
30,1784901189.213168,,6.2521240510977805,,1.4457655180740403,,5.043639158830047,,2.1210726944264024,,3.7525975797325373,0.0,0.0,0.0,0.0,4947968,2301,2416,151,-88.54706,0.08297073075082154,-0.00031632706813979896,2.06135920137167,0,0.0,0.0,0.0,,,1.332282346611653,0,0,0.0,-99.52713,-99.52713012695312,0.0,3977.9741982056307
31,1784901227.55118,,4.81719713894563,,2.768031832529232,,5.871133441105485,,1.4410213753581047,,3.4318029787391424,0.0,0.0,0.0,0.0,5111808,2379,2496,156,-85.28743,0.07224197930190712,9.46750515140593e-06,1.9774623602628707,0,0.0,0.0,0.0,,,1.4037032927989714,0,0,0.0,-91.74588,-91.74588012695312,0.0,4273.569562700336
32,1784901270.133174,,5.252506202086806,,2.950909040227998,,6.359181124716997,,1.5033222900819965,,3.2078422233462334,0.0,0.0,0.0,0.0,5275648,2461,2576,161,-88.75997,0.10004986696876586,0.00010745158942881972,1.8602729596197605,0,0.0,0.0,0.0,,,1.3762776119856879,0,0,0.0,-118.242775,-118.2427749633789,0.0,3847.6325564594795
33,1784901308.234212,,5.421114210039377,,2.4423227412626147,,5.979303894564509,,0.9354851645184681,,2.8032886935397983,0.0,0.0,0.0,0.0,5439488,2543,2656,166,-86.31124,0.07905246876180172,0.0003322653443319723,1.7923202142119408,0,0.0,0.0,0.0,,,1.4501029233074363,0,0,0.0,-97.594826,-97.5948257446289,0.0,4300.145057653283
34,1784901350.0070791,,5.966752152889967,,1.1845260084373876,,5.984529526904225,,1.9176184963703236,,3.6750097665935755,0.0,0.0,0.0,0.0,5603328,2627,2736,171,-89.2297,0.07445530688855798,-9.14212127099745e-05,1.7191667824983596,0,0.0,0.0,0.0,,,1.4250847386436445,0,0,0.0,-88.53174,-88.53173828125,0.0,3922.163274087008
35,1784901392.4828084,,6.638300316408277,,1.8210995418485254,,5.249581951647997,,1.3872454757802188,,2.8421150147914886,0.0,0.0,0.0,0.0,5767168,2707,2816,176,-89.190475,0.06890578246675431,0.0007679209607886151,1.652076567709446,0,0.0,0.0,0.0,,,1.6401536197062814,0,0,0.0,-88.58425,-88.5842514038086,0.0,3857.261643393337
36,1784901430.2231607,,3.798425702843815,,2.613599978358252,,5.9837147407233715,,1.4076896023470908,,3.13950817566365,0.0,0.0,0.0,0.0,5931008,2788,2896,181,-89.33211,0.09673092546872794,0.00026865432519116437,1.5707244142889976,0,0.0,0.0,0.0,,,1.4954815149526506,0,0,0.0,-90.86354,-90.86354064941406,0.0,4341.242134610766
37,1784901471.4041288,,5.199441259610467,,2.566300304897595,,5.530672362074256,,2.081510239513591,,4.296203665435314,0.0,0.0,0.0,0.0,6094848,2864,2976,186,-86.757645,0.08506736769340932,-0.0002184360826504417,1.507243176549673,0,0.0,0.0,0.0,,,1.5053071944327274,0,0,0.0,-88.66101,-88.6610107421875,0.0,3978.5368423760106
38,1784901511.343911,,5.760173024609685,,2.363025880185887,,5.135377570986748,,1.7277937242761254,,2.9212881333660334,0.0,0.0,0.0,0.0,6258688,2939,3056,191,-85.32469,0.08694891990162432,2.068735338980332e-05,1.4445243909955026,0,0.0,0.0,0.0,,,1.6022209547358954,0,0,0.0,-118.400375,-118.40037536621094,0.0,4102.178464098261
39,1784901554.8438303,,6.49323876015842,,1.2126381212146953,,6.82856310158968,,0.8990581432590261,,2.5896696466952562,0.0,0.0,0.0,0.0,6422528,3014,3136,196,-87.26993,0.08168418377172201,-8.083735301624983e-05,1.4013327479362487,0,0.0,0.0,0.0,,,1.5702660439648832,0,0,0.0,-99.77963,-99.77963256835938,0.0,3766.4445758093348
40,1784901592.4298966,,5.225208913907409,,2.307488430524245,,4.950004713609815,,2.3734905739547685,,3.932261820882559,0.0,0.0,0.0,0.0,6586368,3090,3216,201,-85.84151,0.07686257921159267,-0.00019417433577473275,1.3329891800880431,0,0.0,0.0,0.0,,,1.7072704682915458,0,0,0.0,-90.73965,-90.7396469116211,0.0,4359.05783919403
41,1784901634.3190482,,6.191296866163611,,2.6433969382196665,,6.613612528890371,,1.6893664287636057,,3.461001885589212,0.0,0.0,0.0,0.0,6750208,3167,3296,206,-86.18313,0.08379038993734866,0.00024390681865043006,1.2727055497467519,0,0.0,0.0,0.0,,,1.6985000908654992,0,0,0.0,-92.654106,-92.65410614013672,0.0,3911.2752342289377
42,1784901672.2633834,,5.245267888531089,,3.0172493308782578,,7.206797301769257,,1.674931168090552,,3.206498387735337,0.0,0.0,0.0,0.0,6914048,3246,3376,211,-83.74171,0.07636686558835208,0.0006855036022898276,1.219206376373768,0,0.0,0.0,0.0,,,1.7293330110282508,0,0,0.0,-103.8328,-103.83280181884766,0.0,4317.908391906814
43,1784901717.0901048,,5.835774643346667,,2.388667266932316,,7.791990675032139,,1.6637088701827452,,3.1697853468358517,0.0,0.0,0.0,0.0,7077888,3322,3456,216,-83.90541,0.08831538185477257,0.0007335567192058079,1.1411068901419639,0,0.0,0.0,0.0,,,1.7388319461212263,0,0,0.0,-88.04345,-88.04344940185547,0.0,3654.959701334231
44,1784901759.8106992,,5.004283038433641,,3.2219205785077065,,6.658661626279354,,1.2767280839034356,,3.510801838710904,0.0,0.0,0.0,0.0,7241728,3401,3536,221,-88.69157,0.07993481021840125,2.1538586588576435e-05,1.0928535901010037,0,0.0,0.0,0.0,,,1.6819814912452398,0,0,0.0,-90.041016,-90.041015625,0.0,3835.152628945089
45,1784901797.223804,,4.951992426067591,,2.921251121442765,,6.442787870764732,,1.6116776372655295,,3.889952600002289,0.0,0.0,0.0,0.0,7405568,3482,3616,226,-85.52593,0.0945608397712931,-0.0005563693419389892,1.0393932662904262,0,0.0,0.0,0.0,,,1.7501433903481203,0,0,0.0,-98.40926,-98.40926361083984,0.0,4379.217935808203
46,1784901839.5613163,,4.218187592923641,,2.744196429848671,,6.80711941793561,,1.7023563853581436,,2.970629737828858,0.0,0.0,0.0,0.0,7569408,3560,3696,231,-85.098526,0.06691112963017076,-9.704332478577271e-06,0.984890078753233,0,0.0,0.0,0.0,,,1.9488852959582608,0,0,0.0,-95.248,-95.24800109863281,0.0,3869.8513176264573
47,1784901877.6866848,,4.530922791454941,,3.1650576705578715,,7.563281804323196,,1.499963348505844,,3.573187687434256,0.0,0.0,0.0,0.0,7733248,3638,3776,236,-84.83836,0.07558238229248673,-4.263594455551356e-05,0.9170150235295296,0,0.0,0.0,0.0,,,1.830349264430102,0,0,0.0,-94.87404,-94.87403869628906,0.0,4297.40097135641
48,1784901919.487346,,5.054636164568365,,2.6438189949840307,,5.520035238005221,,1.766400079941377,,3.426684131845832,0.0,0.0,0.0,0.0,7897088,3712,3856,241,-83.38643,0.06416000188328326,0.0008588201308157295,0.8775035701692104,0,0.0,0.0,0.0,,,2.0095063661451342,0,0,0.0,-94.29146,-94.29145812988281,0.0,3919.55965461303
49,1784901957.657026,,5.203935443423688,,3.3347477484494448,,6.607661638408899,,1.3545693874766584,,3.528837109915912,0.0,0.0,0.0,0.0,8060928,3785,3936,246,-83.05104,0.07902500373311341,0.0008862384434905835,0.8186572659760714,0,0.0,0.0,0.0,,,1.9666232849999439,0,0,0.0,-105.020775,-105.0207748413086,0.0,4292.406974758871
50,1784902000.990294,,4.168510429735761,,2.7745103772031143,,6.722430386580527,,1.5581642219331115,,3.605503619182855,0.0,0.0,0.0,0.0,8224768,3858,4016,251,-84.94117,0.09063430167734624,0.000438626972027123,0.748166361451149,0,0.0,0.0,0.0,,,2.0013979819583603,0,0,0.0,-90.88611,-90.8861083984375,0.0,3780.9294509890756
51,1784902038.702062,,4.356725835241377,,2.702844483865192,,5.9205566719174385,,2.105180677608587,,3.7887087190756574,0.0,0.0,0.0,0.0,8388608,3938,4096,256,-85.92195,0.07508022468537093,-0.0005312623979989439,0.6949097197502851,0,0.0,0.0,0.0,,,1.8652998479670337,0,0,0.0,-101.97858,-101.97857666015625,0.0,4344.531647349231
52,1784902084.256983,,4.334043706767261,,3.299171644030139,,7.158281579613686,,1.3421329413540661,,3.7444400880485773,0.0,0.0,0.0,0.0,8552448,4016,4176,261,-83.304245,0.08374040271155536,0.0008815300243441015,0.6681070938706398,0,0.0,0.0,0.0,,,2.1033003780482282,0,0,0.0,-94.25819,-94.25818634033203,0.0,3596.5401538192878
53,1784902123.9659326,,3.9676079025957733,,3.363792063901201,,7.340312208980322,,1.596691000231658,,3.946524215862155,0.0,0.0,0.0,0.0,8716288,4086,4256,266,-84.02813,0.08373677995987236,0.0006465302387368866,0.6062051802873611,0,0.0,0.0,0.0,,,2.085849963586303,0,0,0.0,-117.47744,-117.4774398803711,0.0,4126.021462351794
54,1784902168.7271888,,4.171388213871978,,3.503281259618234,,7.416569646447897,,1.2013512462726794,,2.362709185690619,0.0,0.0,0.0,0.0,8880128,4158,4336,271,-84.6716,0.08884689633268864,0.0005376964036258869,0.5202449034899473,0,0.0,0.0,0.0,,,2.090192723506882,0,0,0.0,-87.79665,-87.7966537475586,0.0,3660.3088953282204
55,1784902207.8477905,,3.481453562853858,,3.2837427873164415,,6.510501047596335,,1.2052151578245685,,3.2621824368834496,0.0,0.0,0.0,0.0,9043968,4237,4416,276,-86.50334,0.07786097589414567,0.0011556341458344832,0.4501299785450101,0,0.0,0.0,0.0,,,2.133117203665359,0,0,0.0,-96.28856,-96.28855895996094,0.0,4188.071335236227
56,1784902252.7077568,,3.249537139199674,,3.8929135724902153,,7.490660548210144,,2.018147356575355,,4.095671074464917,0.0,0.0,0.0,0.0,9207808,4313,4496,281,-82.826904,0.08540058783255518,-3.700522356666625e-05,0.41626137122511864,0,0.0,0.0,0.0,,,2.017209457480571,0,0,0.0,-83.905464,-83.90546417236328,0.0,3652.2566189398035
57,1784902293.0482237,,4.702615072019398,,2.9512238362804055,,6.26656330190599,,1.7335401521995664,,3.1836811522953212,0.0,0.0,0.0,0.0,9371648,4388,4576,286,-83.78525,0.0895410790340975,0.0009633410518290475,0.3671059699729085,0,0.0,0.0,0.0,,,2.261015225245038,0,0,0.0,-109.73512,-109.73512268066406,0.0,4061.4274601112966
58,1784902336.850953,,3.4062705107498914,,4.039105512201786,,8.203456662595272,,1.475808069226332,,3.1863948795944452,0.0,0.0,0.0,0.0,9535488,4466,4656,291,-84.11186,0.09480411363765598,0.0005185693509702106,0.31579873617738485,0,0.0,0.0,0.0,,,2.4142827994686717,0,0,0.0,-111.424515,-111.42451477050781,0.0,3740.4070564821045
59,1784902376.46308,,6.504534385167062,,3.6617989651858807,,7.834402844309807,,1.3490369671490043,,3.209810499101877,0.0,0.0,0.0,0.0,9699328,4548,4736,296,-90.42372,0.08190667743328958,0.0007394216154352762,0.24380935905501247,0,0.0,0.0,0.0,,,2.4462122342579264,0,0,0.0,-91.68211,-91.68211364746094,0.0,4136.110878795731
60,1784902420.0752215,,4.229099883523304,,3.7584686413174495,,7.011585459113121,,1.5111067419638857,,2.9582803323864937,0.0,0.0,0.0,0.0,9863168,4627,4816,301,-81.68558,0.09701017392799258,0.0012327491233008914,0.17400435777381063,0,0.0,0.0,0.0,,,2.3577808743829154,0,0,0.0,-96.17048,-96.17047882080078,0.0,3756.747883118377
61,1784902464.7548518,,5.157574160912191,,4.018460623919964,,7.99074612557888,,1.7709495083545335,,2.8105182317085564,0.0,0.0,0.0,0.0,10027008,4706,4896,306,-80.18302,0.0829161656787619,0.0015359377415734344,0.12889010487124325,0,0.0,0.0,0.0,,,2.368992788395004,0,0,0.0,-110.17416,-110.17415618896484,0.0,3666.995436249426
62,1784902505.537869,,3.269504236523062,,4.041648428246845,,7.8409795463085175,,1.7357953818282112,,3.453506943769753,0.0,0.0,0.0,0.0,10190848,4781,4976,311,-81.59947,0.0868871073704213,0.001631753909168765,0.05987480506300926,0,0.0,0.0,0.0,,,2.447809641471788,0,0,0.0,-97.49986,-97.49986267089844,0.0,4017.361719644886
63,1784902548.6743526,,5.035671889781952,,4.000322506763041,,7.086815941147506,,1.3007271756941918,,2.8360935067757964,0.0,0.0,0.0,0.0,10354688,4859,5056,316,-82.342285,0.09354354180395603,0.000575573458627332,0.02076918035745621,0,0.0,0.0,0.0,,,2.283815789540763,0,0,0.0,-87.784966,-87.78496551513672,0.0,3798.176014906435
64,1784902585.6033044,,5.75202374253422,,3.5335005121305585,,6.45544464699924,,1.8579549201967893,,3.7603408214636147,0.0,0.0,0.0,0.0,10518528,4936,5136,321,-87.88538,0.09100306604523212,0.00013902665523346514,-0.02627422586083412,0,0.0,0.0,0.0,,,2.3999359616154265,0,0,0.0,-101.886765,-101.88676452636719,0.0,4436.625556359729
65,1784902630.9041297,,5.302431487943977,,2.290602595312521,,6.758412569761276,,1.2414509861264378,,3.2501596491783857,0.0,0.0,0.0,0.0,10682368,5011,5216,326,-84.50417,0.088067274261266,0.0005299616139382124,-0.06991248615086079,0,0.0,0.0,0.0,,,2.3854899374975718,0,0,0.0,-94.8371,-94.83709716796875,0.0,3616.7108735373486
66,1784902669.3345225,,5.457379444706021,,5.201694210991263,,7.490793149918318,,1.7473460920155048,,3.3362858276814222,0.0,0.0,0.0,0.0,10846208,5088,5296,331,-79.824905,0.09506067973561586,0.0015710057312389835,-0.0788830359466374,0,0.0,0.0,0.0,,,2.511883574946918,0,0,0.0,-94.71101,-94.71101379394531,0.0,4263.2926338157
67,1784902713.221756,,4.998636292293668,,3.8874355575535446,,7.567455405369401,,1.0998104015015997,,3.8438500743359327,0.0,0.0,0.0,0.0,11010048,5164,5376,336,-83.4817,0.07339742986951023,0.000337401800788939,-0.1184085245244205,0,0.0,0.0,0.0,,,2.4831342922924824,0,0,0.0,-95.2599,-95.25990295410156,0.0,3733.204380567026
68,1784902752.3011236,,4.60091317538172,,4.357227698201314,,7.2948947455734015,,1.0623606431181543,,3.6216060863807797,0.0,0.0,0.0,0.0,11173888,5240,5456,341,-81.46287,0.08801643599290401,0.0012752232345519588,-0.1310760673135519,0,0.0,0.0,0.0,,,2.5275279042248813,0,0,0.0,-89.162186,-89.16218566894531,0.0,4192.492598599835
69,1784902798.3275216,,3.8861326477490366,,4.36147596425144,,7.927607819437981,,1.7132599896285683,,3.821838772855699,0.0,0.0,0.0,0.0,11337728,5315,5536,346,-78.355034,0.09151900094002485,0.0021719397111155557,-0.16927748313173652,0,0.0,0.0,0.0,,,2.5607364471281393,0,0,0.0,-91.16288,-91.16287994384766,0.0,3559.7010118579524
70,1784902838.065569,,4.837254323065281,,3.2568557921331376,,7.059129970148206,,1.2715392676909687,,3.567477671895176,0.0,0.0,0.0,0.0,11501568,5387,5616,351,-81.28279,0.11120357122272254,0.0012930927230627276,-0.22213408080860972,0,0.0,0.0,0.0,,,2.562808416266615,0,0,0.0,-97.81569,-97.81568908691406,0.0,4122.994825298274
71,1784902885.5356412,,3.6428092094138265,,4.327966775745153,,7.814728002995253,,1.4456123573472723,,3.6525007151067257,0.0,0.0,0.0,0.0,11665408,5462,5696,356,-87.9901,0.07547437278553844,-0.0002297468323376961,-0.2517278649844229,0,0.0,0.0,0.0,,,2.4024403993374177,0,0,0.0,-108.34749,-108.34748840332031,0.0,3451.437729261565
72,1784902926.328592,,4.873915142379701,,4.28661058889702,,7.958142086863518,,0.9658274802495725,,2.9605429572984576,0.0,0.0,0.0,0.0,11829248,5532,5776,361,-82.047134,0.09008098999038339,0.0013214446022175252,-0.28772545605897903,0,0.0,0.0,0.0,,,2.7796411262985705,0,0,0.0,-82.83049,-82.83049011230469,0.0,4016.383074151228
73,1784902974.0166278,,7.280889758840203,,3.2332004059571773,,6.843942143023014,,1.932703470083652,,4.175518797710538,0.0,0.0,0.0,0.0,11993088,5605,5856,366,-85.89724,0.08148846237454563,0.0012129964263294824,-0.34922461286187173,0,0.0,0.0,0.0,,,2.685185793702706,0,0,0.0,-102.46034,-102.46034240722656,0.0,3435.6618735643247
74,1784903013.5312574,,4.073451356962323,,3.033808981999755,,6.9089042115956545,,1.5820937568787485,,3.4290460031479597,0.0,0.0,0.0,0.0,12156928,5676,5936,371,-81.67079,0.0887388770468533,0.0006537599474540912,-0.35215592123568057,0,0.0,0.0,0.0,,,2.6140274129369168,0,0,0.0,-116.22636,-116.22635650634766,0.0,4146.310814230022
75,1784903053.475647,,5.423930771648884,,4.434615965001285,,6.809502821415663,,1.3889055887193535,,3.317308967234567,0.0,0.0,0.0,0.0,12320768,5747,6016,376,-85.43614,0.0791141081834212,0.0007664152377401479,-0.3959998430684209,0,0.0,0.0,0.0,,,2.6152112215294117,0,0,0.0,-100.01103,-100.01103210449219,0.0,4101.701963655398
76,1784903102.2597625,,4.895591498352587,,2.968264187220484,,7.32321647927165,,2.0520657234010287,,3.5071363067254424,0.0,0.0,0.0,0.0,12484608,5821,6096,381,-86.49476,0.09899976500310004,0.001462497482134495,-0.43681985065340995,0,0.0,0.0,0.0,,,2.744856299350345,0,0,0.0,-88.7632,-88.76319885253906,0.0,3358.47847713089
77,1784903142.977956,,5.254782647534739,,2.968143687467091,,8.116988688707352,,1.6934417455922812,,3.4887726232409477,0.0,0.0,0.0,0.0,12648448,5891,6176,386,-85.895386,0.07737998974043876,0.0022184266752447003,-0.4564959449693561,0,0.0,0.0,0.0,,,2.9030892307159983,0,0,0.0,-101.71351,-101.71350860595703,0.0,4023.7432827496636
78,1784903190.5410132,,4.649214972741902,,4.32081351056695,,7.503125853836536,,1.9638803298585117,,3.8648053910583258,0.0,0.0,0.0,0.0,12812288,5965,6256,391,-84.90031,0.09566571563482285,0.0014988483366323636,-0.5178340394049883,0,0.0,0.0,0.0,,,2.8567997214947134,0,0,0.0,-112.60907,-112.60906982421875,0.0,3444.6928153966487
79,1784903231.7609348,,5.461575780063868,,5.340263429097831,,7.606420889496803,,1.5119242976652458,,3.4214090020395815,0.0,0.0,0.0,0.0,12976128,6032,6336,396,-86.76049,0.08734207721427083,0.0022426955423725304,-0.555538347736001,0,0.0,0.0,0.0,,,2.994425593906623,0,0,0.0,-89.26119,-89.26119232177734,0.0,3974.773520519295
80,1784903280.3655915,,5.5748709084582515,,3.5698345047421753,,7.202544631436467,,1.6453396180440905,,3.0030885129235685,0.0,0.0,0.0,0.0,13139968,6103,6416,401,-80.326996,0.08049039177130908,0.0012904100185551215,-0.6137035131454468,0,0.0,0.0,0.0,,,2.8900425214491143,0,0,0.0,-92.30387,-92.30387115478516,0.0,3370.8706866766447
81,1784903320.9774137,,4.455896957078949,,4.109907142119482,,7.10903060156852,,1.3877368113753619,,2.883872945967596,0.0,0.0,0.0,0.0,13303808,6174,6496,406,-82.36613,0.0803986580343917,0.0008327355732035358,-0.6645649272948504,0,0.0,0.0,0.0,,,2.948227396389874,0,0,0.0,-88.114876,-88.11487579345703,0.0,4034.2926974265247
82,1784903361.0938873,,3.2794133657262137,,5.082123288884759,,7.513535637408495,,1.893046906454856,,3.2012862688861787,0.0,0.0,0.0,0.0,13467648,6244,6576,411,-83.96305,0.08081277180463076,0.0015248850046191364,-0.7027648098766803,0,0.0,0.0,0.0,,,2.761313180531244,0,0,0.0,-103.318436,-103.31843566894531,0.0,4084.1071257915223
83,1784903409.764263,,4.56118150614202,,3.835791700767004,,6.947060679085553,,1.6348393831867725,,3.167938778642565,0.0,0.0,0.0,0.0,13631488,6310,6656,416,-81.86339,0.10065422183834016,0.0012171138296253048,-0.7719780266284942,0,0.0,0.0,0.0,,,2.691672724847095,0,0,0.0,-84.93196,-84.93196105957031,0.0,3366.319459462599
84,1784903450.7625039,,5.818169224075973,,3.7062272237380967,,7.8375443816185,,1.8464646879874635,,3.643651711754501,0.0,0.0,0.0,0.0,13795328,6377,6736,421,-83.55714,0.09921112889423966,0.0022282740916125475,-0.8514586932957172,0,0.0,0.0,0.0,,,3.187721240783042,0,0,0.0,-96.698235,-96.69823455810547,0.0,3996.2681123402795
85,1784903491.485117,,3.7412946531549096,,4.31291393651918,,7.92576601728797,,1.9210809509968385,,3.3128998277243227,0.0,0.0,0.0,0.0,13959168,6449,6816,426,-83.39697,0.09375600456260144,0.001730680832406506,-0.851636279374361,0,0.0,0.0,0.0,,,2.8998217116353535,0,0,0.0,-83.036606,-83.03660583496094,0.0,4023.3174256121756
86,1784903541.4042044,,5.467319069430232,,4.748218092136085,,6.7266456969082355,,1.1071225606792723,,3.3586604497395456,0.0,0.0,0.0,0.0,14123008,6522,6896,431,-80.39014,0.08878131464589387,0.0013322825805516913,-0.9294617075473071,0,0.0,0.0,0.0,,,2.951464820431755,0,0,0.0,-72.95298,-72.9529800415039,0.0,3282.111661466548
87,1784903581.8111923,,6.0248917259741575,,4.310569188091904,,7.0668695867061615,,1.280617390293628,,3.266449411166832,0.0,0.0,0.0,0.0,14286848,6590,6976,436,-84.06181,0.06794014091137797,0.0006804411386838183,-0.9807613208889961,0,0.0,0.0,0.0,,,2.9962144081301147,0,0,0.0,-91.0384,-91.03839874267578,0.0,4054.743809511667
88,1784903630.2779405,,5.543761528097093,,3.711619904352119,,7.454158216714859,,1.3846498169004917,,3.4685865929350257,0.0,0.0,0.0,0.0,14450688,6657,7056,441,-87.08244,0.09544018022716046,0.0009966472134692594,-0.9977516565471888,0,0.0,0.0,0.0,,,2.8901814308369773,0,0,0.0,-84.42351,-84.42350769042969,0.0,3380.463272151438
89,1784903670.977689,,6.524638023765874,,3.541580830933526,,7.054699221625924,,1.710661718971096,,3.4741463232785463,0.0,0.0,0.0,0.0,14614528,6720,7136,446,-83.50845,0.07582141393795609,0.0011012135495548137,-1.1053532257676124,0,0.0,0.0,0.0,,,2.9534107743938787,0,0,0.0,-83.07623,-83.07623291015625,0.0,4025.5762834863885
90,1784903711.6645787,,5.568313074745674,,5.26485416572541,,7.438300251960754,,0.6990509347815532,,3.098200426902622,0.0,0.0,0.0,0.0,14778368,6783,7216,451,-85.039536,0.09094045865349472,0.0015843043714994566,-1.1979583740234374,0,0.0,0.0,0.0,,,3.2902521233778854,0,0,0.0,-90.54795,-90.5479507446289,0.0,4026.849467220954
91,1784903749.4794981,,5.087469266727567,,4.4360431144014,,8.021895680576563,,1.1391770743648522,,3.037435058504343,0.0,0.0,0.0,0.0,14942208,6846,7296,456,-82.73891,0.09756174297071993,0.0023838915731175803,-1.2303099393844605,0,0.0,0.0,0.0,,,3.3611890505007196,0,0,0.0,-94.33752,-94.33751678466797,0.0,4332.682421730326
92,1784903797.641133,,6.3116591854486614,,3.8556996115949005,,7.952825613319874,,1.3658639829372987,,3.031993566546589,0.0,0.0,0.0,0.0,15106048,6907,7376,461,-82.75844,0.0871400031959638,0.0024521310806449037,-1.2795653574168682,0,0.0,0.0,0.0,,,3.2739010053565365,0,0,0.0,-77.23665,-77.23664855957031,0.0,3401.879345125721
93,1784903836.6890743,,4.566174601204693,,2.7860583185793075,,7.416933365166187,,1.2079406254997593,,2.236533631803468,0.0,0.0,0.0,0.0,15269888,6972,7456,466,-80.01457,0.08977678946685046,0.0017837907100329176,-1.315901628881693,0,0.0,0.0,0.0,,,3.5163598308439554,0,0,0.0,-91.118454,-91.11845397949219,0.0,4195.864732353705
94,1784903878.517903,,3.9791913935914636,,3.624492713715881,,7.029609903693199,,1.5038467367412522,,3.47378374543041,0.0,0.0,0.0,0.0,15433728,7036,7536,471,-82.30019,0.07275109894108027,0.0013379337717196905,-1.349544132500887,0,0.0,0.0,0.0,,,3.452123986469612,0,0,0.0,-87.85972,-87.8597183227539,0.0,3916.9180501355286
95,1784903916.8859382,,4.095426276762737,,4.186494906898588,,6.548715424723923,,1.989697240132955,,3.34539997857064,0.0,0.0,0.0,0.0,15597568,7098,7616,476,-82.75545,0.08713365937583148,0.001993709515227238,-1.3760850757360459,0,0.0,0.0,0.0,,,3.4136019623239493,0,0,0.0,-90.25497,-90.25496673583984,0.0,4270.218680936755
96,1784903966.6830184,,6.311713554896414,,3.425994999706745,,7.519803885370493,,1.943114468595013,,3.3140742126852274,0.0,0.0,0.0,0.0,15761408,7163,7696,481,-84.89421,0.0890548194758594,0.002021075636730529,-1.3977917663753032,0,0.0,0.0,0.0,,,3.6170487324365452,0,0,0.0,-72.07987,-72.07987213134766,0.0,3290.152567773772
97,1784904007.442607,,5.404179414035752,,3.9750823320355266,,7.613312033936381,,1.4526606624713168,,3.0609446961898357,0.0,0.0,0.0,0.0,15925248,7234,7776,486,-86.41403,0.09035438848659397,0.0016115545324282721,-1.4192495830357075,0,0.0,0.0,0.0,,,3.2958999503062913,0,0,0.0,-103.22334,-103.22334289550781,0.0,4019.6677986166833
98,1784904047.4755077,,5.485531161539257,,5.063936049118638,,7.867967430502176,,1.3113460592285264,,3.4750568214803934,0.0,0.0,0.0,0.0,16089088,7299,7856,491,-83.13842,0.11642842958681285,0.003192418711114442,-1.4603717550635338,0,0.0,0.0,0.0,,,3.626796946876577,0,0,0.0,-98.98527,-98.98526763916016,0.0,4092.6337256784223
99,1784904096.05064,,5.391826378181577,,4.495954803423956,,7.03056313097477,,1.295712186547462,,3.3294402342289686,0.0,0.0,0.0,0.0,16252928,7367,7936,496,-82.581505,0.08453296581283212,0.0025152313632133883,-1.4789730884134769,0,0.0,0.0,0.0,,,3.8154837540225017,0,0,0.0,-99.352646,-99.35264587402344,0.0,3372.919195077407
100,1784904136.4358716,,6.081452593207359,,3.2600706608354812,,6.333301616832614,,1.2343402323313057,,3.576971471775323,0.0,0.0,0.0,0.0,16416768,7436,8016,501,-80.860855,0.08266194527968765,0.0028830674273194745,-1.5065452948212623,0,0.0,0.0,0.0,,,3.4499052908441286,0,0,0.0,-81.95142,-81.95142364501953,0.0,4056.9307611975173
101,1784904178.2902827,,4.93113522650674,,4.6799683885183185,,7.72664207033813,,1.4685980504509644,,3.3618973940610886,0.0,0.0,0.0,0.0,16580608,7499,8096,506,-86.55773,0.0781829285202548,0.0025705561507493257,-1.5526932626962662,0,0.0,0.0,0.0,,,3.817875879595011,0,0,0.0,-78.7267,-78.72669982910156,0.0,3914.5201550634265
102,1784904227.0630138,,5.927155893296003,,4.0580528462305665,,7.585386019200087,,1.4283028716454282,,3.5879881121218204,0.0,0.0,0.0,0.0,16744448,7566,8176,511,-84.05228,0.08747354936785996,0.001824016169484821,-1.5749403849244117,0,0.0,0.0,0.0,,,3.4460267530535136,0,0,0.0,-97.54106,-97.54106140136719,0.0,3359.2538572885524
103,1784904267.3120897,,5.756968464702368,,3.363597964635119,,7.5713556027039886,,1.3659899256163044,,2.8621801687404513,0.0,0.0,0.0,0.0,16908288,7628,8256,516,-84.10774,0.0819420262472704,0.0020406296869623477,-1.6357681222259999,0,0.0,0.0,0.0,,,3.5666879048849416,0,0,0.0,-74.02293,-74.0229263305664,0.0,4070.6525696303815
104,1784904307.4166899,,5.6036359537392855,,3.65213590208441,,6.204365603625774,,1.2722981888509821,,3.03115252754651,0.0,0.0,0.0,0.0,17072128,7696,8336,521,-82.10065,0.0850696476874873,0.0018471427509211935,-1.6813992798328399,0,0.0,0.0,0.0,,,3.5816632989475052,0,0,0.0,-88.06265,-88.06265258789062,0.0,4085.3169407312707
105,1784904356.4300225,,5.2771788627433125,,5.227574626915157,,8.073656242340803,,1.3576359231956303,,3.6993557191453874,0.0,0.0,0.0,0.0,17235968,7759,8416,526,-85.4833,0.08746656810399145,0.0015127988983294927,-1.6856749467551708,0,0.0,0.0,0.0,,,3.557905743590368,0,0,0.0,-101.09926,-101.09925842285156,0.0,3342.763695383541
106,1784904397.3588424,,5.269844802096486,,5.554576795548201,,8.125302828848362,,1.4788924543972826,,3.4906422975473106,0.0,0.0,0.0,0.0,17399808,7823,8496,531,-85.46828,0.0645549257984385,0.0022501981671666726,-1.6986724019050599,0,0.0,0.0,0.0,,,3.9530157904381595,0,0,0.0,-107.97953,-107.97953033447266,0.0,4003.0470314418576
107,1784904439.5707588,,5.294013336279022,,4.097340297885239,,6.771843247115612,,1.4331669753300957,,3.7454170314595103,0.0,0.0,0.0,0.0,17563648,7890,8576,536,-87.0965,0.0970086988992989,0.0023699972793110647,-1.7376507230103015,0,0.0,0.0,0.0,,,3.748136658384703,0,0,0.0,-76.501724,-76.50172424316406,0.0,3881.370137984225
108,1784904491.066943,,5.9819502755999565,,4.539610188221559,,8.3655621483922,,1.4237936830613762,,3.329206130001694,0.0,0.0,0.0,0.0,17727488,7955,8656,541,-84.45883,0.08590992053505034,0.002156270627165213,-1.7375356718897819,0,0.0,0.0,0.0,,,3.8648792402711343,0,0,0.0,-80.253265,-80.25326538085938,0.0,3181.595060488082
109,1784904530.6562352,,3.110533256549388,,4.071415800135583,,7.106704525649548,,1.102177450666204,,3.5495066177099943,0.0,0.0,0.0,0.0,17891328,8020,8736,546,-84.19866,0.09421618795022368,0.0016379552806029096,-1.7903175808489322,0,0.0,0.0,0.0,,,3.78282199168198,0,0,0.0,-98.180374,-98.18037414550781,0.0,4138.490696259931
110,1784904573.5501976,,5.580236364621669,,4.868800351396203,,6.403694758191705,,1.397340250950947,,2.4753076303750277,0.0,0.0,0.0,0.0,18055168,8088,8816,551,-83.247284,0.08260866571217776,0.0019878095452440904,-1.7705275937914848,0,0.0,0.0,0.0,,,3.7879726746669276,0,0,0.0,-71.25094,-71.25093841552734,0.0,3819.6521787483525
111,1784904624.0913486,,4.619375649490394,,5.5301709356717765,,7.680212873965502,,1.0945221065776423,,3.4349124040454626,0.0,0.0,0.0,0.0,18219008,8156,8896,556,-81.549835,0.08045852810610085,0.002955697043216787,-1.7999538742005825,0,0.0,0.0,0.0,,,4.093582063000913,0,0,0.0,-99.24425,-99.24424743652344,0.0,3241.7147382949033
112,1784904666.354495,,5.47552527859807,,3.9736510335933417,,7.889258340001106,,0.9524520195554942,,2.8608747757971287,0.0,0.0,0.0,0.0,18382848,8226,8976,561,-84.206406,0.0976789116859436,0.002136662598059047,-1.8036521196365356,0,0.0,0.0,0.0,,,3.5892876876823285,0,0,0.0,-77.89775,-77.89775085449219,0.0,3876.6635876452847
113,1784904708.1718273,,4.2061760611250065,,3.4964368247892708,,8.425417188555002,,1.4711857109796256,,3.241332871839404,0.0,0.0,0.0,0.0,18546688,8294,9056,566,-85.01664,0.09071217437740416,0.0042153556962148285,-1.8505468420684337,0,0.0,0.0,0.0,,,4.099651130590671,0,0,0.0,-101.970184,-101.97018432617188,0.0,3917.9926851717746
114,1784904759.642394,,4.348392312822398,,5.090005407109857,,7.708739470690489,,1.7274069506675005,,3.241854473017156,0.0,0.0,0.0,0.0,18710528,8359,9136,571,-81.95604,0.08391529549844563,0.003619495237944648,-1.9110611207783221,0,0.0,0.0,0.0,,,4.240296719256214,0,0,0.0,-87.6627,-87.6626968383789,0.0,3183.1784327064292
115,1784904802.6364124,,5.556034810142592,,4.689114734064788,,7.449336941353977,,1.415434044902213,,2.8816872742027044,0.0,0.0,0.0,0.0,18874368,8418,9216,576,-81.203674,0.08009797148406506,0.0017908790207002312,-1.9415592767298222,0,0.0,0.0,0.0,,,3.933444989446997,0,0,0.0,-86.62129,-86.62129211425781,0.0,3810.764023686968
116,1784904845.6919882,,6.657721698284149,,2.7742878295839546,,6.756119588389993,,1.0896418787888251,,2.4504354134842288,0.0,0.0,0.0,0.0,19038208,8479,9296,581,-86.42919,0.0702800544211641,0.004193910771573428,-1.9453388631343842,0,0.0,0.0,0.0,,,4.242417967029392,0,0,0.0,-75.14026,-75.1402587890625,0.0,3805.313401804581
117,1784904886.9124541,,5.748437724541873,,4.943969305604696,,7.953014336526394,,1.5827600358170457,,3.0069177481345832,0.0,0.0,0.0,0.0,19202048,8540,9376,586,-85.17037,0.09823215627111495,0.00275110523798503,-1.9898957669734956,0,0.0,0.0,0.0,,,3.8095045847775495,0,0,0.0,-81.84468,-81.84468078613281,0.0,3974.724846679919
118,1784904941.0041895,,4.681582882767543,,5.004356087156339,,7.474585738382302,,1.2265714978912001,,3.5750788915902376,0.0,0.0,0.0,0.0,19365888,8604,9456,591,-84.56409,0.07455779386218638,0.0028556026154547,-2.0416807726025583,0,0.0,0.0,0.0,,,4.312957393674554,0,0,0.0,-83.82085,-83.82084655761719,0.0,3028.9281356253623
119,1784904986.480813,,5.298162910621613,,5.135645316913724,,7.9594458639621735,,1.4571725254063495,,3.3816901268437505,0.0,0.0,0.0,0.0,19529728,8667,9536,596,-79.9478,0.07672419443260878,0.0017955614799575414,-2.0869945645332337,0,0.0,0.0,0.0,,,3.985002131444449,0,0,0.0,-90.9953,-90.99530029296875,0.0,3602.72996345823
120,1784905030.2944076,,5.341001143679023,,3.918241267092526,,7.560468725860119,,1.5104593767318875,,3.5791933070868254,0.0,0.0,0.0,0.0,19693568,8724,9616,601,-84.30546,0.08931195545010269,0.0036668412751168942,-2.1147003889083864,0,0.0,0.0,0.0,,,4.122053808442904,0,0,0.0,-89.99252,-89.99252319335938,0.0,3739.478640932562
121,1784905072.0537078,,4.262560474453494,,5.301246014423668,,8.324934877455235,,1.597792755055707,,3.420826744986698,0.0,0.0,0.0,0.0,19857408,8784,9696,606,-91.90575,0.07700926333200186,0.004067623644368723,-2.1608628377318384,0,0.0,0.0,0.0,,,4.564513192061126,0,0,0.0,-80.77571,-80.77571105957031,0.0,3923.4377083903596
122,1784905115.2471623,,5.751975919120014,,4.126050733029842,,7.720527790952474,,1.6000535367129487,,3.326754530426115,0.0,0.0,0.0,0.0,20021248,8846,9776,611,-87.497215,0.10150607991963626,0.003595302547910251,-2.1765887796878816,0,0.0,0.0,0.0,,,4.107290861456329,0,0,0.0,-67.3827,-67.38269805908203,0.0,3793.168155724095
123,1784905167.372419,,5.801310484239366,,5.1843771524727345,,7.461511539295316,,1.228174716088688,,3.1081649754196405,0.0,0.0,0.0,0.0,20185088,8901,9856,616,-89.09817,0.09072673919145018,0.0022175013611558823,-2.23192940056324,0,0.0,0.0,0.0,,,4.238835247546419,0,0,0.0,-103.071976,-103.07197570800781,0.0,3143.1972177159405
124,1784905209.490624,,5.793786394642666,,3.408985198184382,,7.710768859833479,,1.5382949932245538,,2.7174499817192554,0.0,0.0,0.0,0.0,20348928,8960,9936,621,-88.04504,0.0897461574524641,0.0028091044536267874,-2.286638744175434,0,0.0,0.0,0.0,,,4.295844957416223,0,0,0.0,-85.73332,-85.73332214355469,0.0,3890.0042273707027
125,1784905250.0307167,,6.010664999485016,,5.520407250151038,,7.833430524915457,,1.4696073858067393,,3.506793142296374,0.0,0.0,0.0,0.0,20512768,9022,10016,626,-86.67798,0.08894974330905825,0.0026220489540719426,-2.3185835808515547,0,0.0,0.0,0.0,,,4.128428248653444,0,0,0.0,-92.67414,-92.67414093017578,0.0,4041.4312461843388
126,1784905293.9125752,,4.982685425784439,,4.477322772072512,,7.084777248091996,,1.699965060397517,,3.6119828396476805,0.0,0.0,0.0,0.0,20676608,9086,10096,631,-80.8931,0.08198739401996136,0.0032601059807348064,-2.3174052760004997,0,0.0,0.0,0.0,,,4.3991547929105685,0,0,0.0,-92.57393,-92.57392883300781,0.0,3733.662233607047
127,1784905335.5965607,,4.670457006432116,,5.635098908096552,,7.710205549374223,,1.5906651818659157,,3.4713414032012224,0.0,0.0,0.0,0.0,20840448,9145,10176,636,-87.082405,0.09787487436551601,0.004133183648809791,-2.3586469799280168,0,0.0,0.0,0.0,,,4.45907570204453,0,0,0.0,-75.90392,-75.90392303466797,0.0,3930.5268049546235
128,1784905390.1764524,,4.335906511405483,,3.7979851895943284,,6.741464557126164,,1.7993666243273765,,3.7186319241300225,0.0,0.0,0.0,0.0,21004288,9206,10256,641,-87.8648,0.07543330553453416,0.004142318807862466,-2.3648614436388016,0,0.0,0.0,0.0,,,4.748301309597875,0,0,0.0,-86.46926,-86.4692611694336,0.0,3001.8382875116904
129,1784905431.9181395,,4.98352880589664,,4.157119495794177,,7.396626528352499,,1.4312903338577598,,3.759410120546818,0.0,0.0,0.0,0.0,21168128,9264,10336,646,-88.35143,0.07517620772123337,0.002076344849774614,-2.403278391063213,0,0.0,0.0,0.0,,,4.238056135335561,0,0,0.0,-83.86369,-83.86369323730469,0.0,3925.0914086387193
130,1784905474.6234286,,4.702650606632233,,3.8878918095724657,,6.315700691193342,,1.4698926761047915,,3.884822241961956,0.0,0.0,0.0,0.0,21331968,9321,10416,651,-87.86893,0.07873792971950025,0.002736682519025635,-2.4397162824869154,0,0.0,0.0,0.0,,,4.431591279265265,0,0,0.0,-76.7228,-76.7228012084961,0.0,3836.528648424339
131,1784905515.1438677,,5.274096797220409,,4.435628575738519,,7.701713535934687,,1.6399307205574587,,3.5905068507418036,0.0,0.0,0.0,0.0,21495808,9378,10496,656,-85.815025,0.09274266115389765,0.0026035908878839107,-2.509426572918892,0,0.0,0.0,0.0,,,4.511754561390233,0,0,0.0,-87.533455,-87.53345489501953,0.0,4043.389509969047
132,1784905557.556967,,4.941312693990767,,3.847154788672924,,8.389221802353859,,1.2195719155715778,,3.1103141512721777,0.0,0.0,0.0,0.0,21659648,9435,10576,661,-87.610466,0.07799212478566915,0.0031729516180348583,-2.51096703261137,0,0.0,0.0,0.0,,,4.664140706390234,0,0,0.0,-82.14394,-82.1439437866211,0.0,3862.9578221347465
133,1784905602.162842,,7.0446595177054405,,3.463880217896076,,6.889426875859499,,1.6510865921736695,,3.2149518141523004,0.0,0.0,0.0,0.0,21823488,9490,10656,666,-85.717064,0.05823590878862887,0.001125720391428331,-2.5431785225868224,0,0.0,0.0,0.0,,,4.38590317361484,0,0,0.0,-79.8061,-79.80609893798828,0.0,3673.058709671269
134,1784905657.1828299,,4.860148327425122,,5.3688152227550745,,7.531761713325977,,1.7336987529415637,,3.538298336789012,0.0,0.0,0.0,0.0,21987328,9550,10736,671,-84.64766,0.10057778989430517,0.0028633161608013326,-2.5623152583837507,0,0.0,0.0,0.0,,,4.288097060173672,0,0,0.0,-91.87457,-91.87457275390625,0.0,2977.826717600758
135,1784905701.497189,,4.957203883677721,,4.787837569601834,,7.8378446120768785,,1.9129099161364138,,2.9117026808671653,0.0,0.0,0.0,0.0,22151168,9610,10816,676,-80.35576,0.07737908351700754,0.00442624360875925,-2.5685299932956696,0,0.0,0.0,0.0,,,4.923540308188007,0,0,0.0,-84.54966,-84.5496597290039,0.0,3697.2214887491227
136,1784905747.3301752,,5.282446080818772,,4.104149229824543,,8.485126458108425,,1.3606494484702125,,3.204658506438136,0.0,0.0,0.0,0.0,22315008,9673,10896,681,-83.235344,0.07462558634579182,0.00401132277220313,-2.5952927738428118,0,0.0,0.0,0.0,,,4.507915785718365,0,0,0.0,-90.049065,-90.04906463623047,0.0,3574.71800051377
137,1784905793.542484,,4.239490882027894,,4.57607651129365,,7.139443540945649,,1.8845792091451585,,3.4664009883999825,0.0,0.0,0.0,0.0,22478848,9736,10976,686,-86.26896,0.06801332235336303,0.0037255997995089274,-2.648669408261776,0,0.0,0.0,0.0,,,5.058271751015571,0,0,0.0,-75.02328,-75.02327728271484,0.0,3545.3775303673838
138,1784905838.6605995,,5.090124424314126,,3.9537850068882108,,6.7040058225393295,,1.290788087353576,,2.509044245816767,0.0,0.0,0.0,0.0,22642688,9798,11056,691,-83.356064,0.10265075624920428,0.003966509344900259,-2.6461831361055372,0,0.0,0.0,0.0,,,4.963302548843245,0,0,0.0,-75.01701,-75.01701354980469,0.0,3631.357817993271
139,1784905896.7459514,,3.461545007303357,,4.310386592987925,,7.467453582212329,,1.0475414412212558,,2.8600131208077073,0.0,0.0,0.0,0.0,22806528,9861,11136,696,-85.39608,0.08043620430398732,0.002652560062415432,-2.680310960114002,0,0.0,0.0,0.0,,,4.954444876462905,0,0,0.0,-59.40996,-59.40996170043945,0.0,2820.676269524244
140,1784905942.2355385,,5.115722962655127,,4.752699413802475,,6.506253518164158,,1.3192236395843793,,3.3598368242383003,0.0,0.0,0.0,0.0,22970368,9918,11216,701,-85.37922,0.06047443633433432,0.0022882293065777048,-2.7336953058838844,0,0.0,0.0,0.0,,,4.779350434687721,0,0,0.0,-71.19148,-71.19148254394531,0.0,3601.7042930213374
141,1784905987.7415006,,4.6801682957448065,,4.167242155817803,,7.594359926879406,,1.9440659787505865,,4.16214982047677,0.0,0.0,0.0,0.0,23134208,9976,11296,706,-86.85976,0.08161316143814475,0.0030269594222772866,-2.7464471384882927,0,0.0,0.0,0.0,,,5.007320794452504,0,0,0.0,-91.04698,-91.04698181152344,0.0,3600.405447977232
142,1784906034.6826327,,5.021220901980996,,4.854312271345407,,7.502231169492006,,1.4195653214119375,,3.4357479959726334,0.0,0.0,0.0,0.0,23298048,10037,11376,711,-85.54595,0.0686946326168254,0.006075836390664335,-2.7916742667555807,0,0.0,0.0,0.0,,,5.61318563722124,0,0,0.0,-136.40466,-136.4046630859375,0.0,3490.329856316487
143,1784906079.6345575,,5.096661674324423,,3.963838319759816,,7.238469012081623,,1.8073919517337345,,3.66869050078094,0.0,0.0,0.0,0.0,23461888,10099,11456,716,-81.98433,0.07881762061733752,0.0027039255248382686,-2.8066839292645454,0,0.0,0.0,0.0,,,4.878430592261452,0,0,0.0,-80.55454,-80.5545425415039,0.0,3644.783331455836
144,1784906138.3464215,,5.77186272945255,,3.554578274488449,,7.779955510050058,,1.9162172987125814,,3.412952688522637,0.0,0.0,0.0,0.0,23625728,10161,11536,721,-83.024796,0.08527870224788785,0.004186149440647569,-2.8096801176667214,0,0.0,0.0,0.0,,,5.379230238725538,0,0,0.0,-68.84111,-68.84111022949219,0.0,2790.576223242763
145,1784906184.1356792,,5.223223250359297,,5.202742237597704,,8.542151339352131,,1.771003623434808,,3.4889472648501396,0.0,0.0,0.0,0.0,23789568,10219,11616,726,-86.902664,0.08983447903301567,0.004610891467018518,-2.8480339616537096,0,0.0,0.0,0.0,,,5.102823295508524,0,0,0.0,-72.6082,-72.60820007324219,0.0,3578.1323725229677
146,1784906230.2907426,,5.49706825055182,,4.83385689149145,,8.178787119686604,,1.6965319884911878,,3.197162545984611,0.0,0.0,0.0,0.0,23953408,10280,11696,731,-86.35453,0.07490785154514015,0.003393541375407949,-2.8778242230415345,0,0.0,0.0,0.0,,,5.15960234204062,0,0,0.0,-66.219475,-66.21947479248047,0.0,3549.7734233015785
147,1784906276.42533,,5.602002847008407,,3.7489160802215338,,6.633224003016949,,1.5641303965821862,,3.351874412037432,0.0,0.0,0.0,0.0,24117248,10342,11776,736,-85.813614,0.07868703305721284,0.0039703807109617625,-2.9312239661812782,0,0.0,0.0,0.0,,,5.225759785175586,0,0,0.0,-68.39844,-68.3984375,0.0,3551.3476787559816
148,1784906322.8142526,,3.641659999266267,,4.350728749996051,,7.756649851799011,,1.2903558395191794,,3.700514384545386,0.0,0.0,0.0,0.0,24281088,10394,11856,741,-85.42092,0.07374283913522958,0.004146441085322294,-2.9336209401488302,0,0.0,0.0,0.0,,,5.594869955553406,0,0,0.0,-89.30312,-89.3031234741211,0.0,3531.8775615695617
149,1784906382.1337874,,5.138186231488362,,3.7356341058330145,,7.070464841090143,,1.1038023003493436,,2.5118001992814243,0.0,0.0,0.0,0.0,24444928,10458,11936,746,-85.64666,0.06950931893661619,0.002917414178955369,-2.928608275949955,0,0.0,0.0,0.0,,,5.266532455164882,0,0,0.0,-64.80519,-64.80519104003906,0.0,2761.9907233911426
150,1784906429.8192332,,7.649758830666542,,4.597071217140183,,7.655470538884401,,1.8574678257573396,,3.3498590299859643,0.0,0.0,0.0,0.0,24608768,10519,12016,751,-84.02266,0.07164548633154481,0.004489370265218895,-2.9511939987540243,0,0.0,0.0,0.0,,,5.623953203200976,0,0,0.0,-54.71689,-54.716888427734375,0.0,3435.8505655467598
151,1784906476.1169615,,5.838373601436615,,5.183150786906481,,7.845335993915796,,1.6110644632863114,,3.407930675894022,0.0,0.0,0.0,0.0,24772608,10581,12096,756,-81.9048,0.11571890013292432,0.0049617257805948615,-3.0107292354106905,0,0.0,0.0,0.0,,,5.1761440492894675,0,0,0.0,-72.75952,-72.759521484375,0.0,3538.8332916455283
152,1784906522.93563,,4.4637169619090855,,4.947505188174546,,7.833449747413397,,1.6409599604958203,,3.6398411449044943,0.0,0.0,0.0,0.0,24936448,10643,12176,761,-84.390305,0.07813445718493313,0.003786092027439736,-3.0401170536875726,0,0.0,0.0,0.0,,,5.252286346196574,0,0,0.0,-68.91753,-68.91752624511719,0.0,3499.4591362172264
153,1784906580.7363007,,2.7058999135624617,,4.9142100708559155,,8.073802525177598,,1.3945263490313664,,3.619980472140014,0.0,0.0,0.0,0.0,25100288,10706,12256,766,-81.55396,0.07492228518240154,0.005915038194507361,-3.0519926622509956,0,0.0,0.0,0.0,,,5.370770541087239,0,0,0.0,-78.78869,-78.78868865966797,0.0,2834.5692191024827
154,1784906625.6188557,,5.830857818946242,,4.397623126860708,,7.7789193810895085,,1.2046137842116877,,3.021990875713527,0.0,0.0,0.0,0.0,25264128,10768,12336,771,-85.1108,0.07724489013198763,0.00480597282294184,-3.0841490596532823,0,0.0,0.0,0.0,,,5.968499488447877,0,0,0.0,-83.16381,-83.16381072998047,0.0,3650.419073412798
155,1784906671.2245393,,5.448738589184359,,5.457325791940093,,7.783613987267017,,1.2331270919639792,,3.590764729306102,0.0,0.0,0.0,0.0,25427968,10830,12416,776,-87.76396,0.08222945285961032,0.0047835387653321956,-3.102273924648762,0,0.0,0.0,0.0,,,5.663817249909298,0,0,0.0,-76.62228,-76.62227630615234,0.0,3592.532105927322
156,1784906717.753042,,6.634557822253555,,4.599942467175424,,8.179061450064182,,1.3136363180819899,,3.646150524728,0.0,0.0,0.0,0.0,25591808,10888,12496,781,-83.9175,0.06074468675069511,0.004226851444400381,-3.1244942888617517,0,0.0,0.0,0.0,,,6.064026010350057,0,0,0.0,-68.33529,-68.33528900146484,0.0,3521.2824442504134
157,1784906763.5138192,,6.143614007160068,,4.955915929749608,,7.203500457108021,,1.8672788329422474,,3.799733892083168,0.0,0.0,0.0,0.0,25755648,10946,12576,786,-81.96244,0.07339107999578118,0.003638122266420396,-3.1403992623090744,0,0.0,0.0,0.0,,,5.896388659163344,0,0,0.0,-67.02085,-67.0208511352539,0.0,3580.357872373788
158,1784906821.8627563,,5.542489169165492,,3.188446717467741,,6.811882350593805,,1.7899971478618681,,2.878899574279785,0.0,0.0,0.0,0.0,25919488,11000,12656,791,-82.59067,0.06426695818081499,0.002511400310322642,-3.1312237948179247,0,0.0,0.0,0.0,,,5.470650998209059,0,0,0.0,-81.936844,-81.93684387207031,0.0,2807.9345257089176
159,1784906868.398948,,4.126766740810126,,4.817248224280775,,8.011730201542377,,1.7623808124335483,,3.1234027724713087,0.0,0.0,0.0,0.0,26083328,11057,12736,796,-87.80992,0.07465529209002852,0.004272621372365393,-3.133303073048592,0,0.0,0.0,0.0,,,5.79477091714525,0,0,0.0,-65.179276,-65.17927551269531,0.0,3520.7008183959956
160,1784906916.930354,,5.145412983838469,,4.631775566376746,,7.806319426745176,,1.57611387927318,,3.6026720330119133,0.0,0.0,0.0,0.0,26247168,11113,12816,801,-84.19668,0.08531431292649358,0.005485823418712244,-3.126686306297779,0,0.0,0.0,0.0,,,6.0090644251871055,0,0,0.0,-52.096638,-52.09663772583008,0.0,3375.9580785175544
161,1784906963.1872401,,6.007987395860255,,4.574156012386084,,7.678561564534903,,1.4120360981905833,,2.9681538976728916,0.0,0.0,0.0,0.0,26411008,11169,12896,806,-86.01419,0.08258101250976324,0.004680136637762189,-3.1862731710076333,0,0.0,0.0,0.0,,,6.045344360752739,0,0,0.0,-95.1534,-95.15339660644531,0.0,3541.959072009057
162,1784907009.7436404,,4.544409139780328,,5.208033723756671,,7.805577032268047,,1.4336694532539696,,2.8041503205895424,0.0,0.0,0.0,0.0,26574848,11220,12976,811,-88.3413,0.07410536061506719,0.005303647580149118,-3.2186130955815315,0,0.0,0.0,0.0,,,5.687399073037889,0,0,0.0,-65.25657,-65.2565689086914,0.0,3519.1732496342297
163,1784907056.6312315,,4.102448168559931,,3.7077981885522604,,6.8262299709022045,,1.447200977418106,,3.1667769700288773,0.0,0.0,0.0,0.0,26738688,11273,13056,816,-87.751274,0.08764939184766263,0.004226524324622005,-3.2575537458062174,0,0.0,0.0,0.0,,,5.825515342651718,0,0,0.0,-74.540085,-74.54008483886719,0.0,3494.3138891119916
164,1784907104.5729442,,5.1309100521029904,,5.160449736285955,,8.125730827450752,,1.9011407150537707,,3.658066070638597,0.0,0.0,0.0,0.0,26902528,11328,13136,821,-81.87262,0.05709961166139692,0.005391008216975024,-3.2616662055253984,0,0.0,0.0,0.0,,,6.469010912561598,0,0,0.0,-59.017963,-59.01796340942383,0.0,3417.4840656604183
165,1784907152.422278,,7.667181678116322,,3.9707648381590843,,7.878144420683384,,1.0929093201411888,,2.809987962245941,0.0,0.0,0.0,0.0,27066368,11381,13216,826,-85.2426,0.08222781950607896,0.004439138160523726,-3.265757401287556,0,0.0,0.0,0.0,,,5.920362947011795,0,0,0.0,-59.718117,-59.718116760253906,0.0,3424.0817908710924
166,1784907200.2953045,,5.4569855239242315,,4.248712711269036,,6.786022894084454,,1.604253065015655,,3.307513437466696,0.0,0.0,0.0,0.0,27230208,11439,13296,831,-83.36859,0.07989556330721825,0.0058561069483403115,-3.308334858715534,0,0.0,0.0,0.0,,,6.0715775614910585,0,0,0.0,-70.131386,-70.13138580322266,0.0,3422.385177142302
167,1784907246.7162652,,3.7639163667336106,,4.544655779609457,,7.19516783952713,,1.4061739513999783,,3.1923252157866955,0.0,0.0,0.0,0.0,27394048,11498,13376,836,-85.68443,0.06605205165687948,0.006847960181767121,-3.3020781725645065,0,0.0,0.0,0.0,,,6.430328128460218,0,0,0.0,-92.8517,-92.85169982910156,0.0,3529.4402695790072
168,1784907306.5167153,,4.754246364464052,,3.3768164966022596,,7.175467945635319,,1.7673365035443567,,3.590475767850876,0.0,0.0,0.0,0.0,27557888,11550,13456,841,-89.20956,0.07393548572435975,0.004772181062435266,-3.3110962510108948,0,0.0,0.0,0.0,,,6.214484785993774,0,0,0.0,-72.7833,-72.7833023071289,0.0,2739.7785178585377
169,1784907355.2344055,,4.490562472492456,,6.627076668664813,,8.478331752121449,,1.1842742224689573,,3.09919492341578,0.0,0.0,0.0,0.0,27721728,11609,13536,846,-84.6662,0.08612767306622118,0.005014403976383619,-3.347772793471813,0,0.0,0.0,0.0,,,6.225957362873826,0,0,0.0,-55.362114,-55.36211395263672,0.0,3363.0493640943423
170,1784907403.736807,,4.500919654965401,,4.611008828505874,,7.510026190429926,,1.6139181633479893,,3.4871634654700756,0.0,0.0,0.0,0.0,27885568,11670,13616,851,-81.70402,0.06165458888281137,0.004300468527071643,-3.339551056921482,0,0.0,0.0,0.0,,,5.798617722464032,0,0,0.0,-69.56419,-69.56419372558594,0.0,3377.977433365753
171,1784907451.0158393,,5.801761141046882,,5.3104068618267775,,7.402221094816923,,1.556328323786147,,3.4129630215466022,0.0,0.0,0.0,0.0,28049408,11724,13696,856,-91.38813,0.07667596493847668,0.0053620157996192575,-3.3501852795481684,0,0.0,0.0,0.0,,,6.163009646865314,0,0,0.0,-66.9901,-66.99009704589844,0.0,3465.3839542100545
172,1784907497.6289096,,4.457956531550735,,3.4600070607848465,,7.359257973730564,,1.4577370306869852,,3.603809792548418,0.0,0.0,0.0,0.0,28213248,11783,13776,861,-85.79289,0.07195589162874967,0.004970323834277224,-3.376374399662018,0,0.0,0.0,0.0,,,6.2820228769884565,0,0,0.0,-76.77225,-76.77224731445312,0.0,3514.894289906152
173,1784907546.147807,,3.587422103737481,,4.132196448626928,,7.002622936852276,,1.3966600561980158,,3.0220909509807825,0.0,0.0,0.0,0.0,28377088,11847,13856,866,-87.41069,0.06139790762681514,0.003266322595300153,-3.416013850271702,0,0.0,0.0,0.0,,,6.199683857581727,0,0,0.0,-89.051186,-89.05118560791016,0.0,3376.827995555038
174,1784907609.1932094,,4.54042999073863,,3.835884890286252,,7.303705355152488,,1.9490366775426082,,3.913964545354247,0.0,0.0,0.0,0.0,28540928,11902,13936,871,-86.20686,0.07566029231529683,0.004453995417861734,-3.4267569571733474,0,0.0,0.0,0.0,,,5.8283653963257205,0,0,0.0,-78.69823,-78.69822692871094,0.0,2598.7621244838974
175,1784907657.7226477,,5.225867086555809,,3.56904325861251,,7.455400936305523,,1.435853309230879,,3.344718001317233,0.0,0.0,0.0,0.0,28704768,11957,14016,876,-86.26649,0.05647490122355521,0.0032859893384738826,-3.4227866515517236,0,0.0,0.0,0.0,,,6.321913057832781,0,0,0.0,-83.75779,-83.7577896118164,0.0,3376.0957490364194
176,1784907706.8891308,,4.929935554973781,,3.55009940059972,,7.177552403882146,,2.3837935956544243,,3.6777816293761134,0.0,0.0,0.0,0.0,28868608,12019,14096,881,-86.93007,0.06685887854546309,0.004167932913696859,-3.40209581553936,0,0.0,0.0,0.0,,,5.592649663658932,0,0,0.0,-77.15638,-77.15637969970703,0.0,3332.3512238949684
177,1784907755.6730726,,6.116286963224411,,5.5062429420650005,,8.923451900482178,,1.5668482772889547,,2.8703714814037085,0.0,0.0,0.0,0.0,29032448,12080,14176,886,-87.85376,0.09270720975473523,0.004555824212729931,-3.4275417923927307,0,0.0,0.0,0.0,,,6.056963648643088,0,0,0.0,-75.333694,-75.33369445800781,0.0,3358.4816732784516
178,1784907801.3888927,,4.602161180227995,,4.247695062076673,,7.720092651434243,,1.2538531993777724,,3.105033654719591,0.0,0.0,0.0,0.0,29196288,12146,14256,891,-84.44951,0.08068987312726676,0.002363957164925523,-3.45825814306736,0,0.0,0.0,0.0,,,5.7229418498443705,0,0,0.0,-99.72323,-99.72322845458984,0.0,3583.879741986849
179,1784907863.6803143,,5.458427583798766,,4.703962303465232,,6.662427308037877,,1.8525421526283026,,3.6669427109882236,0.0,0.0,0.0,0.0,29360128,12207,14336,896,-88.220856,0.056201893649995324,0.0028973751250305213,-3.4563361302018167,0,0.0,0.0,0.0,,,5.570529741794634,0,0,0.0,-78.32737,-78.3273696899414,0.0,2630.218179875768
180,1784907910.810844,,5.445645707659423,,4.74630041513592,,7.868285197764635,,1.4404431332150125,,3.0739826895296574,0.0,0.0,0.0,0.0,29523968,12273,14416,901,-85.11156,0.07315218122676015,0.004922451132733841,-3.4477461636066438,0,0.0,0.0,0.0,,,5.943913951179141,0,0,0.0,-80.09717,-80.09716796875,0.0,3476.302429528018
181,1784907958.6653478,,6.0076160239987075,,4.953539464622736,,7.235126793384552,,1.2708826669404516,,3.3273168466985226,0.0,0.0,0.0,0.0,29687808,12334,14496,906,-89.06886,0.06900408826768398,0.005199248768622056,-3.422185391187668,0,0.0,0.0,0.0,,,6.08862378490987,0,0,0.0,-87.983765,-87.9837646484375,0.0,3423.710873461359
182,1784908007.2093117,,3.974092388525605,,5.2724310994381085,,8.241348341107368,,1.3221465644892305,,3.093979104887694,0.0,0.0,0.0,0.0,29851648,12397,14576,911,-86.74947,0.08119849371723831,0.004778235043340828,-3.41026731133461,0,0.0,0.0,0.0,,,5.932859020397261,0,0,0.0,-83.45219,-83.45218658447266,0.0,3375.085401618266
183,1784908069.9957519,,5.976163158193231,,4.873406814294867,,7.392175858840346,,1.6295056155649945,,3.357452694326639,0.0,0.0,0.0,0.0,30015488,12459,14656,916,-86.06578,0.08892258771229536,0.004726323889917694,-3.3859372094273565,0,0.0,0.0,0.0,,,5.494923591802864,0,0,0.0,-74.5547,-74.55470275878906,0.0,2609.4803956234077
184,1784908120.8146,,5.856930622830987,,4.240260100923479,,8.318793810904026,,1.4124237041687593,,3.0973120918497443,0.0,0.0,0.0,0.0,30179328,12529,14736,921,-86.86207,0.05907393461093306,0.0037975692219333725,-3.4100507736206054,0,0.0,0.0,0.0,,,6.021985488833889,0,0,0.0,-71.42505,-71.425048828125,0.0,3224.0010792449075
185,1784908169.1628675,,4.426465057767928,,4.651733468199382,,7.424097023904324,,1.4249045713222586,,3.02029877260793,0.0,0.0,0.0,0.0,30343168,12595,14816,926,-84.72484,0.09535217620432376,0.0045549795439001175,-3.422639846801758,0,0.0,0.0,0.0,,,5.524531853456363,0,0,0.0,-80.54681,-80.54680633544922,0.0,3388.749041180512
186,1784908232.4219704,,6.201054393313825,,5.5362816993147135,,7.460782444104552,,1.501942282775417,,3.594612767919898,0.0,0.0,0.0,0.0,30507008,12658,14896,931,-84.48348,0.0791713380953297,0.0031277750480512624,-3.4348532125353812,0,0.0,0.0,0.0,,,5.315506059958347,0,0,0.0,-95.25447,-95.25447082519531,0.0,2589.9810486787433
187,1784908283.4526644,,4.3678563251160085,,4.805556060746312,,7.415526509284973,,1.3595750369131565,,3.3388759614899755,0.0,0.0,0.0,0.0,30670848,12722,14976,936,-87.438095,0.08552286417689174,0.0053919378988211975,-3.448724479973316,0,0.0,0.0,0.0,,,6.17446193508863,0,0,0.0,-83.340546,-83.34054565429688,0.0,3210.6165554828035
188,1784908334.798743,,5.955805657431483,,4.713366734795272,,7.401449577882886,,1.2829865902313031,,2.7691477187909186,0.0,0.0,0.0,0.0,30834688,12789,15056,941,-84.40922,0.07315278693567961,0.0024591798297478817,-3.438650889694691,0,0.0,0.0,0.0,,,5.569286879276884,0,0,0.0,-61.272713,-61.27271270751953,0.0,3190.8966224096994
189,1784908401.1839077,,4.098551734350622,,4.528352905763313,,7.939447928220034,,1.9206249713897705,,3.461794462054968,0.0,0.0,0.0,0.0,30998528,12855,15136,946,-85.840065,0.0872955606551841,0.003884383854892803,-3.435224364697933,0,0.0,0.0,0.0,,,5.699186979315035,0,0,0.0,-57.98036,-57.9803581237793,0.0,2468.021544144887
190,1784908449.494106,,4.899488535011187,,3.182365968823433,,7.242361158132553,,1.508298487169668,,3.2845404418185353,0.0,0.0,0.0,0.0,31162368,12920,15216,951,-83.533,0.07217852200847119,0.0018076775551890023,-3.44970925450325,0,0.0,0.0,0.0,,,5.4918173230614125,0,0,0.0,-84.777626,-84.77762603759766,0.0,3391.4155350765986
191,1784908499.5509825,,5.594760505482554,,4.852254206198268,,7.2639835719019175,,1.989706470631063,,3.6695833690464497,0.0,0.0,0.0,0.0,31326208,12986,15296,956,-82.51592,0.07991026176605373,0.004420937146642245,-3.436843790113926,0,0.0,0.0,0.0,,,5.896225290314968,0,0,0.0,-74.69936,-74.6993637084961,0.0,3273.076529875349
192,1784908566.5398564,,5.384465107927099,,4.697375523392111,,8.130037225782871,,1.3865186052862555,,3.3234546845778823,0.0,0.0,0.0,0.0,31490048,13050,15376,961,-87.55286,0.07404747612308711,0.0034946535131894054,-3.465069290995598,0,0.0,0.0,0.0,,,5.886008400353504,0,0,0.0,-60.621376,-60.621376037597656,0.0,2445.7799939185124
193,1784908616.4368691,,5.212312559597194,,5.072740400210023,,7.955101393163204,,1.679701083630789,,3.332230714149773,0.0,0.0,0.0,0.0,31653888,13115,15456,966,-83.077934,0.09518516261596233,0.0032018364130635747,-3.4773377761244775,0,0.0,0.0,0.0,,,5.365899429482258,0,0,0.0,-90.7052,-90.7052001953125,0.0,3283.56274564653
194,1784908666.1638863,,7.088476670905948,,4.967726922332076,,8.155975406989455,,1.588362027250696,,3.5685566440224648,0.0,0.0,0.0,0.0,31817728,13179,15536,971,-85.35766,0.08656865791417659,0.003964641330821905,-3.445846916735172,0,0.0,0.0,0.0,,,5.79221274837522,0,0,0.0,-86.55028,-86.55027770996094,0.0,3294.7880771168047
195,1784908716.320376,,6.6560436598956585,,5.4312734212726355,,8.333921525627375,,1.6725539244362153,,2.9568856256082654,0.0,0.0,0.0,0.0,31981568,13247,15616,976,-87.37361,0.09126292215660214,0.0035676442144904285,-3.458637085556984,0,0.0,0.0,0.0,,,5.48743761026663,0,0,0.0,-89.88807,-89.88806915283203,0.0,3266.5764520796465
196,1784908781.6843216,,4.71149691613391,,5.364712162408978,,7.561513744294643,,1.5942216833354905,,3.091427171602845,0.0,0.0,0.0,0.0,32145408,13316,15696,981,-83.09504,0.07927587581798434,0.0038085380219854414,-3.474350316822529,0,0.0,0.0,0.0,,,5.833388742591962,0,0,0.0,-90.87474,-90.87474060058594,0.0,2506.580353986047
197,1784908833.8919244,,5.478947213850915,,4.3576753383968025,,7.468447629362345,,1.550883946911199,,3.522987710312009,0.0,0.0,0.0,0.0,32309248,13385,15776,986,-86.36885,0.08202408640645445,0.002255377155961469,-3.4755241945385933,0,0.0,0.0,0.0,,,5.488611833534305,0,0,0.0,-57.58944,-57.589439392089844,0.0,3138.2406346761736
198,1784908900.8158953,,5.241827228164766,,5.488464226946235,,8.034491278231144,,1.126929361053044,,2.8063105093315244,0.0,0.0,0.0,0.0,32473088,13453,15856,991,-86.558014,0.08559528461191804,0.003241939585132059,-3.4764491125941275,0,0.0,0.0,0.0,,,5.350961336895512,0,0,0.0,-79.104385,-79.10438537597656,0.0,2448.15103782819
199,1784908952.3219185,,5.562091032043099,,2.96460029669106,,6.676749875769019,,1.5408972252043895,,2.8552945284172893,0.0,0.0,0.0,0.0,32636928,13526,15936,996,-81.7444,0.08160119957756251,0.00448038486065343,-3.5006438717246056,0,0.0,0.0,0.0,,,5.9439155769828576,0,0,0.0,-63.844166,-63.84416580200195,0.0,3180.9892762255035
200,1784909002.523474,,6.01781127974391,,4.0567867358913645,,7.241887729614973,,1.6569767508190125,,3.2893581967800856,0.0,0.0,0.0,0.0,32800768,13598,16016,1001,-84.53618,0.09232787764631212,0.004024349671817617,-3.5094590365886686,0,0.0,0.0,0.0,,,5.581174070021607,0,0,0.0,-61.82296,-61.822959899902344,0.0,3263.6424975313566
201,1784909069.636352,,5.081621713761706,,4.248852708842605,,7.5692416448146105,,1.6217961540678516,,3.523369086906314,0.0,0.0,0.0,0.0,32964608,13671,16096,1006,-84.85325,0.09483441095799208,0.0043335767797543666,-3.5213016510009765,0,0.0,0.0,0.0,,,5.759659644213483,0,0,0.0,-82.292435,-82.29243469238281,0.0,2441.260056499124
202,1784909120.4264936,,5.238033605273813,,5.1765181322116405,,7.985186707228422,,1.7140428675338626,,3.4839020390063524,0.0,0.0,0.0,0.0,33128448,13740,16176,1011,-82.3406,0.07768124414142222,0.004584072214493062,-3.5629750341176987,0,0.0,0.0,0.0,,,5.863208876092323,0,0,0.0,-81.106445,-81.1064453125,0.0,3225.822280246413
203,1784909189.0833535,,5.211661793291569,,4.513465218478814,,7.695817332714796,,2.0194199681282043,,3.6616985057480633,0.0,0.0,0.0,0.0,33292288,13807,16256,1016,-84.715385,0.08007912188768387,0.005322105769300834,-3.5813824817538262,0,0.0,0.0,0.0,,,5.456069727344557,0,0,0.0,-95.01932,-95.01931762695312,0.0,2386.360701751569
204,1784909241.4317544,,4.353485596366227,,3.8802866428159177,,6.6196382930502295,,1.6664681085330812,,3.5329649201594293,0.0,0.0,0.0,0.0,33456128,13870,16336,1021,-84.54799,0.07427334699314088,0.0050043327923049215,-3.588287875056267,0,0.0,0.0,0.0,,,5.620157778790922,0,0,0.0,-70.54592,-70.5459213256836,0.0,3129.798889532421
205,1784909293.0936553,,5.491416165605187,,4.104424328543246,,7.329916199669242,,1.7192799031545292,,3.368691394571215,0.0,0.0,0.0,0.0,33619968,13939,16416,1026,-81.631,0.0892605020897463,0.002778304672392551,-3.5614848345518113,0,0.0,0.0,0.0,,,5.429146904596694,0,0,0.0,-72.34706,-72.34706115722656,0.0,3171.3892958586334
206,1784909363.6277835,,4.637327827513218,,4.179340035188943,,7.795208767056465,,1.220768105413299,,2.9363132501021028,0.0,0.0,0.0,0.0,33783808,14004,16496,1031,-84.320854,0.0742781930603087,0.004607634781132219,-3.6041259109973907,0,0.0,0.0,0.0,,,6.1514081470779365,0,0,0.0,-49.547394,-49.547393798828125,0.0,2322.8475230835
207,1784909415.08517,,6.160887596197426,,4.662324900468775,,7.315228004008532,,1.4784260501619428,,3.3351472625508904,0.0,0.0,0.0,0.0,33947648,14071,16576,1036,-87.400635,0.08515188784804195,0.004943191130587365,-3.6103733241558076,0,0.0,0.0,0.0,,,5.689365789060637,0,0,0.0,-74.43382,-74.43382263183594,0.0,3183.9929861317346
208,1784909469.2460172,,5.947579345665872,,5.0351667328504845,,8.036819975823164,,1.8015791848301888,,3.261078642681241,0.0,0.0,0.0,0.0,34111488,14144,16656,1041,-88.403824,0.07342550952453167,0.0035274189911433497,-3.6270705685019493,0,0.0,0.0,0.0,,,5.876135856116022,0,0,0.0,-45.94414,-45.94414138793945,0.0,3025.063624602922
209,1784909539.4828494,,6.142831118777394,,3.5461833130102605,,6.075789267197251,,0.832298393943347,,2.449835343286395,0.0,0.0,0.0,0.0,34275328,14216,16736,1046,-81.467415,0.07469935906119644,0.0039226911554578695,-3.610983283817768,0,0.0,0.0,0.0,,,5.791800546308852,0,0,0.0,-42.5651,-42.565101623535156,0.0,2332.6814624332856
210,1784909593.2367284,,4.497464215382934,,4.403185904957354,,7.637045085430145,,1.1422458954621106,,3.3636829163879156,0.0,0.0,0.0,0.0,34439168,14278,16816,1051,-85.49416,0.08503753889817744,0.00420210606753244,-3.6518251284956933,0,0.0,0.0,0.0,,,5.774622584495179,0,0,0.0,-56.838764,-56.83876419067383,0.0,3047.9640939362175
211,1784909644.2255685,,6.477455236017704,,5.282313909847289,,7.098740227520466,,1.8643060559406877,,3.685142295435071,0.0,0.0,0.0,0.0,34603008,14346,16896,1056,-83.74127,0.08989524862263351,0.0045616635965416204,-3.6493058815598487,0,0.0,0.0,0.0,,,5.766214432066776,0,0,0.0,-71.451645,-71.45164489746094,0.0,3213.2508949146577
212,1784909713.6927407,,4.075192238087766,,5.480597785208374,,7.8494638204574585,,1.6334567504236475,,3.373054997064173,0.0,0.0,0.0,0.0,34766848,14412,16976,1061,-86.083824,0.08212097205687315,0.0034836340782931075,-3.675559212267399,0,0.0,0.0,0.0,,,5.882987271219099,0,0,0.0,-71.67141,-71.6714096069336,0.0,2358.523782483632
213,1784909765.5611956,,5.7373890513554215,,4.036907413974404,,7.379371486604214,,1.5939203894231468,,3.0853938311338425,0.0,0.0,0.0,0.0,34930688,14476,17056,1066,-86.171585,0.08943214903119952,0.004398116401716834,-3.7169342815876005,0,0.0,0.0,0.0,,,5.546239624367348,0,0,0.0,-68.05321,-68.05320739746094,0.0,3158.760983591708
214,1784909819.4730127,,4.929794666823,,5.087247810442932,,7.956941146403551,,1.2413362110964954,,3.249302301555872,0.0,0.0,0.0,0.0,35094528,14542,17136,1071,-87.07768,0.10100739616900682,0.0034412611741572617,-3.7111094161868095,0,0.0,0.0,0.0,,,5.375304164359652,0,0,0.0,-55.677307,-55.67730712890625,0.0,3039.036251860355
215,1784909890.764738,,5.715235210955143,,4.792170326691121,,7.626720815896988,,1.6394802439026535,,3.7178985425271094,0.0,0.0,0.0,0.0,35258368,14610,17216,1076,-84.36418,0.09095581064466388,0.00431954375380883,-3.718178951740265,0,0.0,0.0,0.0,,,5.948323909599539,0,0,0.0,-51.62522,-51.625221252441406,0.0,2298.163002672376
216,1784909942.2412896,,3.307176867965609,,5.676209852099419,,7.907719910144806,,2.4183088215067983,,3.5010265838354826,0.0,0.0,0.0,0.0,35422208,14674,17296,1081,-87.2292,0.10194069775752723,0.0032588315953034908,-3.7398339033126833,0,0.0,0.0,0.0,,,5.890399024395526,0,0,0.0,-67.48021,-67.48020935058594,0.0,3182.808392177832
217,1784909994.8305426,,4.07664840167854,,5.055884250905365,,7.977287825196981,,1.191268268157728,,2.9871337732765824,0.0,0.0,0.0,0.0,35586048,14738,17376,1086,-86.07243,0.09131656903773547,0.005195504752919078,-3.738071209192276,0,0.0,0.0,0.0,,,6.113878058366807,0,0,0.0,-104.25913,-104.2591323852539,0.0,3115.464522642794
218,1784910065.2819972,,5.288226313423365,,4.253911380656064,,7.530149910598993,,1.4327894637244754,,3.0185571778565645,0.0,0.0,0.0,0.0,35749888,14803,17456,1091,-86.14433,0.08538410852197557,0.00461966245493386,-3.7540116354823114,0,0.0,0.0,0.0,,,5.992780948314403,0,0,0.0,-82.411766,-82.4117660522461,0.0,2325.573451992038
219,1784910117.9366298,,5.844978452660143,,5.211261088843457,,7.503948286175728,,1.252503246651031,,2.892480669543147,0.0,0.0,0.0,0.0,35913728,14870,17536,1096,-83.04363,0.06905251864809543,0.005031381394655909,-3.7864740610122682,0,0.0,0.0,0.0,,,6.133633188253961,0,0,0.0,-64.84872,-64.84871673583984,0.0,3111.5965283325045
220,1784910171.2985168,,5.584994712844491,,4.616337336192373,,7.624497534707189,,1.4214481669478118,,3.1839786376804113,0.0,0.0,0.0,0.0,36077568,14935,17616,1101,-84.78447,0.09543078122660517,0.00383369192131795,-3.803136187791824,0,0.0,0.0,0.0,,,5.422621676685294,0,0,0.0,-63.98821,-63.98820877075195,0.0,3070.3567776552422
221,1784910243.2660027,,5.168620950134937,,3.8699515990447253,,8.443935308605433,,1.2801643536658958,,2.7543183183297515,0.0,0.0,0.0,0.0,36241408,15004,17696,1106,-84.557755,0.09299398015718907,0.0026264807740517425,-3.8272873878479006,0,0.0,0.0,0.0,,,5.767362939367949,0,0,0.0,-57.8232,-57.82320022583008,0.0,2276.5832176462336
222,1784910296.0184317,,4.942320522386581,,4.077214925637236,,7.276804689317942,,1.2198468472342938,,2.865419468143955,0.0,0.0,0.0,0.0,36405248,15068,17776,1111,-85.088745,0.09729591584764422,0.005198391154408455,-3.854769802093506,0,0.0,0.0,0.0,,,5.574649739108968,0,0,0.0,-70.19649,-70.19648742675781,0.0,3105.8292793764545
223,1784910349.311583,,5.080354008823633,,3.150973726515076,,7.167590074241161,,0.8174003462772816,,2.6650878216605633,0.0,0.0,0.0,0.0,36569088,15131,17856,1116,-84.90837,0.10173571999184787,0.0033973190184042323,-3.8190649136900903,0,0.0,0.0,0.0,,,5.927984283067798,0,0,0.0,-60.913666,-60.913665771484375,0.0,3074.3164504480715
224,1784910403.0188224,,4.328004317358136,,4.343426679261029,,6.8476576916873455,,0.9681200491831987,,2.682903513778001,0.0,0.0,0.0,0.0,36732928,15197,17936,1121,-88.36131,0.0907472847495228,0.0037628453152137808,-3.8143394023180006,0,0.0,0.0,0.0,,,5.754342745957925,0,0,0.0,-53.77813,-53.77812957763672,0.0,3050.6122103204007
225,1784910474.3427444,,6.050195544958115,,3.4515205898787826,,7.491567470133305,,1.3896166820995859,,3.4254500409588218,0.0,0.0,0.0,0.0,36896768,15258,18016,1126,-87.83853,0.07458680183626712,0.002372759579156991,-3.8774946495890616,0,0.0,0.0,0.0,,,5.824158222305551,0,0,0.0,-77.25308,-77.25308227539062,0.0,2297.12657423105
226,1784910525.9119883,,5.208008771733148,,4.94940928183496,,7.850538492202759,,1.7780884195963154,,3.9005679241381586,0.0,0.0,0.0,0.0,37060608,15321,18096,1131,-84.563065,0.09736795863136649,0.0046522610486135815,-3.8505642026662827,0,0.0,0.0,0.0,,,6.133875065443932,0,0,0.0,-66.8239,-66.82389831542969,0.0,3177.0866779392218
227,1784910577.957643,,5.611900775693357,,4.573325552046299,,7.924819458276033,,1.3485727485385723,,2.8315383940935135,0.0,0.0,0.0,0.0,37224448,15383,18176,1136,-82.26652,0.09297262574546039,0.003129940236976836,-3.8535769402980806,0,0.0,0.0,0.0,,,5.912159977391835,0,0,0.0,-75.32407,-75.3240737915039,0.0,3148.003997480391
228,1784910631.006233,,5.4592615546425804,,4.424637919291854,,8.40678982436657,,1.094370809441898,,2.481804061681032,0.0,0.0,0.0,0.0,37388288,15446,18256,1141,-87.653915,0.0732588523067534,0.0036924732514307832,-3.8544224724173546,0,0.0,0.0,0.0,,,5.399799548246997,0,0,0.0,-57.643303,-57.64330291748047,0.0,3088.492881393398
229,1784910702.2864523,,5.008969890186563,,5.683889556676149,,7.761600259691477,,0.9281532070599496,,2.5543493358418345,0.0,0.0,0.0,0.0,37552128,15508,18336,1146,-83.35221,0.07039970483165234,0.004312863133964129,-3.851994726061821,0,0.0,0.0,0.0,,,6.40882711379245,0,0,0.0,-78.80211,-78.80210876464844,0.0,2298.5320450780937
230,1784910754.3239436,,4.557320782914758,,3.9693980175070465,,7.274352079257369,,2.1787821466568857,,3.867406500503421,0.0,0.0,0.0,0.0,37715968,15568,18416,1151,-84.56128,0.07460714459884912,0.0050239059564773925,-3.8640946611762046,0,0.0,0.0,0.0,,,6.312472455333205,0,0,0.0,-90.463615,-90.46361541748047,0.0,3148.500226843499
231,1784910807.060328,,5.677483333274722,,3.5883405501954257,,7.043799934908748,,1.5634561717160977,,3.4356786916032434,0.0,0.0,0.0,0.0,37879808,15627,18496,1156,-81.35301,0.09328363093081862,0.0035386164381634444,-3.8733637645840644,0,0.0,0.0,0.0,,,5.59030976290052,0,0,0.0,-78.12564,-78.12564086914062,0.0,3106.7720586982887
232,1784910860.9690616,,4.537621266208589,,3.0644271546043456,,6.881438582204282,,1.1648926325142384,,2.578311653342098,0.0,0.0,0.0,0.0,38043648,15688,18576,1161,-80.96644,0.10633464721031487,0.004261457869142759,-3.860110466182232,0,0.0,0.0,0.0,,,5.951261319398712,0,0,0.0,-62.384655,-62.3846549987793,0.0,3039.21106895346
233,1784910935.0511353,,6.177966606337577,,3.942905306175817,,7.355044186115265,,1.9984158559236676,,3.7835367023944855,0.0,0.0,0.0,0.0,38207488,15752,18656,1166,-87.2289,0.084275580663234,0.005258070965646766,-3.851945772767067,0,0.0,0.0,0.0,,,5.591034241306346,0,0,0.0,-58.846306,-58.84630584716797,0.0,2211.6015907595215
234,1784910989.3251548,,5.292250155471265,,4.349545445293188,,6.630780212581158,,1.280405968427658,,3.199379425495863,0.0,0.0,0.0,0.0,38371328,15818,18736,1171,-86.549164,0.07560202106833458,0.002481472741055768,-3.843737231194973,0,0.0,0.0,0.0,,,5.528519074808037,0,0,0.0,-61.49807,-61.498069763183594,0.0,3018.755170195553
235,1784911044.5980244,,5.060119768604636,,3.8454193575307727,,7.313519008457661,,0.9617279868689366,,3.0175394390244037,0.0,0.0,0.0,0.0,38535168,15878,18816,1176,-87.327,0.08952087652869523,0.004246553731354652,-3.850983515381813,0,0.0,0.0,0.0,,,5.796609964773771,0,0,0.0,-51.82831,-51.82830810546875,0.0,2964.2023291605647
236,1784911098.0176597,,4.545080485986546,,4.682243929419201,,8.241596464067698,,1.9782802191912197,,3.4807774459477514,0.0,0.0,0.0,0.0,38699008,15942,18896,1181,-85.69179,0.07042261329479516,0.002365931833628565,-3.850603590905666,0,0.0,0.0,0.0,,,5.389710891776983,0,0,0.0,-68.58351,-68.58351135253906,0.0,3067.037108216652
237,1784911171.1151798,,5.149532193318009,,4.561984986066818,,7.528734654188156,,1.480602943629492,,3.033859081333503,0.0,0.0,0.0,0.0,38862848,16006,18976,1186,-85.84965,0.0711774181574583,0.005225083415280096,-3.862621746957302,0,0.0,0.0,0.0,,,6.171367772845819,0,0,0.0,-72.375465,-72.3754653930664,0.0,2241.3892769360314
238,1784911224.276188,,5.132136554457247,,6.027160100638866,,8.077734000980854,,1.6694712212483864,,3.335875920020044,0.0,0.0,0.0,0.0,39026688,16066,19056,1191,-81.18404,0.07961427106056362,0.004284223607101012,-3.86761554479599,0,0.0,0.0,0.0,,,5.7509658146621305,0,0,0.0,-66.40288,-66.40287780761719,0.0,3081.959088654481
239,1784911278.8774478,,4.590132515877485,,4.3729449808597565,,7.048834450542927,,1.2733181565999985,,3.4445119136944413,0.0,0.0,0.0,0.0,39190528,16132,19136,1196,-80.77963,0.06831435728818178,0.0023833342755096966,-3.883902184665203,0,0.0,0.0,0.0,,,5.6806200797601765,0,0,0.0,-67.113464,-67.11346435546875,0.0,3000.66230714064
240,1784911332.7001228,,4.9871125584468246,,3.9891885279212147,,7.4391465820372105,,1.0869122750591487,,2.9350137477740645,0.0,0.0,0.0,0.0,39354368,16195,19216,1201,-81.39394,0.07940667318180203,0.004041626565594925,-3.9165264114737512,0,0.0,0.0,0.0,,,5.607429666652083,0,0,0.0,-77.39183,-77.39183044433594,0.0,3044.070722674288
241,1784911407.860136,,4.387043965980411,,5.129109122790396,,7.624070858582854,,0.8446710731368512,,3.0204164469614625,0.0,0.0,0.0,0.0,39518208,16255,19296,1206,-87.2993,0.07630299786105751,0.002434356608137023,-3.915555764734745,0,0.0,0.0,0.0,,,5.647955469680257,0,0,0.0,-71.75787,-71.75787353515625,0.0,2179.882225240251
242,1784911462.5439188,,4.462038944475353,,3.95829901448451,,8.413771763443947,,2.040017098770477,,3.1548860343173146,0.0,0.0,0.0,0.0,39682048,16315,19376,1211,-89.49327,0.07603507363237441,0.004288867663126439,-3.971578474342823,0,0.0,0.0,0.0,,,6.214900516543194,0,0,0.0,-46.979786,-46.97978591918945,0.0,2996.135474833693
243,1784911517.6480968,,5.607061529299244,,3.745575719512999,,7.664627432823181,,1.4815311855636537,,3.529070373624563,0.0,0.0,0.0,0.0,39845888,16376,19456,1216,-86.75322,0.06023095003329217,0.005909362643433269,-4.0188499867916105,0,0.0,0.0,0.0,,,6.944132599533452,0,0,0.0,-61.18864,-61.18864059448242,0.0,2973.2769323196835
244,1784911570.345619,,4.609373795101419,,4.659067220054567,,7.925398778170347,,1.602355445502326,,3.3312751608900726,0.0,0.0,0.0,0.0,40009728,16438,19536,1221,-83.02462,0.07883628592826426,0.0034708335500909016,-4.030249252915382,0,0.0,0.0,0.0,,,6.3474811428076405,0,0,0.0,-68.2784,-68.27839660644531,0.0,3109.0656848145395
245,1784911623.4461706,,4.81633874354884,,4.972298820503056,,8.250245824456215,,1.5875374025199562,,2.9351679421961308,0.0,0.0,0.0,0.0,40173568,16486,19616,1226,-85.23492,0.06743303569965065,0.004051644956052769,-4.055180782079697,0,0.0,0.0,0.0,,,6.265068063486403,0,0,0.0,-69.14143,-69.14143371582031,0.0,3085.4667873621
246,1784911677.5694802,,4.10796616692096,,4.177366038784385,,6.776903010904789,,1.6268008685437962,,3.071026038378477,0.0,0.0,0.0,0.0,40337408,16541,19696,1231,-80.65673,0.06179891075007617,0.002876933230436407,-4.043458163738251,0,0.0,0.0,0.0,,,6.3586082824285,0,0,0.0,-58.413727,-58.413726806640625,0.0,3027.162056399209
247,1784911733.0931537,,4.9543813650961965,,5.273977930191904,,7.738253120332956,,1.8188641098095104,,3.782138442620635,0.0,0.0,0.0,0.0,40501248,16588,19776,1236,-91.85758,0.04232150283642113,0.002795226020680275,-4.038807800412178,0,0.0,0.0,0.0,,,5.87476197957681,0,0,0.0,-54.647644,-54.64764404296875,0.0,2950.8125730194197
248,1784911786.4702306,,3.696501540252939,,4.511625421000645,,8.014810215681791,,1.2746268855698872,,3.216292451834306,0.0,0.0,0.0,0.0,40665088,16640,19856,1241,-76.27789,0.062428597593680024,0.0035625337965029757,-4.086888831853867,0,0.0,0.0,0.0,,,5.939373965675389,0,0,0.0,-64.729164,-64.72916412353516,0.0,3069.4831605357826
249,1784911839.7951677,,5.834224419668317,,4.273622559849173,,6.9723800756037235,,1.7962960130535066,,3.3458627841901034,0.0,0.0,0.0,0.0,40828928,16687,19936,1246,-83.13062,0.056086680223234,0.002789590403699549,-4.126214382052422,0,0.0,0.0,0.0,,,6.257929664100223,0,0,0.0,-55.927345,-55.927345275878906,0.0,3072.4826971504826
250,1784911893.3710694,,4.859568054089323,,4.881429515662603,,7.0651837810873985,,1.2661735760048032,,2.8098989924183115,0.0,0.0,0.0,0.0,40992768,16738,20016,1251,-80.05559,0.03694311163853854,0.004374765048851259,-4.137620624899864,0,0.0,0.0,0.0,,,6.1561239851722505,0,0,0.0,-62.368885,-62.3688850402832,0.0,3058.0920139962736
251,1784911947.1311357,,4.017890607719892,,5.312654026784003,,7.597105838358402,,1.1563592779566534,,2.2397904144600034,0.0,0.0,0.0,0.0,41156608,16792,20096,1256,-82.29258,0.06825693116988987,0.004189125018456252,-4.142399430274963,0,0.0,0.0,0.0,,,6.090853455115708,0,0,0.0,-52.158978,-52.15897750854492,0.0,3047.6154566934865
252,1784911998.9283288,,4.980207638582215,,4.94574639480561,,7.834963947534561,,1.1416932055726647,,2.86740162409842,0.0,0.0,0.0,0.0,41320448,16843,20176,1261,-80.64418,0.04708940355340019,0.003401985850359779,-4.164936009049415,0,0.0,0.0,0.0,,,6.331857986370732,0,0,0.0,-73.748436,-73.7484359741211,0.0,3163.104703022392
253,1784912052.0447595,,6.097032930701971,,3.743127209600061,,7.0528908632695675,,1.7924770776880905,,3.02816741168499,0.0,0.0,0.0,0.0,41484288,16880,20256,1266,-85.57975,0.05796370999887586,0.003434079883663799,-4.184052211046219,0,0.0,0.0,0.0,,,5.930659742539424,0,0,0.0,-100.42384,-100.42384338378906,0.0,3084.5454785223988
254,1784912107.4371312,,5.195153909735382,,5.295023862272501,,8.384859152138233,,1.5801953998743556,,3.572590444236994,0.0,0.0,0.0,0.0,41648128,16927,20336,1271,-79.54387,0.04932126770727337,0.0034157819172833115,-4.200104707479477,0,0.0,0.0,0.0,,,6.746256183803181,0,0,0.0,-54.855732,-54.85573196411133,0.0,2957.807265850353
255,1784912162.9207222,,4.637461190286558,,4.779125741915777,,7.110738083720207,,1.2185056720045395,,3.5099325550254434,0.0,0.0,0.0,0.0,41811968,16980,20416,1276,-79.50663,0.0528566743247211,0.003360434812202584,-4.208374330401421,0,0.0,0.0,0.0,,,6.545352102793508,0,0,0.0,-51.931892,-51.93189239501953,0.0,2952.945373688879
256,1784912216.9459124,,5.218926817178726,,4.595278491033241,,7.765400744974613,,1.3371353526599705,,3.0688597599510103,0.0,0.0,0.0,0.0,41975808,17030,20496,1281,-83.488846,0.047375773813109846,0.0023774000219418667,-4.241114464402199,0,0.0,0.0,0.0,,,6.586193171137074,0,0,0.0,-56.642853,-56.642852783203125,0.0,3032.6590780308106
257,1784912272.3740687,,7.279752418398857,,4.6514869725797325,,6.8167792446911335,,1.0397120760353573,,3.73919089557603,0.0,0.0,0.0,0.0,42139648,17076,20576,1286,-83.17704,0.059431748231872916,0.004624986092676408,-4.230376318097115,0,0.0,0.0,0.0,,,6.478900416684917,0,0,0.0,-60.611763,-60.61176300048828,0.0,2955.8984978027224
258,1784912327.397657,,4.450108747696504,,4.413041705265641,,7.572613158263266,,1.0768406410352327,,2.916794354096055,0.0,0.0,0.0,0.0,42303488,17124,20656,1291,-80.632034,0.06342166056856513,0.003987320598389488,-4.251798489689827,0,0.0,0.0,0.0,,,6.477446404074885,0,0,0.0,-58.608772,-58.60877227783203,0.0,2977.632386954567
259,1784912382.5412433,,3.8931879494339228,,3.7323871289845556,,7.194924410432577,,1.2594482277927455,,2.448481061728671,0.0,0.0,0.0,0.0,42467328,17167,20736,1296,-83.96678,0.04109187728026882,0.00240280339421588,-4.256573829054832,0,0.0,0.0,0.0,,,6.543334693593172,0,0,0.0,-65.44065,-65.4406509399414,0.0,2971.1517905955616
260,1784912436.406535,,5.695973141118884,,4.724310748279095,,7.491240184754133,,1.7159438272938132,,3.215612033382058,0.0,0.0,0.0,0.0,42631168,17207,20816,1301,-80.275185,0.019781755283474922,0.0023863018417614513,-4.253626906871796,0,0.0,0.0,0.0,,,6.6219667200644805,0,0,0.0,-89.28505,-89.28504943847656,0.0,3041.66320220787
261,1784912471.5250554,,3.9207263058051467,,5.023943008854985,,8.206547433510423,,1.32524038858719,,3.0305719701573253,0.0,0.0,0.0,0.0,42795008,17244,20896,1306,-86.742355,0.04318658655975014,0.005283348777447827,-4.241558548808098,0,0.0,0.0,0.0,,,7.010784339281889,0,0,0.0,-66.76573,-66.76573181152344,0.0,4665.341852811326
262,1784912525.9957979,,4.5791225717402995,,3.2683193424600177,,6.897889068350196,,1.3105344423092902,,3.616885398514569,0.0,0.0,0.0,0.0,42958848,17286,20976,1311,-85.76797,0.05044888063566759,0.0038353386116796173,-4.231734836101532,0,0.0,0.0,0.0,,,6.427144849564127,0,0,0.0,-59.89611,-59.89611053466797,0.0,3007.854486038356
263,1784912580.4564292,,6.708408882841468,,4.251633925596252,,6.497271806001663,,1.159465558885131,,2.9547073203139007,0.0,0.0,0.0,0.0,43122688,17327,21056,1316,-81.561386,0.061071469378657636,0.0039056240115314723,-4.267255026102066,0,0.0,0.0,0.0,,,6.610413127223818,0,0,0.0,-65.86773,-65.86772918701172,0.0,3008.4112463451747
264,1784912636.819507,,5.211406066082418,,3.4436213359003887,,6.743593204300851,,0.9621120846713893,,2.563705495558679,0.0,0.0,0.0,0.0,43286528,17369,21136,1321,-75.30301,0.06096128453500569,0.0037568822495813946,-4.250145080685615,0,0.0,0.0,0.0,,,6.900178256352194,0,0,0.0,-54.48924,-54.48923873901367,0.0,2906.867504305073
265,1784912691.7960672,,5.025412067770958,,3.8332526832527947,,7.480567414313555,,1.3378432528406847,,2.831766731105745,0.0,0.0,0.0,0.0,43450368,17413,21216,1326,-89.85521,0.04520998996449634,0.0036988533327530606,-4.246012589335441,0,0.0,0.0,0.0,,,6.499088757441477,0,0,0.0,-44.416782,-44.41678237915039,0.0,2980.1782936300433
266,1784912744.7556467,,4.081844526808709,,4.329238986829296,,8.096142364665866,,1.3873837306164205,,2.491677161306143,0.0,0.0,0.0,0.0,43614208,17459,21296,1331,-90.805885,0.0709327858639881,0.004687314246257302,-4.269368931651115,0,0.0,0.0,0.0,,,6.413442625833881,0,0,0.0,-56.175392,-56.175392150878906,0.0,3093.6802709786293
267,1784912799.2998664,,3.986447851639241,,4.247996957274154,,7.706756358966231,,1.6075402428396046,,3.3614930626936257,0.0,0.0,0.0,0.0,43778048,17508,21376,1336,-77.60124,0.04503028967883438,0.002899858300224878,-4.250569629669189,0,0.0,0.0,0.0,,,6.316363398431948,0,0,0.0,-62.256664,-62.25666427612305,0.0,3003.8039406399143
268,1784912854.8680663,,5.225975343491882,,4.198584170080721,,7.276312932372093,,1.7973003000952303,,3.5415839310735464,0.0,0.0,0.0,0.0,43941888,17556,21456,1341,-84.00182,0.07562358712311834,0.006371154730004491,-4.251259046792984,0,0.0,0.0,0.0,,,6.347607004741243,0,0,0.0,-45.177387,-45.17738723754883,0.0,2948.4463535660784
269,1784912909.4870663,,5.334564263466746,,4.084145622327924,,7.646682960912585,,0.8435269330220763,,3.6705193296074867,0.0,0.0,0.0,0.0,44105728,17607,21536,1346,-86.928154,0.0504782126750797,0.003128271441528341,-4.266953298449517,0,0.0,0.0,0.0,,,6.4087779081982745,0,0,0.0,-53.340015,-53.34001541137695,0.0,2999.6895575792173
270,1784912963.8435922,,5.321933850646019,,3.9304593857377768,,7.665930297225714,,1.3737160082382616,,3.0222100811079144,0.0,0.0,0.0,0.0,44269568,17660,21616,1351,-84.163345,0.07935045552439987,0.004079368821112439,-4.267645719647407,0,0.0,0.0,0.0,,,6.178056535541737,0,0,0.0,-60.940388,-60.94038772583008,0.0,3014.1725824144146
271,1784913016.589975,,4.671702957712114,,4.6966851013712585,,8.238818626850843,,1.5276585251376673,,3.6531713139265776,0.0,0.0,0.0,0.0,44433408,17715,21696,1356,-86.98132,0.047134400706272575,0.00503866932776873,-4.272545129060745,0,0.0,0.0,0.0,,,7.296884578656157,0,0,0.0,-59.470753,-59.47075271606445,0.0,3106.1853689911036
272,1784913071.269995,,4.548514069174416,,4.796687364578247,,7.809914033859968,,1.8178980212542228,,3.3708331920206547,0.0,0.0,0.0,0.0,44597248,17761,21776,1361,-86.68913,0.046355745173059404,0.003321572343702428,-4.287953543663025,0,0.0,0.0,0.0,,,6.6951028083729245,0,0,0.0,-59.76245,-59.762451171875,0.0,2996.343789637149
273,1784913103.3308418,,4.497464075684547,,4.130207590060309,,7.176132891327143,,1.4909027266548946,,2.810979876667261,0.0,0.0,0.0,0.0,44761088,17797,21856,1366,-87.58483,0.029225803032750262,0.005162710191507358,-4.333663108944893,0,0.0,0.0,0.0,,,7.299033421073501,0,0,0.0,-69.34855,-69.34854888916016,0.0,5110.27910157227
274,1784913157.6872518,,4.933354387176223,,3.578827677956724,,7.631085999310017,,1.2310502782929689,,3.040385205531493,0.0,0.0,0.0,0.0,44924928,17840,21936,1371,-79.22711,0.05564874222036451,0.00562849630805431,-4.332740008831024,0,0.0,0.0,0.0,,,6.947212272421899,0,0,0.0,-57.08972,-57.0897216796875,0.0,3014.1781170761406
275,1784913211.3884125,,5.490164386574179,,4.488583802012727,,8.20511631667614,,0.9503111563390121,,2.4411649769172072,0.0,0.0,0.0,0.0,45088768,17876,22016,1376,-68.812256,0.04570277561433613,0.0038147372280946,-4.338416469097138,0,0.0,0.0,0.0,,,7.034447345380558,0,0,0.0,-53.10264,-53.102638244628906,0.0,3050.9583263317736
276,1784913265.6606827,,4.368074636440724,,3.59969763783738,,6.734428573399782,,1.5700684481998906,,2.97429371974431,0.0,0.0,0.0,0.0,45252608,17921,22096,1381,-65.41996,0.04710788941010833,0.003509748067881446,-4.333872601389885,0,0.0,0.0,0.0,,,6.254603122792523,0,0,0.0,-66.339455,-66.3394546508789,0.0,3018.8533688741522
277,1784913319.0390832,,5.241316789761186,,3.304586794693023,,7.129981890320778,,1.7151577968616039,,2.9925611848011613,0.0,0.0,0.0,0.0,45416448,17966,22176,1386,-81.22307,0.02999318587826565,0.006472848966222955,-4.345085820555687,0,0.0,0.0,0.0,,,7.268979992322491,0,0,0.0,-52.751118,-52.75111770629883,0.0,3069.4068457530257
278,1784913372.406883,,5.005629863590002,,4.654228079598397,,7.661015838384628,,1.4981450652703643,,2.9291670001111925,0.0,0.0,0.0,0.0,45580288,18010,22256,1391,-79.433014,0.05422434252686799,0.005065717273100745,-4.347350478172302,0,0.0,0.0,0.0,,,7.217754635817495,0,0,0.0,-66.118065,-66.1180648803711,0.0,3070.0154283994448
279,1784913405.5057833,,4.594751650001854,,3.8292420597281307,,7.608634838834405,,1.7537610780709656,,3.342096689157188,0.0,0.0,0.0,0.0,45744128,18047,22336,1396,-63.021503,0.0443409783532843,0.003774384675489273,-4.347827151417732,0,0.0,0.0,0.0,,,6.7799976234252455,0,0,0.0,-60.615887,-60.61588668823242,0.0,4950.02098782959
280,1784913461.8318818,,5.103146648034453,,4.808244472369552,,7.250862782821059,,1.388474629202392,,2.9634939786046743,0.0,0.0,0.0,0.0,45907968,18088,22416,1401,-73.29079,0.0544334911275655,0.0035263841622509063,-4.385428035259247,0,0.0,0.0,0.0,,,6.249391473976415,0,0,0.0,-54.93374,-54.933738708496094,0.0,2908.772912398612
281,1784913517.4140859,,5.264470507390797,,5.85003950400278,,8.104711659252644,,1.2771346073714085,,2.9668696178123355,0.0,0.0,0.0,0.0,46071808,18135,22496,1406,-67.956375,0.05498278187587857,0.004499303994816728,-4.376001998782158,0,0.0,0.0,0.0,,,6.520231984792376,0,0,0.0,-68.04147,-68.04147338867188,0.0,2947.7060278954887
282,1784913571.281548,,4.445660808632965,,2.91639235423645,,6.894407570362091,,1.2968178410784503,,2.4491392518393695,0.0,0.0,0.0,0.0,46235648,18180,22576,1411,-86.2708,0.05479269239585847,0.006940112407755805,-4.399798965454101,0,0.0,0.0,0.0,,,7.229941325316287,0,0,0.0,-77.57393,-77.57392883300781,0.0,3041.539074204796
283,1784913624.8567784,,4.975593634007964,,3.8643933078856207,,6.5287279058247805,,0.7830591144738719,,2.8838549135252833,0.0,0.0,0.0,0.0,46399488,18226,22656,1416,-77.65152,0.047082994529046115,0.005007581824611407,-4.370197656750679,0,0.0,0.0,0.0,,,7.194146213521741,0,0,0.0,-50.055916,-50.05591583251953,0.0,3058.130823384984
284,1784913679.8243456,,4.8908062756527215,,3.853645739145577,,6.602781075052917,,1.232168510032352,,2.54369962727651,0.0,0.0,0.0,0.0,46563328,18262,22736,1421,-80.15131,0.053885300923138854,0.002082443351537222,-4.407119965553283,0,0.0,0.0,0.0,,,6.319710294894071,0,0,0.0,-66.697464,-66.69746398925781,0.0,2980.665618348166
285,1784913735.3424485,,5.351094980724156,,3.606488393852487,,6.384355006739497,,1.5044092945754528,,3.00112497061491,0.0,0.0,0.0,0.0,46727168,18303,22816,1426,-78.11184,0.05083093119319528,0.0031078346612048334,-4.388302192091942,0,0.0,0.0,0.0,,,6.485388373458773,0,0,0.0,-61.61029,-61.61029052734375,0.0,2951.110691294426
286,1784913769.5174067,,4.79008476017043,,3.344152435893193,,6.401840443722904,,1.2594274060938915,,2.4388440581969917,0.0,0.0,0.0,0.0,46891008,18348,22896,1431,-82.002304,0.05592469284310937,0.0035255265807791147,-4.415460497140884,0,0.0,0.0,0.0,,,6.4670063883327344,0,0,0.0,-70.750595,-70.75059509277344,0.0,4794.152920428375
287,1784913825.388309,,5.4786185175180435,,4.645205895649269,,7.903293389827013,,0.7750866370042786,,1.6060884506441653,0.0,0.0,0.0,0.0,47054848,18391,22976,1436,-82.19663,0.04852551906369627,0.00449484791024588,-4.438843494653701,0,0.0,0.0,0.0,,,7.33706304200202,0,0,0.0,-82.43742,-82.43742370605469,0.0,2932.473686838395
288,1784913881.8833008,,3.437596345320344,,3.9457186619983986,,7.303084428422153,,1.3242879265453666,,2.596633364446461,0.0,0.0,0.0,0.0,47218688,18435,23056,1441,-89.8957,0.03641784586943686,0.004506865282019134,-4.45326954126358,0,0.0,0.0,0.0,,,7.451921920312553,0,0,0.0,-62.87688,-62.87688064575195,0.0,2900.080132263886
289,1784913937.2537053,,5.543174643535167,,3.24140301119769,,6.5153141133487225,,1.5291829349007457,,2.632284816354513,0.0,0.0,0.0,0.0,47382528,18478,23136,1446,-76.220604,0.06112529295496642,0.0019804022660537155,-4.459687602519989,0,0.0,0.0,0.0,,,6.413491687303188,0,0,0.0,-75.41191,-75.41191101074219,0.0,2958.9813585896845
290,1784913992.9027317,,5.255869240500033,,2.849887276533991,,6.769477240741253,,0.6535631287260912,,1.9882199354469776,0.0,0.0,0.0,0.0,47546368,18529,23216,1451,-82.144196,0.04607741017825902,0.0007328000632696785,-4.458464899659157,0,0.0,0.0,0.0,,,6.5284933167482535,0,0,0.0,-80.53944,-80.53943634033203,0.0,2944.166705064893
291,1784914048.2526062,,4.578725723549724,,4.158727205358446,,7.366182394325733,,0.6192023375479039,,2.266476876102388,0.0,0.0,0.0,0.0,47710208,18572,23296,1456,-77.24568,0.052515209768898785,0.004001450006035157,-4.4659681677818295,0,0.0,0.0,0.0,,,6.3698593065153855,0,0,0.0,-56.353638,-56.3536376953125,0.0,2960.0787801501538
292,1784914104.1998682,,5.757351987995207,,3.7910572355161776,,7.025986611843109,,1.8417181745462585,,3.0647805519402027,0.0,0.0,0.0,0.0,47874048,18619,23376,1461,-78.67439,0.05721396855078638,0.005451640876708552,-4.474511051177979,0,0.0,0.0,0.0,,,7.137928138705294,0,0,0.0,-88.19139,-88.19139099121094,0.0,2928.4725195369456
293,1784914159.5914907,,4.162389424163848,,3.4808771137613803,,7.787242019549012,,1.0043264826526865,,3.3115204703062773,0.0,0.0,0.0,0.0,48037888,18658,23456,1466,-78.284805,0.04511171993799508,0.004602575601893477,-4.481076475977898,0,0.0,0.0,0.0,,,7.046710475393484,0,0,0.0,-78.70984,-78.7098388671875,0.0,2957.8479227337266
294,1784914216.163592,,3.793207945418544,,4.416169004980475,,7.5539834797382355,,1.0592445341171697,,2.2060215240344405,0.0,0.0,0.0,0.0,48201728,18708,23536,1471,-72.46078,0.04115696474909782,0.003599829044833314,-4.483228370547295,0,0.0,0.0,0.0,,,7.614815365451777,0,0,0.0,-78.47872,-78.47872161865234,0.0,2896.127932664618
295,1784914271.0791245,,5.01144299749285,,5.079341544769704,,7.889842139557004,,1.1821570724714547,,1.9430889806244522,0.0,0.0,0.0,0.0,48365568,18751,23616,1476,-74.75238,0.04740045556100085,0.002876427723094821,-4.489379623532296,0,0.0,0.0,0.0,,,6.641338535886352,0,0,0.0,-98.61081,-98.61080932617188,0.0,2983.4916286530947
296,1784914326.372527,,4.553802437148988,,3.903249214636162,,6.885623731650412,,1.0210650096996687,,1.8641013745218515,0.0,0.0,0.0,0.0,48529408,18804,23696,1481,-89.30701,0.04784280647290871,0.003576606200658716,-4.5079017877578735,0,0.0,0.0,0.0,,,6.495949841315435,0,0,0.0,-76.49462,-76.49462127685547,0.0,2963.1006206778425
297,1784914382.1365743,,4.394420022144914,,5.431061640847474,,7.927905488759279,,1.082263734715525,,2.4240326532162726,0.0,0.0,0.0,0.0,48693248,18852,23776,1486,-78.13768,0.06905448683537543,0.003482711242395453,-4.496961519122124,0,0.0,0.0,0.0,,,6.585083582633734,0,0,0.0,-102.80168,-102.80168151855469,0.0,2938.094048608619
298,1784914414.694601,,4.775426592677832,,4.026546110399067,,7.41468925960362,,0.7602379003219539,,2.1062078326940536,0.0,0.0,0.0,0.0,48857088,18897,23856,1491,-80.91768,0.06140783706214279,0.005120587091369089,-4.492131507396698,0,0.0,0.0,0.0,,,6.744645461927794,0,0,0.0,-111.057434,-111.05743408203125,0.0,5032.248183614786
299,1784914469.7623417,,5.456468928605318,,3.5441727400757372,,7.653954587876797,,1.0958542008302175,,2.5143856764771044,0.0,0.0,0.0,0.0,49020928,18938,23936,1496,-87.524445,0.037514181656297295,0.0022681568530970252,-4.506798297166824,0,0.0,0.0,0.0,,,6.416105616965959,0,0,0.0,-87.7343,-87.73429870605469,0.0,2975.243470808565
300,1784914525.3267019,,5.386834463570267,,2.9550540044147056,,7.468553464859724,,1.4625005115522072,,2.7244129590690136,0.0,0.0,0.0,0.0,49184768,18974,24016,1501,-73.20516,0.056731331371702255,0.002566826694237534,-4.506427684426308,0,0.0,0.0,0.0,,,6.902450815525066,0,0,0.0,-59.0164,-59.01639938354492,0.0,2948.65272914857
301,1784914580.062963,,4.465748869115487,,4.518616799432493,,7.61023030616343,,1.2145196992787533,,2.3035010835155845,0.0,0.0,0.0,0.0,49348608,19017,24096,1506,-75.579025,0.06126802132930607,0.003646681805548724,-4.517298457026482,0,0.0,0.0,0.0,,,6.903401699369996,0,0,0.0,-100.666885,-100.66688537597656,0.0,2993.263453640934
302,1784914635.568908,,4.5586519804783165,,3.7298309756442904,,6.478960188105702,,1.5580385481007397,,3.148611979559064,0.0,0.0,0.0,0.0,49512448,19058,24176,1511,-90.60782,0.061879053339362146,0.005011623766768026,-4.476725015044212,0,0.0,0.0,0.0,,,6.353501795579196,0,0,0.0,-60.555565,-60.555564880371094,0.0,2951.75503879476
303,1784914668.0849266,,4.651479679741897,,4.193774883169681,,6.544431084766984,,1.7181702645029873,,3.125322232954204,0.0,0.0,0.0,0.0,49676288,19094,24256,1516,-69.22304,0.03611602055607364,0.0051710832602111624,-4.506432545185089,0,0.0,0.0,0.0,,,7.1912773830355,0,0,0.0,-78.18174,-78.1817398071289,0.0,5038.7529420069695
304,1784914724.2214477,,4.779167687520385,,2.7709860680624843,,7.2659617848694324,,0.6635086273308843,,1.8443881860002875,0.0,0.0,0.0,0.0,49840128,19138,24336,1521,-85.09474,0.048035923182033,0.004659043397987261,-4.502808862924576,0,0.0,0.0,0.0,,,7.573259110626401,0,0,0.0,-83.02815,-83.02815246582031,0.0,2918.5972376201016
305,1784914774.18162,,5.190702800173312,,4.787775566801429,,7.837824150919914,,0.8878714748425409,,2.2274495870806277,0.0,0.0,0.0,0.0,49971200,19177,24400,1525,-78.34192,0.04998459639027715,0.005102222264395095,-4.502521651983261,0,0.0,0.0,0.0,,,7.7360006595162645,0,0,0.0,-75.34361,-75.34361267089844,0.0,3279.4120929874866
