# _tick,_time,plr_track_ground_roughness,track_ground_roughness,plr_track_pit_gap_low,track_pit_gap_low,plr_track_pit_gap_high,track_pit_gap_high,plr_track_stump_height_low,track_stump_height_low,plr_track_stump_height_high,track_stump_height_high,plr_track_stair_height_low,track_stair_height_low,plr_track_stair_height_high,track_stair_height_high,plr_track_stair_steps,track_stair_steps,mean_env_return,adversary_env_pg_loss,adversary_env_value_loss,adversary_env_dist_entropy,steps,total_episodes,total_seeds,total_student_grad_updates,mean_agent_return,agent_value_loss,agent_pg_loss,agent_dist_entropy,mean_adversary_agent_return,adversary_value_loss,adversary_pg_loss,adversary_dist_entropy,kl_loss_advagent_agent,kl_loss_agent_advagent,agent_grad_norm,adversary_grad_norm,adversary_env_grad_norm,solved_rate:BipedalWalker-MADS-Hard-Eval-v0,test_returns:BipedalWalker-MADS-Hard-Eval-v0,target_agent_return,target_solved_rate,sps
0,1784033547.4495997,,8.0,,6.0,,10.0,,1.0,,4.0,,2.0,,5.0,,8.0,0.0,0.0,0.0,0.0,32768,392,408,1,-110.0657,0.5995634138584137,-0.0008124890824547038,5.687739965319634,0,0.0,0.0,0.0,,,0.38518061785516094,0,0,0.0,-102.20619,-102.20619201660156,0.0,1826.7846004002452
1,1784033644.5602205,,8.0,,6.0,,10.0,,1.0,,4.0,,2.0,,5.0,,8.0,0.0,0.0,0.0,0.0,196608,2318,2414,6,-104.5874,0.12251780098304152,-0.0016398421925259755,5.656718897819519,0,0.0,0.0,0.0,,,0.48499867636796345,0,0,0.0,-105.35344,-105.35343933105469,0.0,1687.1485028393552
2,1784033729.858434,,8.0,,6.0,,10.0,,1.0,,4.0,,2.0,,5.0,,8.0,0.0,0.0,0.0,0.0,360448,3891,4067,11,-112.11006,0.08415732337161899,-0.006192231568275019,5.582780441641807,0,0.0,0.0,0.0,,,0.43156852358639686,0,0,0.0,-118.47306,-118.47306060791016,0.0,1920.790030337179
3,1784033794.741942,,8.0,,6.0,,10.0,,1.0,,4.0,,2.0,,5.0,,8.0,0.0,0.0,0.0,0.0,524288,4174,4430,16,-129.97499,0.019136904343031346,-0.003921031559002586,5.512867668271065,0,0.0,0.0,0.0,,,0.38495393283475704,0,0,0.0,-139.48344,-139.4834442138672,0.0,2525.142500893933
4,1784033854.9713645,,8.0,,6.0,,10.0,,1.0,,4.0,,2.0,,5.0,,8.0,0.0,0.0,0.0,0.0,688128,4284,4620,21,-128.96594,0.014075196333578788,-0.0032865119574125856,5.371282723546028,0,0.0,0.0,0.0,,,0.41433147859194436,0,0,0.0,-125.90389,-125.90389251708984,0.0,2720.2647174197245
5,1784033914.1581588,,8.0,,6.0,,10.0,,1.0,,4.0,,2.0,,5.0,,8.0,0.0,0.0,0.0,0.0,851968,4380,4796,26,-127.2653,0.008209041974623688,-0.0030213909005396998,5.19011256992817,0,0.0,0.0,0.0,,,0.41674868095203854,0,0,0.0,-128.5133,-128.5133056640625,0.0,2768.1850129095947
6,1784033973.226915,,8.0,,6.0,,10.0,,1.0,,4.0,,2.0,,5.0,,8.0,0.0,0.0,0.0,0.0,1015808,4473,4969,31,-132.68927,0.004597117715456988,-0.002250511638703756,5.019864934682846,0,0.0,0.0,0.0,,,0.47462993723769936,0,0,0.0,-127.232376,-127.23237609863281,0.0,2773.7160945585474
7,1784034037.7824652,,8.0,,6.0,,10.0,,1.0,,4.0,,2.0,,5.0,,8.0,0.0,0.0,0.0,0.0,1179648,4566,5142,36,-135.683,0.010239805022138171,-0.001794581588183064,4.864753547310829,0,0.0,0.0,0.0,,,0.4618625839594164,0,0,0.0,-120.62465,-120.62464904785156,0.0,2537.9694484044776
8,1784034097.446893,,8.0,,6.0,,10.0,,1.0,,4.0,,2.0,,5.0,,8.0,0.0,0.0,0.0,0.0,1343488,4648,5304,41,-125.49951,0.005098646950500552,-0.0025423082464840264,4.6138228058815,0,0.0,0.0,0.0,,,0.5247525358535322,0,0,0.0,-116.49487,-116.494873046875,0.0,2746.02487436931
9,1784034158.9668152,,8.0,,6.0,,10.0,,1.0,,4.0,,2.0,,5.0,,8.0,0.0,0.0,0.0,0.0,1507328,4730,5466,46,-118.21706,0.009733076422708108,-0.0020452635653782636,4.383827486634255,0,0.0,0.0,0.0,,,0.586830818777891,0,0,0.0,-114.09863,-114.0986328125,0.0,2663.2029652805545
10,1784034221.1678367,,8.0,,6.0,,10.0,,1.0,,4.0,,2.0,,5.0,,8.0,0.0,0.0,0.0,0.0,1671168,4812,5628,51,-109.500046,0.003624485991167603,-0.003405278519494459,4.146447160840035,0,0.0,0.0,0.0,,,0.6053396593573557,0,0,0.0,-109.6458,-109.64579772949219,0.0,2634.0395289531775
11,1784034281.821934,,8.0,,6.0,,10.0,,1.0,,4.0,,2.0,,5.0,,8.0,0.0,0.0,0.0,0.0,1835008,4893,5789,56,-107.33525,0.005482216506788973,-0.0015367078085546382,3.910579304397106,0,0.0,0.0,0.0,,,0.6541761421984417,0,0,0.0,-110.03899,-110.03898620605469,0.0,2701.2188398297526
12,1784034346.111118,,8.0,,6.0,,10.0,,1.0,,4.0,,2.0,,5.0,,8.0,0.0,0.0,0.0,0.0,1998848,4979,5955,61,-103.89626,0.004007633158471436,-0.0006046254275133833,3.698994207382202,0,0.0,0.0,0.0,,,0.718796000006626,0,0,0.0,-99.842026,-99.84202575683594,0.0,2548.4856531427995
13,1784034408.562839,,8.0,,6.0,,10.0,,1.0,,4.0,,2.0,,5.0,,8.0,0.0,0.0,0.0,0.0,2162688,5063,6119,66,-107.216225,0.01058850574772805,-0.0009731048776302487,3.488173970580101,0,0.0,0.0,0.0,,,0.7150637413796728,0,0,0.0,-98.662315,-98.66231536865234,0.0,2623.4656805916893
14,1784034472.7827046,,8.0,,6.0,,10.0,,1.0,,4.0,,2.0,,5.0,,8.0,0.0,0.0,0.0,0.0,2326528,5144,6280,71,-100.176926,0.006824525728006847,-0.0006498174552689306,3.3086611539125443,0,0.0,0.0,0.0,,,0.7671734353426964,0,0,0.0,-96.957634,-96.95763397216797,0.0,2551.235313510855
15,1784034532.3548667,,8.0,,6.0,,10.0,,1.0,,4.0,,2.0,,5.0,,8.0,0.0,0.0,0.0,0.0,2490368,5229,6445,76,-98.555534,0.005933041241951287,-0.0007864037339459174,3.105419373512268,0,0.0,0.0,0.0,,,0.8311095056887716,0,0,0.0,-89.037605,-89.03760528564453,0.0,2750.278001633679
16,1784034595.1930118,,8.0,,6.0,,10.0,,1.0,,4.0,,2.0,,5.0,,8.0,0.0,0.0,0.0,0.0,2654208,5311,6607,81,-89.978134,0.0066912649650475945,-0.0008501372998580336,2.859512622654438,0,0.0,0.0,0.0,,,0.8081678513630587,0,0,0.0,-91.36128,-91.36128234863281,0.0,2607.3338227558206
17,1784034653.3216598,,8.0,,6.0,,10.0,,1.0,,4.0,,2.0,,5.0,,8.0,0.0,0.0,0.0,0.0,2818048,5393,6769,86,-100.19832,0.007262328163778875,-0.0015266828719177282,2.638435785472393,0,0.0,0.0,0.0,,,0.9376932971049399,0,0,0.0,-85.12976,-85.1297607421875,0.0,2818.575957271004
18,1784034706.0043666,,8.0,,6.0,,10.0,,1.0,,4.0,,2.0,,5.0,,8.0,0.0,0.0,0.0,0.0,2981888,5473,6929,91,-85.38316,0.003603400615975261,-0.001461520190059673,2.4035332590341567,0,0.0,0.0,0.0,,,1.1040299467103492,0,0,0.0,-93.114006,-93.11400604248047,0.0,3109.938892795066
19,1784034760.2588773,,8.0,,6.0,,10.0,,1.0,,4.0,,2.0,,5.0,,8.0,0.0,0.0,0.0,0.0,3145728,5553,7089,96,-78.69255,0.003459600470523583,-0.0024314810274518096,2.1315914005041123,0,0.0,0.0,0.0,,,1.0833290908661204,0,0,0.0,-82.26557,-82.26557159423828,0.0,3019.840816595443
20,1784034811.8429806,,8.0,,6.0,,10.0,,1.0,,4.0,,2.0,,5.0,,8.0,0.0,0.0,0.0,0.0,3309568,5633,7249,101,-72.955025,0.003956333630048903,-0.0017145150894066318,1.8868340097367764,0,0.0,0.0,0.0,,,1.1436012035237302,0,0,0.0,-87.23534,-87.23533630371094,0.0,3176.174112495784
21,1784034873.216623,,8.0,,6.0,,10.0,,1.0,,4.0,,2.0,,5.0,,8.0,0.0,0.0,0.0,0.0,3473408,5714,7410,106,-79.12804,0.0057524429241311735,-0.0009059074873221107,1.613792785257101,0,0.0,0.0,0.0,,,1.1121951122327631,0,0,0.0,-73.344444,-73.34444427490234,0.0,2669.548639565908
22,1784034935.9309287,,8.0,,6.0,,10.0,,1.0,,4.0,,2.0,,5.0,,8.0,0.0,0.0,0.0,0.0,3637248,5797,7573,111,-64.96317,0.0026962243631714956,-0.002752406703075394,1.4315892539918422,0,0.0,0.0,0.0,,,1.3108674066485722,0,0,0.0,-76.07147,-76.07147216796875,0.0,2612.48167213961
23,1784034998.5397043,,8.0,,6.0,,10.0,,1.0,,4.0,,2.0,,5.0,,8.0,0.0,0.0,0.0,0.0,3801088,5878,7734,116,-76.096436,0.011115969736420084,-0.0012950102172908373,1.161998874694109,0,0.0,0.0,0.0,,,1.0122886062052854,0,0,0.0,-56.84678,-56.846778869628906,0.0,2616.8860075877856
24,1784035060.7305264,,8.0,,6.0,,10.0,,1.0,,4.0,,2.0,,5.0,,8.0,0.0,0.0,0.0,0.0,3964928,5959,7895,121,-69.37512,0.006288089854206191,-0.0010039539061835966,0.9650808732956648,0,0.0,0.0,0.0,,,1.0144842553172306,0,0,0.0,-60.63208,-60.632080078125,0.0,2634.4717678400975
25,1784035119.8451638,,8.0,,6.0,,10.0,,1.0,,4.0,,2.0,,5.0,,8.0,0.0,0.0,0.0,0.0,4128768,6039,8055,126,-57.413475,0.004122535054193577,-0.001043283604667522,0.7931625183671713,0,0.0,0.0,0.0,,,1.2029627766961426,0,0,0.0,-68.874855,-68.8748550415039,0.0,2771.564518641434
26,1784035182.6131058,,8.0,,6.0,,10.0,,1.0,,4.0,,2.0,,5.0,,8.0,0.0,0.0,0.0,0.0,4292608,6122,8218,131,-54.011616,0.004384765401482582,0.00012261302035767584,0.6763823188841342,0,0.0,0.0,0.0,,,1.7592727416251381,0,0,0.0,-50.966606,-50.96660614013672,0.0,2610.249503082693
27,1784035243.171663,,8.0,,6.0,,10.0,,1.0,,4.0,,2.0,,5.0,,8.0,0.0,0.0,0.0,0.0,4456448,6205,8381,136,-61.704113,0.008121572043455672,0.000644700910197571,0.5500215530395508,0,0.0,0.0,0.0,,,1.3674660437033193,0,0,0.0,-52.760033,-52.760032653808594,0.0,2705.48206634489
28,1784035304.3199399,,8.0,,6.0,,10.0,,1.0,,4.0,,2.0,,5.0,,8.0,0.0,0.0,0.0,0.0,4620288,6288,8544,141,-58.77594,0.013526056562841404,0.0011394988076062873,0.3584949880838394,0,0.0,0.0,0.0,,,1.355979256794795,0,0,0.0,-77.4171,-77.41709899902344,0.0,2679.388181703879
29,1784035358.9271502,,8.0,,6.0,,10.0,,1.0,,4.0,,2.0,,5.0,,8.0,0.0,0.0,0.0,0.0,4784128,6382,8718,146,-69.856125,0.013463419742765836,-0.0023100003556464797,0.3183668710291386,0,0.0,0.0,0.0,,,1.2430215558503654,0,0,0.0,-71.11039,-71.11038970947266,0.0,3000.3353476833686
30,1784035418.7950723,,8.0,,6.0,,10.0,,1.0,,4.0,,2.0,,5.0,,8.0,0.0,0.0,0.0,0.0,4947968,6485,8901,151,-66.09831,0.023833157983608542,-0.0005267798318527639,0.2595561884343624,0,0.0,0.0,0.0,,,1.587924397099346,0,0,0.0,-90.31972,-90.31971740722656,0.0,2736.6912622640216
31,1784035478.9946218,,8.0,,6.0,,10.0,,1.0,,4.0,,2.0,,5.0,,8.0,0.0,0.0,0.0,0.0,5111808,6597,9093,156,-84.33345,0.024228609749116004,0.0002145127175026573,0.18464431464672088,0,0.0,0.0,0.0,,,1.5815018273553836,0,0,0.0,-73.331955,-73.33195495605469,0.0,2721.614292056274
32,1784035537.2215028,,8.0,,6.0,,10.0,,1.0,,4.0,,2.0,,5.0,,8.0,0.0,0.0,0.0,0.0,5275648,6693,9269,161,-61.221455,0.011233629490016028,0.00013522959634428843,0.12041783109307289,0,0.0,0.0,0.0,,,1.5756382353407588,0,0,0.0,-57.242126,-57.24212646484375,0.0,2813.8213430176766
33,1784035592.705975,,8.0,,6.0,,10.0,,1.0,,4.0,,2.0,,5.0,,8.0,0.0,0.0,0.0,0.0,5439488,6790,9446,166,-69.81723,0.029148007644107566,0.001269440924806986,0.01985121741890907,0,0.0,0.0,0.0,,,1.695048630088261,0,0,0.0,-66.81734,-66.81733703613281,0.0,2952.8979318122783
34,1784035652.1854897,,8.0,,6.0,,10.0,,1.0,,4.0,,2.0,,5.0,,8.0,0.0,0.0,0.0,0.0,5603328,6882,9618,171,-57.736763,0.016566491618868896,-0.001554608778678812,-0.08361393809318543,0,0.0,0.0,0.0,,,1.5149226422224669,0,0,0.0,-68.28032,-68.28031921386719,0.0,2754.56192124525
35,1784035710.4051037,,8.0,,6.0,,10.0,,1.0,,4.0,,2.0,,5.0,,8.0,0.0,0.0,0.0,0.0,5767168,6979,9795,176,-72.112144,0.017709142511012032,0.00017879176593851298,-0.15934612452983857,0,0.0,0.0,0.0,,,1.6449511222276747,0,0,0.0,-80.870674,-80.87067413330078,0.0,2814.1716792397824
36,1784035768.5752165,,8.0,,6.0,,10.0,,1.0,,4.0,,2.0,,5.0,,8.0,0.0,0.0,0.0,0.0,5931008,7066,9962,181,-47.819397,0.010325467863003724,-0.00045218063896754754,-0.26091457456350325,0,0.0,0.0,0.0,,,1.7904670486397252,0,0,0.0,-62.50368,-62.50368118286133,0.0,2816.566843434728
37,1784035827.6932173,,8.0,,6.0,,10.0,,1.0,,4.0,,2.0,,5.0,,8.0,0.0,0.0,0.0,0.0,6094848,7154,10130,186,-51.42052,0.009629892473458312,0.00015882275765761734,-0.38882463052868843,0,0.0,0.0,0.0,,,1.809240735508446,0,0,0.0,-54.204247,-54.204246520996094,0.0,2771.4060376168068
38,1784035887.5285013,,8.0,,6.0,,10.0,,1.0,,4.0,,2.0,,5.0,,8.0,0.0,0.0,0.0,0.0,6258688,7242,10298,191,-60.92047,0.010614460232318379,0.002012941580323968,-0.5021110124886036,0,0.0,0.0,0.0,,,1.9985117594923185,0,0,0.0,-53.82514,-53.82514190673828,0.0,2738.184915031905
39,1784035949.9769988,,8.0,,6.0,,10.0,,1.0,,4.0,,2.0,,5.0,,8.0,0.0,0.0,0.0,0.0,6422528,7333,10469,196,-49.127464,0.015962445898912846,0.00010984934633597731,-0.5713614001870155,0,0.0,0.0,0.0,,,1.775791208683471,0,0,0.0,-89.95218,-89.95217895507812,0.0,2623.601914441017
40,1784036015.5263774,,8.0,,6.0,,10.0,,1.0,,4.0,,2.0,,5.0,,8.0,0.0,0.0,0.0,0.0,6586368,7418,10634,201,-74.9079,0.016899296836345456,-0.0010063425623229704,-0.6925031468272209,0,0.0,0.0,0.0,,,1.5474316930726144,0,0,0.0,-35.11257,-35.112571716308594,0.0,2499.4904173638092
41,1784036073.6438599,,8.0,,6.0,,10.0,,1.0,,4.0,,2.0,,5.0,,8.0,0.0,0.0,0.0,0.0,6750208,7512,10808,206,-55.632763,0.02238235958502628,-0.0010259634407702833,-0.7404875174164772,0,0.0,0.0,0.0,,,1.7333594727963884,0,0,0.0,-62.270195,-62.27019500732422,0.0,2819.1190290267805
42,1784036131.9192858,,8.0,,6.0,,10.0,,1.0,,4.0,,2.0,,5.0,,8.0,0.0,0.0,0.0,0.0,6914048,7605,10981,211,-59.357227,0.01237663942592917,0.0005239515929133631,-0.8363996863365173,0,0.0,0.0,0.0,,,1.9537714763873488,0,0,0.0,-37.099598,-37.0995979309082,0.0,2811.4728407671805
43,1784036191.5903294,,8.0,,6.0,,10.0,,1.0,,4.0,,2.0,,5.0,,8.0,0.0,0.0,0.0,0.0,7077888,7694,11150,216,-52.447105,0.016164726571878417,-0.00017997340837609953,-0.9138912782073021,0,0.0,0.0,0.0,,,1.893522438041506,0,0,0.0,-74.65477,-74.65476989746094,0.0,2745.7216336658025
44,1784036250.879208,,8.0,,6.0,,10.0,,1.0,,4.0,,2.0,,5.0,,8.0,0.0,0.0,0.0,0.0,7241728,7781,11317,221,-35.309284,0.007715359520807397,-0.0003791601877310313,-0.975217018276453,0,0.0,0.0,0.0,,,1.8324911154279022,0,0,0.0,-48.06539,-48.065391540527344,0.0,2763.4182128275534
45,1784036308.0467558,,8.0,,6.0,,10.0,,1.0,,4.0,,2.0,,5.0,,8.0,0.0,0.0,0.0,0.0,7405568,7874,11490,226,-59.609924,0.02311718459241092,0.0006341176253044978,-1.003417330980301,0,0.0,0.0,0.0,,,2.0762667099706564,0,0,0.0,-86.71652,-86.71652221679688,0.0,2865.9611219861736
46,1784036385.1303656,,8.0,,6.0,,10.0,,1.0,,4.0,,2.0,,5.0,,8.0,0.0,0.0,0.0,0.0,7569408,7968,11664,231,-46.76469,0.015428665999206715,0.00028217484796186907,-1.0510841317474842,0,0.0,0.0,0.0,,,1.918026251395395,0,0,0.0,-74.34071,-74.34071350097656,0.0,2125.484716891003
47,1784036469.6621232,,8.0,,6.0,,10.0,,1.0,,4.0,,2.0,,5.0,,8.0,0.0,0.0,0.0,0.0,7733248,8070,11846,236,-69.37266,0.02602778086438775,-0.0005180831038160249,-1.0983962304890156,0,0.0,0.0,0.0,,,1.8332679314682268,0,0,0.0,-38.62519,-38.62519073486328,0.0,1938.2064059785284
48,1784036538.7535477,,8.0,,6.0,,10.0,,1.0,,4.0,,2.0,,5.0,,8.0,0.0,0.0,0.0,0.0,7897088,8162,12018,241,-39.162197,0.0065033383914851585,0.001318304578308016,-1.1342564202845096,0,0.0,0.0,0.0,,,2.269653333951838,0,0,0.0,-42.144653,-42.1446533203125,0.0,2371.3507760111315
49,1784036597.035826,,8.0,,6.0,,10.0,,1.0,,4.0,,2.0,,5.0,,8.0,0.0,0.0,0.0,0.0,8060928,8258,12194,246,-70.91909,0.018741724506253377,0.0015998216054867952,-1.2191629737615586,0,0.0,0.0,0.0,,,2.2118355877606923,0,0,0.0,-96.34127,-96.34127044677734,0.0,2811.1454464923895
50,1784036654.999025,,8.0,,6.0,,10.0,,1.0,,4.0,,2.0,,5.0,,8.0,0.0,0.0,0.0,0.0,8224768,8350,12366,251,-47.704453,0.012101657467428594,0.000743265578057617,-1.2791567124426364,0,0.0,0.0,0.0,,,2.3348047123583053,0,0,0.0,-35.75203,-35.75202941894531,0.0,2826.6223980496284
51,1784036712.7458296,,8.0,,6.0,,10.0,,1.0,,4.0,,2.0,,5.0,,8.0,0.0,0.0,0.0,0.0,8388608,8439,12535,256,-55.16343,0.010395668973797002,0.0008122654107864946,-1.3296600423753262,0,0.0,0.0,0.0,,,2.25047858663033,0,0,0.0,-71.82786,-71.8278579711914,0.0,2837.2128071882294
52,1784036774.3043282,,8.0,,6.0,,10.0,,1.0,,4.0,,2.0,,5.0,,8.0,0.0,0.0,0.0,0.0,8552448,8532,12708,261,-59.79883,0.024325276858871803,0.002337981481832685,-1.4297047853469849,0,0.0,0.0,0.0,,,2.591816217057853,0,0,0.0,-25.37334,-25.373340606689453,0.0,2661.5326106999537
53,1784036831.564493,,8.0,,6.0,,10.0,,1.0,,4.0,,2.0,,5.0,,8.0,0.0,0.0,0.0,0.0,8716288,8618,12874,266,-28.37005,0.006383945477136876,0.002613778505474329,-1.4425652645528317,0,0.0,0.0,0.0,,,2.6119687152059363,0,0,0.0,-52.366158,-52.36615753173828,0.0,2861.326298424591
54,1784036891.6939423,,8.0,,6.0,,10.0,,1.0,,4.0,,2.0,,5.0,,8.0,0.0,0.0,0.0,0.0,8880128,8705,13041,271,-33.40033,0.005909326844266616,0.0015035026735858992,-1.5232664965093137,0,0.0,0.0,0.0,,,2.24290530463756,0,0,0.0,-52.509224,-52.50922393798828,0.0,2724.788254361868
55,1784036949.0490894,,8.0,,6.0,,10.0,,1.0,,4.0,,2.0,,5.0,,8.0,0.0,0.0,0.0,0.0,9043968,8794,13210,276,-65.96991,0.011101209133630618,0.001703417085809633,-1.611066135764122,0,0.0,0.0,0.0,,,2.4964158542912687,0,0,0.0,-36.40976,-36.409759521484375,0.0,2856.586833835887
56,1784037008.3832672,,8.0,,6.0,,10.0,,1.0,,4.0,,2.0,,5.0,,8.0,0.0,0.0,0.0,0.0,9207808,8885,13381,281,-32.678326,0.009609117565560155,0.00043224290129728615,-1.6996745832264424,0,0.0,0.0,0.0,,,2.1807816134050113,0,0,0.0,-36.45176,-36.451759338378906,0.0,2761.3086846655897
57,1784037068.5657156,,8.0,,6.0,,10.0,,1.0,,4.0,,2.0,,5.0,,8.0,0.0,0.0,0.0,0.0,9371648,8972,13548,286,-35.753017,0.007560502893466037,0.0004931084258714691,-1.7795242331922054,0,0.0,0.0,0.0,,,2.4829335358476214,0,0,0.0,-54.510536,-54.510536193847656,0.0,2722.389507712617
58,1784037125.9813163,,8.0,,6.0,,10.0,,1.0,,4.0,,2.0,,5.0,,8.0,0.0,0.0,0.0,0.0,9535488,9060,13716,291,-22.318111,0.002954273646173533,0.0002582669563707896,-1.8365974098443985,0,0.0,0.0,0.0,,,2.781181681415853,0,0,0.0,-31.686665,-31.686664581298828,0.0,2853.5815078050327
59,1784037185.0561929,,8.0,,6.0,,10.0,,1.0,,4.0,,2.0,,5.0,,8.0,0.0,0.0,0.0,0.0,9699328,9140,13876,296,-31.666645,0.0051835224439855665,0.0010012419559643603,-1.9311348706483842,0,0.0,0.0,0.0,,,2.242743779553558,0,0,0.0,-32.256145,-32.25614547729492,0.0,2773.427705189633
60,1784037243.8488195,,8.0,,6.0,,10.0,,1.0,,4.0,,2.0,,5.0,,8.0,0.0,0.0,0.0,0.0,9863168,9226,14042,301,-40.673843,0.017527941393200307,0.002672661846736446,-2.0243625685572626,0,0.0,0.0,0.0,,,2.5993751275880377,0,0,0.0,-36.53112,-36.53112030029297,0.0,2786.7440829038696
61,1784037298.163381,,8.0,,6.0,,10.0,,1.0,,4.0,,2.0,,5.0,,8.0,0.0,0.0,0.0,0.0,10027008,9320,14216,306,-52.208763,0.01176999430754222,0.0017638407138292679,-2.030036547780037,0,0.0,0.0,0.0,,,3.0211708283584877,0,0,0.0,-64.101974,-64.10197448730469,0.0,3016.501258690478
62,1784037360.03216,,8.0,,6.0,,10.0,,1.0,,4.0,,2.0,,5.0,,8.0,0.0,0.0,0.0,0.0,10190848,9418,14394,311,-68.25374,0.01740630354033783,0.0025933327182428912,-2.0447731003165246,0,0.0,0.0,0.0,,,2.8418244695519292,0,0,0.0,-33.33715,-33.33715057373047,0.0,2648.1860758328658
63,1784037415.3480067,,8.0,,6.0,,10.0,,1.0,,4.0,,2.0,,5.0,,8.0,0.0,0.0,0.0,0.0,10354688,9506,14562,316,-40.509373,0.006515649454377126,0.0008356433871085755,-2.0830782905220984,0,0.0,0.0,0.0,,,2.7895460492649375,0,0,0.0,-60.621166,-60.62116622924805,0.0,2961.8993094862067
64,1784037471.9402785,,8.0,,6.0,,10.0,,1.0,,4.0,,2.0,,5.0,,8.0,0.0,0.0,0.0,0.0,10518528,9597,14733,321,-44.303696,0.008064866144559346,0.0013050168636254966,-2.1628844633698465,0,0.0,0.0,0.0,,,3.0542764995888207,0,0,0.0,-45.893177,-45.8931770324707,0.0,2895.095789416492
65,1784037530.3665137,,8.0,,6.0,,10.0,,1.0,,4.0,,2.0,,5.0,,8.0,0.0,0.0,0.0,0.0,10682368,9677,14893,326,-20.029171,0.004102733786567114,0.0020852470392128454,-2.241994807124138,0,0.0,0.0,0.0,,,3.5992562914442106,0,0,0.0,-43.945885,-43.945884704589844,0.0,2804.218963030841
66,1784037586.1297927,,8.0,,6.0,,10.0,,1.0,,4.0,,2.0,,5.0,,8.0,0.0,0.0,0.0,0.0,10846208,9760,15056,331,-22.936539,0.0043907479790505025,0.002961472049355507,-2.3161465033888815,0,0.0,0.0,0.0,,,3.3989143498650947,0,0,0.0,-30.538904,-30.538904190063477,0.0,2938.1354482176152
67,1784037647.0230875,,8.0,,6.0,,10.0,,1.0,,4.0,,2.0,,5.0,,8.0,0.0,0.0,0.0,0.0,11010048,9849,15225,336,-28.673477,0.008702150810859167,0.0012077680526999756,-2.3998039186000826,0,0.0,0.0,0.0,,,3.08472514386159,0,0,0.0,-43.782272,-43.78227233886719,0.0,2690.6075198057374
68,1784037705.957405,,8.0,,6.0,,10.0,,1.0,,4.0,,2.0,,5.0,,8.0,0.0,0.0,0.0,0.0,11173888,9934,15390,341,-34.8704,0.006588847075181548,0.002302701441658428,-2.473649913072586,0,0.0,0.0,0.0,,,3.2615100510729294,0,0,0.0,-25.289703,-25.289703369140625,0.0,2780.0438706757463
69,1784037762.4082549,,8.0,,6.0,,10.0,,1.0,,4.0,,2.0,,5.0,,8.0,0.0,0.0,0.0,0.0,11337728,10019,15555,346,-60.527367,0.014599306372110732,0.0014454829288297333,-2.550068807601929,0,0.0,0.0,0.0,,,3.0530056131350944,0,0,0.0,-63.946117,-63.94611740112305,0.0,2902.348646868031
70,1784037819.814563,,8.0,,6.0,,10.0,,1.0,,4.0,,2.0,,5.0,,8.0,0.0,0.0,0.0,0.0,11501568,10111,15727,351,-14.551857,0.007152619500993751,0.0022664611635264008,-2.571858838200569,0,0.0,0.0,0.0,,,3.0987067476548225,0,0,0.0,-65.58673,-65.58673095703125,0.0,2854.0413511918923
71,1784037882.309323,,8.0,,6.0,,10.0,,1.0,,4.0,,2.0,,5.0,,8.0,0.0,0.0,0.0,0.0,11665408,10203,15899,356,-29.749414,0.007577376878180076,0.002451378453406505,-2.585653875768185,0,0.0,0.0,0.0,,,3.235215698792016,0,0,0.0,-12.866333,-12.8663330078125,0.0,2621.6609042386517
72,1784037934.8349051,,8.0,,6.0,,10.0,,1.0,,4.0,,2.0,,5.0,,8.0,0.0,0.0,0.0,0.0,11829248,10292,16068,361,-36.055176,0.01051349408517126,0.002922066135215573,-2.646932119131088,0,0.0,0.0,0.0,,,3.626992070369353,0,0,0.0,-66.317,-66.31700134277344,0.0,3119.2398844400823
73,1784037998.2429323,,8.0,,6.0,,10.0,,1.0,,4.0,,2.0,,5.0,,8.0,0.0,0.0,0.0,0.0,11993088,10377,16233,366,-52.281696,0.009032214121543803,0.0022169763236888685,-2.696612277626991,0,0.0,0.0,0.0,,,3.3120994183145855,0,0,0.0,-29.145111,-29.145111083984375,0.0,2583.9007168359194
74,1784038053.4561648,,8.0,,6.0,,10.0,,1.0,,4.0,,2.0,,5.0,,8.0,0.0,0.0,0.0,0.0,12156928,10466,16402,371,-51.986084,0.01345840228605084,0.002365399888367392,-2.7131519094109535,0,0.0,0.0,0.0,,,3.2399777872216857,0,0,0.0,-56.012554,-56.01255416870117,0.0,2967.408680700745
75,1784038111.268505,,8.0,,6.0,,10.0,,1.0,,4.0,,2.0,,5.0,,8.0,0.0,0.0,0.0,0.0,12320768,10567,16583,376,-57.055523,0.009654401295119897,0.0030396457412280144,-2.756524069607258,0,0.0,0.0,0.0,,,3.2710474158486376,0,0,0.0,-22.054829,-22.054828643798828,0.0,2833.9932054476203
76,1784038168.212821,,8.0,,6.0,,10.0,,1.0,,4.0,,2.0,,5.0,,8.0,0.0,0.0,0.0,0.0,12484608,10657,16753,381,-58.046745,0.010753976748674177,0.002985498498310335,-2.8105579033493995,0,0.0,0.0,0.0,,,3.2620846439169995,0,0,0.0,-76.15175,-76.15174865722656,0.0,2877.1970365096136
77,1784038230.090361,,8.0,,6.0,,10.0,,1.0,,4.0,,2.0,,5.0,,8.0,0.0,0.0,0.0,0.0,12648448,10744,16920,386,-13.567825,0.005606410367181525,0.002005068861762993,-2.8473655194044114,0,0.0,0.0,0.0,,,3.616080444793062,0,0,0.0,-12.677908,-12.677907943725586,0.0,2647.8149088362547
78,1784038280.2289827,,8.0,,6.0,,10.0,,1.0,,4.0,,2.0,,5.0,,8.0,0.0,0.0,0.0,0.0,12812288,10837,17093,391,-54.393055,0.020193629275308923,0.002871837982092984,-2.9002458080649376,0,0.0,0.0,0.0,,,3.1855312544911243,0,0,0.0,-14.8836155,-14.883615493774414,0.0,3267.734421604688
79,1784038336.9887266,,8.0,,6.0,,10.0,,1.0,,4.0,,2.0,,5.0,,8.0,0.0,0.0,0.0,0.0,12976128,10926,17262,396,-29.854822,0.010529488761676475,0.002695510545163415,-2.9484933033585548,0,0.0,0.0,0.0,,,3.325800166747368,0,0,0.0,-38.79304,-38.79304122924805,0.0,2886.5508369600566
80,1784038394.8268223,,8.0,,6.0,,10.0,,1.0,,4.0,,2.0,,5.0,,8.0,0.0,0.0,0.0,0.0,13139968,11022,17438,401,-39.975903,0.007052837323863059,0.0024929951323429123,-2.9712372586131095,0,0.0,0.0,0.0,,,3.879336500637492,0,0,0.0,-42.807392,-42.80739212036133,0.0,2832.735425165896
81,1784038452.8065395,,8.0,,6.0,,10.0,,1.0,,4.0,,2.0,,5.0,,8.0,0.0,0.0,0.0,0.0,13303808,11115,17611,406,-53.596046,0.011963606820791029,0.0016169818612979726,-2.973640275001526,0,0.0,0.0,0.0,,,3.074108473369382,0,0,0.0,-45.35241,-45.35240936279297,0.0,2825.824617323282
82,1784038514.4863992,,8.0,,6.0,,10.0,,1.0,,4.0,,2.0,,5.0,,8.0,0.0,0.0,0.0,0.0,13467648,11196,17772,411,-15.282816,0.005519440543139353,0.0014606257638661191,-2.982404017448425,0,0.0,0.0,0.0,,,3.3137964018494928,0,0,0.0,-15.398313,-15.39831256866455,0.0,2656.291840274788
83,1784038571.137003,,8.0,,6.0,,10.0,,1.0,,4.0,,2.0,,5.0,,8.0,0.0,0.0,0.0,0.0,13631488,11276,17932,416,-10.132408,0.0035069759855105077,0.0029853476851712914,-3.0758018776774407,0,0.0,0.0,0.0,,,4.058344765433494,0,0,0.0,-36.650692,-36.650691986083984,0.0,2892.1103223837968
84,1784038632.381739,,8.0,,6.0,,10.0,,1.0,,4.0,,2.0,,5.0,,8.0,0.0,0.0,0.0,0.0,13795328,11356,18092,421,-35.300617,0.0051775414365693,0.0031080635089892894,-3.1569850161671638,0,0.0,0.0,0.0,,,3.9499114269226974,0,0,0.0,-12.56839,-12.568389892578125,0.0,2675.171293165649
85,1784038692.7433417,,8.0,,6.0,,10.0,,1.0,,4.0,,2.0,,5.0,,8.0,0.0,0.0,0.0,0.0,13959168,11437,18253,426,-13.05454,0.0029174033981689716,0.001985104319464881,-3.24362972676754,0,0.0,0.0,0.0,,,4.0090608559226695,0,0,0.0,-8.526115,-8.526115417480469,0.0,2714.305335256661
86,1784038749.6208186,,8.0,,6.0,,10.0,,1.0,,4.0,,2.0,,5.0,,8.0,0.0,0.0,0.0,0.0,14123008,11518,18414,431,-24.500214,0.0030634729169833007,0.003537524687999394,-3.285199362039566,0,0.0,0.0,0.0,,,4.585400905955163,0,0,0.0,-35.973835,-35.97383499145508,0.0,2880.5775426419655
87,1784038809.7858002,,8.0,,6.0,,10.0,,1.0,,4.0,,2.0,,5.0,,8.0,0.0,0.0,0.0,0.0,14286848,11601,18577,436,-28.098108,0.0047028783592395484,0.0023179995245300234,-3.351158919930458,0,0.0,0.0,0.0,,,4.45883524158877,0,0,0.0,-9.8186455,-9.818645477294922,0.0,2723.184341056146
88,1784038870.337754,,8.0,,6.0,,10.0,,1.0,,4.0,,2.0,,5.0,,8.0,0.0,0.0,0.0,0.0,14450688,11683,18739,441,-21.01521,0.00744480303110322,0.001945100056764204,-3.3610347256064417,0,0.0,0.0,0.0,,,3.1545822975942133,0,0,0.0,-31.269434,-31.269433975219727,0.0,2705.7719045358376
89,1784038931.9842057,,8.0,,6.0,,10.0,,1.0,,4.0,,2.0,,5.0,,8.0,0.0,0.0,0.0,0.0,14614528,11765,18901,446,-16.3594,0.005629189229512122,0.003778030435205437,-3.4106156840920447,0,0.0,0.0,0.0,,,3.979378546084866,0,0,0.0,-11.643223,-11.64322280883789,0.0,2657.7437811624923
90,1784038992.3511038,,8.0,,6.0,,10.0,,1.0,,4.0,,2.0,,5.0,,8.0,0.0,0.0,0.0,0.0,14778368,11847,19063,451,-26.7026,0.005255838805169333,0.0023820586880901828,-3.4685208439826964,0,0.0,0.0,0.0,,,4.065322888692892,0,0,0.0,-19.230902,-19.23090171813965,0.0,2714.0609594858647
91,1784039052.588869,,8.0,,6.0,,10.0,,1.0,,4.0,,2.0,,5.0,,8.0,0.0,0.0,0.0,0.0,14942208,11929,19225,456,-27.31429,0.008059987793967594,0.003328538947971538,-3.5072406485676764,0,0.0,0.0,0.0,,,4.03942749070403,0,0,0.0,-35.45142,-35.451419830322266,0.0,2719.888895769279
92,1784039115.8847063,,8.0,,6.0,,10.0,,1.0,,4.0,,2.0,,5.0,,8.0,0.0,0.0,0.0,0.0,15106048,12011,19387,461,-30.073376,0.005678823041671421,0.001982584290090017,-3.53263336122036,0,0.0,0.0,0.0,,,4.7131459172882355,0,0,0.0,-28.524357,-28.524356842041016,0.0,2588.479707344998
93,1784039182.2242448,,8.0,,6.0,,10.0,,1.0,,4.0,,2.0,,5.0,,8.0,0.0,0.0,0.0,0.0,15269888,12095,19551,466,-23.468462,0.0060123522169305945,0.0037963536582537928,-3.606797178089619,0,0.0,0.0,0.0,,,5.153132902605509,0,0,0.0,-94.23979,-94.23979187011719,0.0,2469.7183751779467
94,1784039251.2894993,,8.0,,6.0,,10.0,,1.0,,4.0,,2.0,,5.0,,8.0,0.0,0.0,0.0,0.0,15433728,12183,19719,471,-32.96539,0.007521356664074119,0.0024374499917030334,-3.6480805188417436,0,0.0,0.0,0.0,,,3.9650050208623875,0,0,0.0,-55.596504,-55.59650421142578,0.0,2372.2516236415413
95,1784039314.8238952,,8.0,,6.0,,10.0,,1.0,,4.0,,2.0,,5.0,,8.0,0.0,0.0,0.0,0.0,15597568,12270,19886,476,-61.9104,0.011779187570209616,0.0036441179050598293,-3.6709278762340545,0,0.0,0.0,0.0,,,4.476646636222808,0,0,0.0,-48.70749,-48.707489013671875,0.0,2578.7575623462
96,1784039371.7488737,,8.0,,6.0,,10.0,,1.0,,4.0,,2.0,,5.0,,8.0,0.0,0.0,0.0,0.0,15761408,12363,20059,481,-50.206303,0.015112078021047637,0.0019575911443098447,-3.6615154266357424,0,0.0,0.0,0.0,,,3.7392193567834995,0,0,0.0,-41.390785,-41.390785217285156,0.0,2878.1741175966754
97,1784039428.4842758,,8.0,,6.0,,10.0,,1.0,,4.0,,2.0,,5.0,,8.0,0.0,0.0,0.0,0.0,15925248,12445,20221,486,-31.86231,0.009367477809428237,0.0015386487968498841,-3.6972623363137247,0,0.0,0.0,0.0,,,3.935510079259282,0,0,0.0,-25.02872,-25.02872085571289,0.0,2887.7925945089005
98,1784039487.1709287,,8.0,,6.0,,10.0,,1.0,,4.0,,2.0,,5.0,,8.0,0.0,0.0,0.0,0.0,16089088,12538,20394,491,-53.225445,0.018712425231933595,0.0014866114579490386,-3.7016383692622186,0,0.0,0.0,0.0,,,3.9237343193621603,0,0,0.0,-32.377834,-32.37783432006836,0.0,2791.777508577903
99,1784039542.737799,,8.0,,6.0,,10.0,,1.0,,4.0,,2.0,,5.0,,8.0,0.0,0.0,0.0,0.0,16252928,12620,20556,496,-25.818995,0.00609399045133614,0.0012988514456083067,-3.74114161580801,0,0.0,0.0,0.0,,,3.5786115598998207,0,0,0.0,-46.84191,-46.84191131591797,0.0,2948.5171761134625
100,1784039603.0161397,,8.0,,6.0,,10.0,,1.0,,4.0,,2.0,,5.0,,8.0,0.0,0.0,0.0,0.0,16416768,12702,20718,501,-28.600815,0.0047249875875422735,0.002217315332381986,-3.8427401334047318,0,0.0,0.0,0.0,,,5.012359635881321,0,0,0.0,-34.29879,-34.298789978027344,0.0,2718.0585594638833
101,1784039659.9621675,,8.0,,6.0,,10.0,,1.0,,4.0,,2.0,,5.0,,8.0,0.0,0.0,0.0,0.0,16580608,12786,20882,506,-34.567394,0.007596576152718626,0.0029124396809493192,-3.8593198359012604,0,0.0,0.0,0.0,,,4.422124713028482,0,0,0.0,-27.367203,-27.367202758789062,0.0,2877.1104024993747
102,1784039716.767109,,8.0,,6.0,,10.0,,1.0,,4.0,,2.0,,5.0,,8.0,0.0,0.0,0.0,0.0,16744448,12869,21045,511,-36.47651,0.008920804737135768,0.0029864222044125198,-3.897063870728016,0,0.0,0.0,0.0,,,4.142357546472729,0,0,0.0,-38.48171,-38.48170852661133,0.0,2884.254970438515
103,1784039778.1696343,,8.0,,6.0,,10.0,,1.0,,4.0,,2.0,,5.0,,8.0,0.0,0.0,0.0,0.0,16908288,12952,21208,516,-12.0938635,0.003187211463227868,0.004757160787994508,-3.9638831213116648,0,0.0,0.0,0.0,,,5.313987031304677,0,0,0.0,-8.862055,-8.862054824829102,0.0,2668.303966231299
104,1784039834.9300554,,8.0,,6.0,,10.0,,1.0,,4.0,,2.0,,5.0,,8.0,0.0,0.0,0.0,0.0,17072128,13035,21371,521,-10.593907,0.003952551373367896,0.0034760714683216066,-4.000668463110924,0,0.0,0.0,0.0,,,4.926396015136407,0,0,0.0,-27.933666,-27.933666229248047,0.0,2886.5074310927
105,1784039893.3598218,,8.0,,6.0,,10.0,,1.0,,4.0,,2.0,,5.0,,8.0,0.0,0.0,0.0,0.0,17235968,13117,21533,526,-30.563715,0.00870963270572247,0.001981853967299685,-3.9869414567947388,0,0.0,0.0,0.0,,,4.145253399004377,0,0,0.0,-50.600647,-50.60064697265625,0.0,2804.050393564646
106,1784039970.9648142,,8.0,,6.0,,10.0,,1.0,,4.0,,2.0,,5.0,,8.0,0.0,0.0,0.0,0.0,17399808,13200,21696,531,-20.55994,0.0058625726174796,0.002994153380859643,-3.9872632533311845,0,0.0,0.0,0.0,,,4.486447818356666,0,0,0.0,4.5249176,4.5249176025390625,0.0,2111.2042551908253
107,1784040028.4744346,,8.0,,6.0,,10.0,,1.0,,4.0,,2.0,,5.0,,8.0,0.0,0.0,0.0,0.0,17563648,13280,21856,536,-23.728891,0.006196850624110084,0.0030569491791538894,-4.010512325167656,0,0.0,0.0,0.0,,,4.933994813481792,0,0,0.0,-18.174877,-18.174877166748047,0.0,2848.9141185210074
108,1784040089.9173117,,8.0,,6.0,,10.0,,1.0,,4.0,,2.0,,5.0,,8.0,0.0,0.0,0.0,0.0,17727488,13364,22020,541,-13.496828,0.005501848163839895,0.0037335959495976567,-4.0308468490839005,0,0.0,0.0,0.0,,,4.747182603881886,0,0,0.0,-11.928133,-11.928133010864258,0.0,2666.5413988547107
109,1784040146.1959565,,8.0,,6.0,,10.0,,1.0,,4.0,,2.0,,5.0,,8.0,0.0,0.0,0.0,0.0,17891328,13447,22183,546,-6.968383,0.006481330521637574,0.005420910053362604,-4.074234062433243,0,0.0,0.0,0.0,,,5.0213557504015185,0,0,0.0,-16.805628,-16.805627822875977,0.0,2911.2290979059585
110,1784040201.4542828,,8.0,,6.0,,10.0,,1.0,,4.0,,2.0,,5.0,,8.0,0.0,0.0,0.0,0.0,18055168,13529,22345,551,-24.103333,0.007880127933458426,0.004884410976956133,-4.142822128534317,0,0.0,0.0,0.0,,,5.037160487246935,0,0,0.0,-15.325531,-15.325531005859375,0.0,2964.98484830546
111,1784040258.1708124,,8.0,,6.0,,10.0,,1.0,,4.0,,2.0,,5.0,,8.0,0.0,0.0,0.0,0.0,18219008,13612,22508,556,-33.969578,0.006996242233435623,0.004815022277762182,-4.170713967084884,0,0.0,0.0,0.0,,,4.402542862306349,0,0,0.0,-27.28237,-27.28236961364746,0.0,2888.750312679653
112,1784040318.62752,,8.0,,6.0,,10.0,,1.0,,4.0,,2.0,,5.0,,8.0,0.0,0.0,0.0,0.0,18382848,13698,22674,561,-10.669851,0.009435182140441612,0.0029948395385872573,-4.14181524515152,0,0.0,0.0,0.0,,,4.20219897006581,0,0,0.0,-5.2752395,-5.27523946762085,0.0,2710.0409169937466
113,1784040374.6824238,,8.0,,6.0,,10.0,,1.0,,4.0,,2.0,,5.0,,8.0,0.0,0.0,0.0,0.0,18546688,13786,22842,566,-17.807247,0.014450202434090897,0.004061560484115034,-4.14597587287426,0,0.0,0.0,0.0,,,5.123239512984007,0,0,0.0,-22.54936,-22.549360275268555,0.0,2922.8474248856623
114,1784040431.989327,,8.0,,6.0,,10.0,,1.0,,4.0,,2.0,,5.0,,8.0,0.0,0.0,0.0,0.0,18710528,13870,23006,571,-48.273315,0.01032599357131403,0.005432205382385291,-4.197927081584931,0,0.0,0.0,0.0,,,4.748254202668498,0,0,0.0,-24.06965,-24.069650650024414,0.0,2858.991884574636
115,1784040488.5426238,,8.0,,6.0,,10.0,,1.0,,4.0,,2.0,,5.0,,8.0,0.0,0.0,0.0,0.0,18874368,13953,23169,576,-30.830154,0.006373188384168315,0.0024533227377105506,-4.194224783778191,0,0.0,0.0,0.0,,,4.687800453508633,0,0,0.0,-17.447405,-17.447404861450195,0.0,2897.0887671601135
116,1784040546.3959513,,8.0,,6.0,,10.0,,1.0,,4.0,,2.0,,5.0,,8.0,0.0,0.0,0.0,0.0,19038208,14042,23338,581,-30.130909,0.01266342813614756,0.005621591157978401,-4.193803063035011,0,0.0,0.0,0.0,,,4.732775298204503,0,0,0.0,-20.821827,-20.821826934814453,0.0,2831.9900986956445
117,1784040602.5730658,,8.0,,6.0,,10.0,,1.0,,4.0,,2.0,,5.0,,8.0,0.0,0.0,0.0,0.0,19202048,14132,23508,586,-28.632217,0.008677636653010268,0.004566879243066068,-4.220967376232148,0,0.0,0.0,0.0,,,5.36878708468746,0,0,0.0,-46.933983,-46.933982849121094,0.0,2916.4901498679924
118,1784040659.7937233,,8.0,,6.0,,10.0,,1.0,,4.0,,2.0,,5.0,,8.0,0.0,0.0,0.0,0.0,19365888,14214,23670,591,-21.113932,0.00817055764637189,0.002742513043631334,-4.251304575800896,0,0.0,0.0,0.0,,,4.143129637774275,0,0,0.0,-44.772095,-44.7720947265625,0.0,2863.3025644844793
119,1784040717.7464879,,8.0,,6.0,,10.0,,1.0,,4.0,,2.0,,5.0,,8.0,0.0,0.0,0.0,0.0,19529728,14297,23833,596,-32.883545,0.006327605854312424,0.003305215846921783,-4.264763987064361,0,0.0,0.0,0.0,,,4.8392509435050055,0,0,0.0,-21.652008,-21.652008056640625,0.0,2827.129310397375
120,1784040770.757713,,8.0,,6.0,,10.0,,1.0,,4.0,,2.0,,5.0,,8.0,0.0,0.0,0.0,0.0,19693568,14389,24005,601,-28.48438,0.011940786070772447,0.0024096066059428266,-4.268143013119698,0,0.0,0.0,0.0,,,4.008808842337782,0,0,0.0,-49.19747,-49.197471618652344,0.0,3090.665771293724
121,1784040825.3776138,,8.0,,6.0,,10.0,,1.0,,4.0,,2.0,,5.0,,8.0,0.0,0.0,0.0,0.0,19857408,14479,24175,606,-36.637096,0.01492115190194454,0.002707433677278459,-4.235603451728821,0,0.0,0.0,0.0,,,3.9866589280179383,0,0,0.0,-68.45483,-68.45482635498047,0.0,2999.638600879817
122,1784040883.8908012,,8.0,,6.0,,10.0,,1.0,,4.0,,2.0,,5.0,,8.0,0.0,0.0,0.0,0.0,20021248,14574,24350,611,-41.13659,0.010882657321053557,0.00203934808523627,-4.217650592327118,0,0.0,0.0,0.0,,,4.112585967737308,0,0,0.0,-42.550663,-42.550662994384766,0.0,2800.0527634274476
123,1784040941.3412917,,8.0,,6.0,,10.0,,1.0,,4.0,,2.0,,5.0,,8.0,0.0,0.0,0.0,0.0,20185088,14670,24526,616,-42.0543,0.0183041610813234,0.002761890938563738,-4.231012922525406,0,0.0,0.0,0.0,,,4.169226825223015,0,0,0.0,-40.325417,-40.325416564941406,0.0,2851.8468207982082
124,1784040999.3455706,,8.0,,6.0,,10.0,,1.0,,4.0,,2.0,,5.0,,8.0,0.0,0.0,0.0,0.0,20348928,14755,24691,621,-9.878555,0.011816570544033312,0.001961766430758871,-4.235533764958381,0,0.0,0.0,0.0,,,4.569978851322096,0,0,0.0,-14.019854,-14.019853591918945,0.0,2824.619446895313
125,1784041056.6330876,,8.0,,6.0,,10.0,,1.0,,4.0,,2.0,,5.0,,8.0,0.0,0.0,0.0,0.0,20512768,14839,24855,626,-33.45241,0.007626372796948999,0.004680380719946697,-4.35922631919384,0,0.0,0.0,0.0,,,5.611798884507182,0,0,0.0,-28.779247,-28.779247283935547,0.0,2859.9599831289415
126,1784041116.2602634,,8.0,,6.0,,10.0,,1.0,,4.0,,2.0,,5.0,,8.0,0.0,0.0,0.0,0.0,20676608,14925,25021,631,-44.74675,0.015359943395014852,0.00389906696655089,-4.3511222243309025,0,0.0,0.0,0.0,,,4.962850770591028,0,0,0.0,-24.730446,-24.730445861816406,0.0,2747.7402003045268
127,1784041174.2206585,,8.0,,6.0,,10.0,,1.0,,4.0,,2.0,,5.0,,8.0,0.0,0.0,0.0,0.0,20840448,15014,25190,636,-56.602806,0.012930204352596775,0.0037386339681688696,-4.383221286535263,0,0.0,0.0,0.0,,,5.665293748690226,0,0,0.0,-40.4697,-40.46969985961914,0.0,2826.7598412731977
128,1784041236.3495758,,8.0,,6.0,,10.0,,1.0,,4.0,,2.0,,5.0,,8.0,0.0,0.0,0.0,0.0,21004288,15101,25357,641,-30.08285,0.00887235093396157,0.003564946616825182,-4.400263050198555,0,0.0,0.0,0.0,,,5.0279124710894125,0,0,0.0,-11.356186,-11.356185913085938,0.0,2637.0963275847666
129,1784041292.8576293,,8.0,,6.0,,10.0,,1.0,,4.0,,2.0,,5.0,,8.0,0.0,0.0,0.0,0.0,21168128,15187,25523,646,-20.91763,0.007567991949326824,0.0029987912392243745,-4.456755638122559,0,0.0,0.0,0.0,,,5.035203439002093,0,0,0.0,-35.604412,-35.60441207885742,0.0,2899.4100883684696
130,1784041349.636256,,8.0,,6.0,,10.0,,1.0,,4.0,,2.0,,5.0,,8.0,0.0,0.0,0.0,0.0,21331968,15275,25691,651,-24.23775,0.007613659453636501,0.0016066353156929836,-4.49127382338047,0,0.0,0.0,0.0,,,4.125552767839568,0,0,0.0,-34.434258,-34.43425750732422,0.0,2885.5919523342054
131,1784041406.394318,,8.0,,6.0,,10.0,,1.0,,4.0,,2.0,,5.0,,8.0,0.0,0.0,0.0,0.0,21495808,15362,25858,656,-50.34089,0.006627891107928008,0.00319197470380459,-4.498337742686272,0,0.0,0.0,0.0,,,5.397911781010561,0,0,0.0,-36.00975,-36.00975036621094,0.0,2886.6379240171536
132,1784041466.4182677,,8.0,,6.0,,10.0,,1.0,,4.0,,2.0,,5.0,,8.0,0.0,0.0,0.0,0.0,21659648,15454,26030,661,-17.7444,0.012299030993017369,0.0043039421434514225,-4.534823459386826,0,0.0,0.0,0.0,,,5.436533641135362,0,0,0.0,-38.617107,-38.61710739135742,0.0,2729.5766400563857
133,1784041522.821053,,8.0,,6.0,,10.0,,1.0,,4.0,,2.0,,5.0,,8.0,0.0,0.0,0.0,0.0,21823488,15543,26199,666,-34.633324,0.006872935403953307,0.002026931400178,-4.544743022322654,0,0.0,0.0,0.0,,,4.526614195042382,0,0,0.0,-37.980904,-37.98090362548828,0.0,2904.8213155935173
134,1784041583.1567392,,8.0,,6.0,,10.0,,1.0,,4.0,,2.0,,5.0,,8.0,0.0,0.0,0.0,0.0,21987328,15624,26360,671,-21.233032,0.008013775455765426,0.0022664688673103227,-4.5860965013504025,0,0.0,0.0,0.0,,,5.267607822700262,0,0,0.0,-21.2893,-21.2893009185791,0.0,2715.475169202375
135,1784041639.6224453,,8.0,,6.0,,10.0,,1.0,,4.0,,2.0,,5.0,,8.0,0.0,0.0,0.0,0.0,22151168,15712,26528,676,-39.491085,0.01128608847502619,0.0035926612821640448,-4.640208786725998,0,0.0,0.0,0.0,,,4.89318159396006,0,0,0.0,-50.57108,-50.57107925415039,0.0,2901.5831060930486
136,1784041695.5616865,,8.0,,6.0,,10.0,,1.0,,4.0,,2.0,,5.0,,8.0,0.0,0.0,0.0,0.0,22315008,15799,26695,681,-47.59469,0.01599783941055648,0.005349104529886972,-4.652903124690056,0,0.0,0.0,0.0,,,4.808385941403683,0,0,0.0,-51.757984,-51.75798416137695,0.0,2928.8923321808957
137,1784041756.9200447,,8.0,,6.0,,10.0,,1.0,,4.0,,2.0,,5.0,,8.0,0.0,0.0,0.0,0.0,22478848,15891,26867,686,-18.074633,0.0068366355219040996,0.005005878194060643,-4.634712743759155,0,0.0,0.0,0.0,,,5.991861973718782,0,0,0.0,-3.8734498,-3.8734498023986816,0.0,2670.214657242132
138,1784041813.5581949,,8.0,,6.0,,10.0,,1.0,,4.0,,2.0,,5.0,,8.0,0.0,0.0,0.0,0.0,22642688,15978,27034,691,-21.083351,0.010234270125511102,0.00448869589890819,-4.636752739548683,0,0.0,0.0,0.0,,,5.264051813797527,0,0,0.0,-34.81467,-34.81467056274414,0.0,2892.7502664871795
139,1784041873.953013,,8.0,,6.0,,10.0,,1.0,,4.0,,2.0,,5.0,,8.0,0.0,0.0,0.0,0.0,22806528,16067,27203,696,-37.396225,0.012704618388670496,0.004833780686021782,-4.65558992922306,0,0.0,0.0,0.0,,,5.529104562831762,0,0,0.0,-23.100996,-23.100996017456055,0.0,2712.815392851902
140,1784041940.368799,,8.0,,6.0,,10.0,,1.0,,4.0,,2.0,,5.0,,8.0,0.0,0.0,0.0,0.0,22970368,16155,27371,701,-47.32514,0.014082373131532221,0.004286925855558366,-4.69229120016098,0,0.0,0.0,0.0,,,5.602996346344208,0,0,0.0,-61.60438,-61.6043815612793,0.0,2466.8832433028115
141,1784042008.4435666,,8.0,,6.0,,10.0,,1.0,,4.0,,2.0,,5.0,,8.0,0.0,0.0,0.0,0.0,23134208,16247,27543,706,-39.792816,0.01552983455476351,0.00661675535957329,-4.733956050872803,0,0.0,0.0,0.0,,,5.5211018473679285,0,0,0.0,-32.1472,-32.14720153808594,0.0,2406.768933701297
142,1784042070.806755,,8.0,,6.0,,10.0,,1.0,,4.0,,2.0,,5.0,,8.0,0.0,0.0,0.0,0.0,23298048,16333,27709,711,-36.14158,0.013515177802764811,0.004592727152339648,-4.779235291481018,0,0.0,0.0,0.0,,,5.713845046594491,0,0,0.0,-27.84906,-27.84906005859375,0.0,2627.1870870049424
143,1784042124.3193579,,8.0,,6.0,,10.0,,1.0,,4.0,,2.0,,5.0,,8.0,0.0,0.0,0.0,0.0,23461888,16420,27876,716,-47.84322,0.01642362124985084,0.0029176858253777025,-4.785306683182716,0,0.0,0.0,0.0,,,5.399539229710077,0,0,0.0,-61.88614,-61.886138916015625,0.0,3061.708287200002
144,1784042174.5444078,,8.0,,6.0,,10.0,,1.0,,4.0,,2.0,,5.0,,8.0,0.0,0.0,0.0,0.0,23625728,16510,28046,721,-55.398384,0.016769389717956072,0.005456017341930419,-4.7236050218343735,0,0.0,0.0,0.0,,,5.123930523584693,0,0,0.0,-73.9581,-73.95809936523438,0.0,3262.117223954678
145,1784042232.5055995,,8.0,,6.0,,10.0,,1.0,,4.0,,2.0,,5.0,,8.0,0.0,0.0,0.0,0.0,23789568,16598,28214,726,-37.088142,0.009788190823746845,0.003947975026676431,-4.734252405166626,0,0.0,0.0,0.0,,,5.222696854791728,0,0,0.0,-31.419254,-31.419254302978516,0.0,2826.720335518263
146,1784042290.4030757,,8.0,,6.0,,10.0,,1.0,,4.0,,2.0,,5.0,,8.0,0.0,0.0,0.0,0.0,23953408,16689,28385,731,-51.7069,0.0122166886809282,0.004003658107831143,-4.766464272141457,0,0.0,0.0,0.0,,,4.35174136010172,0,0,0.0,-21.069107,-21.069107055664062,0.0,2829.8288563576043
147,1784042350.6162903,,8.0,,6.0,,10.0,,1.0,,4.0,,2.0,,5.0,,8.0,0.0,0.0,0.0,0.0,24117248,16779,28555,736,-17.063402,0.009323578582552727,0.0035912100225687026,-4.782611072063446,0,0.0,0.0,0.0,,,5.827635517691688,0,0,0.0,-22.22002,-22.220020294189453,0.0,2720.9974804941257
148,1784042409.4020188,,8.0,,6.0,,10.0,,1.0,,4.0,,2.0,,5.0,,8.0,0.0,0.0,0.0,0.0,24281088,16877,28733,741,-43.01743,0.007504423591308295,0.005077802488813177,-4.820807382464409,0,0.0,0.0,0.0,,,6.631010395494916,0,0,0.0,-20.24352,-20.243520736694336,0.0,2787.0707058966727
149,1784042467.2157035,,8.0,,6.0,,10.0,,1.0,,4.0,,2.0,,5.0,,8.0,0.0,0.0,0.0,0.0,24444928,16975,28911,746,-38.560444,0.014645696786465124,0.004450226425251458,-4.855977800488472,0,0.0,0.0,0.0,,,5.856675046288924,0,0,0.0,-34.983154,-34.983154296875,0.0,2833.931783759617
150,1784042525.6575654,,8.0,,6.0,,10.0,,1.0,,4.0,,2.0,,5.0,,8.0,0.0,0.0,0.0,0.0,24608768,17073,29089,751,-47.1662,0.020117957971524447,0.006014738348312676,-4.868027409911155,0,0.0,0.0,0.0,,,5.716599622338011,0,0,0.0,-44.620083,-44.62008285522461,0.0,2803.4710375498735
151,1784042596.5094945,,8.0,,6.0,,10.0,,1.0,,4.0,,2.0,,5.0,,8.0,0.0,0.0,0.0,0.0,24772608,17171,29267,756,-23.387047,0.011510739670484327,0.005178499291650951,-4.87353737950325,0,0.0,0.0,0.0,,,6.366659803810748,0,0,0.0,-71.530136,-71.53013610839844,0.0,2312.4278072232605
152,1784042682.4295244,,8.0,,6.0,,10.0,,1.0,,4.0,,2.0,,5.0,,8.0,0.0,0.0,0.0,0.0,24936448,17281,29457,761,-38.253395,0.020067780578392556,0.004525149968685582,-4.829472550749779,0,0.0,0.0,0.0,,,5.070123430779499,0,0,0.0,-55.043865,-55.04386520385742,0.0,1906.8888180037613
153,1784042761.5030525,,8.0,,6.0,,10.0,,1.0,,4.0,,2.0,,5.0,,8.0,0.0,0.0,0.0,0.0,25100288,17382,29638,766,-32.616234,0.01700770455645397,0.0036879436927847566,-4.778203213214875,0,0.0,0.0,0.0,,,5.2938313397903745,0,0,0.0,-67.99728,-67.99727630615234,0.0,2071.995680495511
154,1784042846.5084572,,8.0,,6.0,,10.0,,1.0,,4.0,,2.0,,5.0,,8.0,0.0,0.0,0.0,0.0,25264128,17490,29826,771,-51.417988,0.018559584650211035,0.002145038262824528,-4.81104154586792,0,0.0,0.0,0.0,,,4.912143651795532,0,0,0.0,-36.356453,-36.35645294189453,0.0,1927.4080737830761
155,1784042932.0630333,,8.0,,6.0,,10.0,,1.0,,4.0,,2.0,,5.0,,8.0,0.0,0.0,0.0,0.0,25427968,17580,29996,776,-55.121147,0.017778054738300852,0.005179364868672565,-4.788129597902298,0,0.0,0.0,0.0,,,4.99694516327757,0,0,0.0,-17.862352,-17.86235237121582,0.0,1915.0342090114011
156,1784043020.72545,,8.0,,6.0,,10.0,,1.0,,4.0,,2.0,,5.0,,8.0,0.0,0.0,0.0,0.0,25591808,17677,30173,781,-31.4771,0.019085257477127016,0.005174191672995221,-4.749601143598556,0,0.0,0.0,0.0,,,5.351160980794237,0,0,0.0,-40.029747,-40.029747009277344,0.0,1847.9077281348577
157,1784043105.2961836,,8.0,,6.0,,10.0,,1.0,,4.0,,2.0,,5.0,,8.0,0.0,0.0,0.0,0.0,25755648,17765,30341,786,-31.62119,0.014736309222644194,0.003296534647233784,-4.757650554180145,0,0.0,0.0,0.0,,,5.641622823911405,0,0,0.0,-20.600428,-20.600427627563477,0.0,1937.313443799837
158,1784043190.7226756,,8.0,,6.0,,10.0,,1.0,,4.0,,2.0,,5.0,,8.0,0.0,0.0,0.0,0.0,25919488,17858,30514,791,-26.922321,0.010450221956125461,0.004608998929325025,-4.83856937289238,0,0.0,0.0,0.0,,,5.1033899431728305,0,0,0.0,-37.20292,-37.202919006347656,0.0,1917.9062638398607
159,1784043272.0201802,,8.0,,6.0,,10.0,,1.0,,4.0,,2.0,,5.0,,8.0,0.0,0.0,0.0,0.0,26083328,17960,30696,796,-52.32785,0.019971479364903642,0.00445506291143829,-4.77517811357975,0,0.0,0.0,0.0,,,5.577357009335542,0,0,0.0,-39.355877,-39.35587692260742,0.0,2015.3141316840088
160,1784043363.4155502,,8.0,,6.0,,10.0,,1.0,,4.0,,2.0,,5.0,,8.0,0.0,0.0,0.0,0.0,26247168,18068,30884,801,-33.904507,0.023883792478591202,0.003071220433048438,-4.789444288611412,0,0.0,0.0,0.0,,,5.025039326506886,0,0,0.0,-25.580166,-25.58016586303711,0.0,1792.6515803652367
161,1784043448.721902,,8.0,,6.0,,10.0,,1.0,,4.0,,2.0,,5.0,,8.0,0.0,0.0,0.0,0.0,26411008,18154,31050,806,-37.35892,0.015472173792659305,0.005675261856958968,-4.7684212803840635,0,0.0,0.0,0.0,,,5.433675329596985,0,0,0.0,-41.631367,-41.63136672973633,0.0,1920.605765529571
162,1784043522.883042,,8.0,,6.0,,10.0,,1.0,,4.0,,2.0,,5.0,,8.0,0.0,0.0,0.0,0.0,26574848,18276,31252,811,-65.17411,0.029167248908197507,0.004134084202814847,-4.757312935590744,0,0.0,0.0,0.0,,,5.245059688063284,0,0,0.0,-81.88659,-81.88658905029297,0.0,2209.2439998706977
163,1784043598.708967,,8.0,,6.0,,10.0,,1.0,,4.0,,2.0,,5.0,,8.0,0.0,0.0,0.0,0.0,26738688,18369,31425,816,-52.437935,0.018491619895212353,0.004178985077305697,-4.757827886939049,0,0.0,0.0,0.0,,,4.763301323233283,0,0,0.0,-43.100166,-43.10016632080078,0.0,2160.738735061598
164,1784043659.7400203,,8.0,,6.0,,10.0,,1.0,,4.0,,2.0,,5.0,,8.0,0.0,0.0,0.0,0.0,26902528,18473,31609,821,-60.056866,0.02145625067059882,0.0056203282409114765,-4.767335194349289,0,0.0,0.0,0.0,,,6.000585650487546,0,0,0.0,-77.53966,-77.53965759277344,0.0,2684.536423497274
165,1784043728.5680397,,8.0,,6.0,,10.0,,1.0,,4.0,,2.0,,5.0,,8.0,0.0,0.0,0.0,0.0,27066368,18576,31792,826,-39.81818,0.014579118767869659,0.00505229921254795,-4.8126432448625565,0,0.0,0.0,0.0,,,5.426388277703689,0,0,0.0,-20.336924,-20.336923599243164,0.0,2380.424654101261
166,1784043792.424105,,8.0,,6.0,,10.0,,1.0,,4.0,,2.0,,5.0,,8.0,0.0,0.0,0.0,0.0,27230208,18667,31963,831,-36.80535,0.016191289803828113,0.001429444367386168,-4.771884509921074,0,0.0,0.0,0.0,,,4.4365594185752295,0,0,0.0,-48.80899,-48.808990478515625,0.0,2565.7723716033834
167,1784043861.319899,,8.0,,6.0,,10.0,,1.0,,4.0,,2.0,,5.0,,8.0,0.0,0.0,0.0,0.0,27394048,18759,32135,836,-23.07257,0.01000099596567452,0.004404081133543514,-4.714356470108032,0,0.0,0.0,0.0,,,4.794380393690576,0,0,0.0,-13.653064,-13.653063774108887,0.0,2378.0840628540545
168,1784043930.001552,,8.0,,6.0,,10.0,,1.0,,4.0,,2.0,,5.0,,8.0,0.0,0.0,0.0,0.0,27557888,18844,32300,841,-10.40091,0.01019059632671997,0.0026325339684262873,-4.719763705134392,0,0.0,0.0,0.0,,,5.416520074117368,0,0,0.0,-33.86904,-33.869041442871094,0.0,2385.4979586259337
169,1784043999.555575,,8.0,,6.0,,10.0,,1.0,,4.0,,2.0,,5.0,,8.0,0.0,0.0,0.0,0.0,27721728,18937,32473,846,-2.6362655,0.0077484237161115745,0.003846308749052696,-4.705682870745659,0,0.0,0.0,0.0,,,4.768747981924841,0,0,0.0,-21.111277,-21.111276626586914,0.0,2355.5802672317764
170,1784044061.6972156,,8.0,,6.0,,10.0,,1.0,,4.0,,2.0,,5.0,,8.0,0.0,0.0,0.0,0.0,27885568,19024,32640,851,-32.83771,0.010543559191864916,0.002724341159046162,-4.6973652094602585,0,0.0,0.0,0.0,,,5.149948555618348,0,0,0.0,-94.3857,-94.38569641113281,0.0,2636.554477134662
171,1784044124.3759055,,8.0,,6.0,,10.0,,1.0,,4.0,,2.0,,5.0,,8.0,0.0,0.0,0.0,0.0,28049408,19117,32813,856,-17.890406,0.007914014159177895,0.004651998146437108,-4.6777905255556105,0,0.0,0.0,0.0,,,6.2882701343814755,0,0,0.0,-52.46632,-52.4663200378418,0.0,2613.9679983303704
172,1784044193.3525772,,8.0,,6.0,,10.0,,1.0,,4.0,,2.0,,5.0,,8.0,0.0,0.0,0.0,0.0,28213248,19206,32982,861,-23.379972,0.00891487621847773,0.0029346853130846283,-4.671561062335968,0,0.0,0.0,0.0,,,4.7906677255032335,0,0,0.0,-15.053447,-15.053446769714355,0.0,2375.294384291922
173,1784044257.317108,,8.0,,6.0,,10.0,,1.0,,4.0,,2.0,,5.0,,8.0,0.0,0.0,0.0,0.0,28377088,19295,33151,866,-16.079205,0.01202370207174681,0.003186119144083932,-4.679420092701912,0,0.0,0.0,0.0,,,5.6154032722369065,0,0,0.0,-41.91053,-41.91053009033203,0.0,2561.419949466786
174,1784044324.3455167,,8.0,,6.0,,10.0,,1.0,,4.0,,2.0,,5.0,,8.0,0.0,0.0,0.0,0.0,28540928,19380,33316,871,-29.406662,0.008866876727552153,0.005097304099763278,-4.688942947983742,0,0.0,0.0,0.0,,,5.498695289471397,0,0,0.0,-44.04084,-44.04084014892578,0.0,2444.336755989072
175,1784044392.6508722,,8.0,,6.0,,10.0,,1.0,,4.0,,2.0,,5.0,,8.0,0.0,0.0,0.0,0.0,28704768,19466,33482,876,-26.678574,0.007739984484214801,0.0033092741563450546,-4.714692381024361,0,0.0,0.0,0.0,,,5.54391461767469,0,0,0.0,-21.596737,-21.596736907958984,0.0,2398.6407187858176
176,1784044460.5508366,,8.0,,6.0,,10.0,,1.0,,4.0,,2.0,,5.0,,8.0,0.0,0.0,0.0,0.0,28868608,19552,33648,881,-53.22929,0.01646773728716653,0.003233389955130406,-4.71368060708046,0,0.0,0.0,0.0,,,4.717662755484157,0,0,0.0,-14.159932,-14.159932136535645,0.0,2412.960846057234
177,1784044528.9160125,,8.0,,6.0,,10.0,,1.0,,4.0,,2.0,,5.0,,8.0,0.0,0.0,0.0,0.0,29032448,19639,33815,886,-2.1583362,0.005183105925971177,0.002251155732665211,-4.6907125383615496,0,0.0,0.0,0.0,,,4.907497869057805,0,0,0.0,-21.709461,-21.709461212158203,0.0,2396.541868931426
178,1784044593.2336862,,8.0,,6.0,,10.0,,1.0,,4.0,,2.0,,5.0,,8.0,0.0,0.0,0.0,0.0,29196288,19721,33977,891,-7.892501,0.006395355604036012,0.005270625959383324,-4.723213249444962,0,0.0,0.0,0.0,,,5.703597537107356,0,0,0.0,-48.489723,-48.489723205566406,0.0,2547.356542793783
179,1784044674.0987494,,8.0,,6.0,,10.0,,1.0,,4.0,,2.0,,5.0,,8.0,0.0,0.0,0.0,0.0,29360128,19817,34153,896,-42.792442,0.010618184591294266,0.0031158753583440555,-4.713390111923218,0,0.0,0.0,0.0,,,5.216680326537246,0,0,0.0,-33.2486,-33.248600006103516,0.0,2026.0910755187313
180,1784044747.9266107,,8.0,,6.0,,10.0,,1.0,,4.0,,2.0,,5.0,,8.0,0.0,0.0,0.0,0.0,29523968,19903,34319,901,-1.6362906,0.006326286125113256,0.003672247545910068,-4.706054621934891,0,0.0,0.0,0.0,,,5.765782064945197,0,0,0.0,-69.47584,-69.47583770751953,0.0,2219.2170867891814
181,1784044819.1834939,,8.0,,6.0,,10.0,,1.0,,4.0,,2.0,,5.0,,8.0,0.0,0.0,0.0,0.0,29687808,19990,34486,906,-14.232295,0.011529524173238315,0.004633229741011746,-4.687052541971207,0,0.0,0.0,0.0,,,4.572623950246249,0,0,0.0,-16.81874,-16.818740844726562,0.0,2299.286204732723
182,1784044893.3295147,,8.0,,6.0,,10.0,,1.0,,4.0,,2.0,,5.0,,8.0,0.0,0.0,0.0,0.0,29851648,20074,34650,911,-1.7599261,0.006250405639730161,0.004703467066428857,-4.699165073037148,0,0.0,0.0,0.0,,,5.415024078067734,0,0,0.0,-0.08528261,-0.08528260886669159,0.0,2209.696059733585
183,1784044960.8055003,,8.0,,6.0,,10.0,,1.0,,4.0,,2.0,,5.0,,8.0,0.0,0.0,0.0,0.0,30015488,20159,34815,916,-5.416091,0.007408273723558523,0.005258447698724922,-4.6947453916072845,0,0.0,0.0,0.0,,,5.604767556426234,0,0,0.0,-35.509346,-35.50934600830078,0.0,2428.1200068406574
184,1784045028.9069052,,8.0,,6.0,,10.0,,1.0,,4.0,,2.0,,5.0,,8.0,0.0,0.0,0.0,0.0,30179328,20242,34978,921,-11.302777,0.007885129626083653,0.0035322760639246555,-4.746620047092438,0,0.0,0.0,0.0,,,5.67644834063559,0,0,0.0,-36.229862,-36.229862213134766,0.0,2405.824464542685
185,1784045097.3951945,,8.0,,6.0,,10.0,,1.0,,4.0,,2.0,,5.0,,8.0,0.0,0.0,0.0,0.0,30343168,20326,35142,926,-22.118477,0.007137682345637586,0.005510804973891936,-4.735634934902191,0,0.0,0.0,0.0,,,4.996663050813337,0,0,0.0,-15.653908,-15.653907775878906,0.0,2392.235245802749
186,1784045165.0456688,,8.0,,6.0,,10.0,,1.0,,4.0,,2.0,,5.0,,8.0,0.0,0.0,0.0,0.0,30507008,20410,35306,931,-5.4641676,0.005622602654329967,0.005201382271479815,-4.7711641669273375,0,0.0,0.0,0.0,,,5.533171064835756,0,0,0.0,-19.070862,-19.07086181640625,0.0,2421.858678210496
187,1784045233.364258,,8.0,,6.0,,10.0,,1.0,,4.0,,2.0,,5.0,,8.0,0.0,0.0,0.0,0.0,30670848,20493,35469,936,-36.751865,0.006556314452609513,0.005177808852749877,-4.796226990222931,0,0.0,0.0,0.0,,,5.320993495547603,0,0,0.0,-33.22299,-33.22298812866211,0.0,2398.177204210592
188,1784045301.368199,,8.0,,6.0,,10.0,,1.0,,4.0,,2.0,,5.0,,8.0,0.0,0.0,0.0,0.0,30834688,20576,35632,941,-10.188322,0.00710503974405583,0.004162898831418715,-4.796951657533645,0,0.0,0.0,0.0,,,5.199851404519544,0,0,0.0,-15.236914,-15.236913681030273,0.0,2409.2724378435328
189,1784045374.957139,,8.0,,6.0,,10.0,,1.0,,4.0,,2.0,,5.0,,8.0,0.0,0.0,0.0,0.0,30998528,20661,35797,946,-26.342335,0.010954797419253736,0.003088780472171493,-4.801748129725456,0,0.0,0.0,0.0,,,4.86087588986845,0,0,0.0,-4.9215336,-4.921533584594727,0.0,2226.420869692375
190,1784045442.690946,,8.0,,6.0,,10.0,,1.0,,4.0,,2.0,,5.0,,8.0,0.0,0.0,0.0,0.0,31162368,20744,35960,951,-6.225326,0.005211660814529751,0.00319147592963418,-4.812078413367272,0,0.0,0.0,0.0,,,5.4238946034631725,0,0,0.0,-6.618586,-6.61858606338501,0.0,2418.879974854773
191,1784045510.3571436,,8.0,,6.0,,10.0,,1.0,,4.0,,2.0,,5.0,,8.0,0.0,0.0,0.0,0.0,31326208,20826,36122,956,-1.2903652,0.00567125191737432,0.0049327104788972065,-4.805223351716995,0,0.0,0.0,0.0,,,5.4497936371416795,0,0,0.0,-11.657438,-11.657438278198242,0.0,2421.296923351793
192,1784045583.6762042,,8.0,,6.0,,10.0,,1.0,,4.0,,2.0,,5.0,,8.0,0.0,0.0,0.0,0.0,31490048,20910,36286,961,-28.804626,0.010740614042151719,0.004115875278512249,-4.79808287024498,0,0.0,0.0,0.0,,,5.241309859660757,0,0,0.0,-1.4826648,-1.4826648235321045,0.0,2234.617927314208
193,1784045651.8902571,,8.0,,6.0,,10.0,,1.0,,4.0,,2.0,,5.0,,8.0,0.0,0.0,0.0,0.0,31653888,20997,36453,966,-24.699818,0.011282560977269896,0.004874048323836177,-4.81420413851738,0,0.0,0.0,0.0,,,5.25010052657732,0,0,0.0,-18.4195,-18.41950035095215,0.0,2401.849978186478
194,1784045719.3705223,,8.0,,6.0,,10.0,,1.0,,4.0,,2.0,,5.0,,8.0,0.0,0.0,0.0,0.0,31817728,21090,36626,971,-11.832219,0.011682384576124605,0.004221088025951758,-4.79360277056694,0,0.0,0.0,0.0,,,4.637488671467082,0,0,0.0,-21.21599,-21.21599006652832,0.0,2427.9701853641213
195,1784045784.5781438,,8.0,,6.0,,10.0,,1.0,,4.0,,2.0,,5.0,,8.0,0.0,0.0,0.0,0.0,31981568,21181,36797,976,-43.56659,0.01612613409233745,0.004320568020921201,-4.781273958086968,0,0.0,0.0,0.0,,,5.512685465154194,0,0,0.0,-48.478687,-48.47868728637695,0.0,2512.5920417678917
196,1784045849.6237545,,8.0,,6.0,,10.0,,1.0,,4.0,,2.0,,5.0,,8.0,0.0,0.0,0.0,0.0,32145408,21270,36966,981,-12.519754,0.004545390600833343,0.00302530295739416,-4.7766014486551285,0,0.0,0.0,0.0,,,5.667819583811836,0,0,0.0,-53.557793,-53.55779266357422,0.0,2518.8453406989483
197,1784045916.8284166,,8.0,,6.0,,10.0,,1.0,,4.0,,2.0,,5.0,,8.0,0.0,0.0,0.0,0.0,32309248,21354,37130,986,-10.254412,0.00458389248669846,0.005916348376194947,-4.750843062996864,0,0.0,0.0,0.0,,,5.773697861104478,0,0,0.0,-36.611664,-36.611663818359375,0.0,2437.926352559454
198,1784045989.9192452,,8.0,,6.0,,10.0,,1.0,,4.0,,2.0,,5.0,,8.0,0.0,0.0,0.0,0.0,32473088,21439,37295,991,-31.321468,0.009699646396620664,0.0022980743218795397,-4.756647735834122,0,0.0,0.0,0.0,,,4.5247095172517815,0,0,0.0,-1.9725344,-1.972534418106079,0.0,2241.5947236072243
199,1784046057.3759274,,8.0,,6.0,,10.0,,1.0,,4.0,,2.0,,5.0,,8.0,0.0,0.0,0.0,0.0,32636928,21525,37461,996,-10.241859,0.006459960863867309,0.004476754790812265,-4.775327256321907,0,0.0,0.0,0.0,,,5.417302613304478,0,0,0.0,-15.080751,-15.080751419067383,0.0,2428.8181644861484
200,1784046126.2283523,,8.0,,6.0,,10.0,,1.0,,4.0,,2.0,,5.0,,8.0,0.0,0.0,0.0,0.0,32800768,21607,37623,1001,-1.5266005,0.004983202485891525,0.002695619873702526,-4.792588341236114,0,0.0,0.0,0.0,,,5.604888776604494,0,0,0.0,-23.11277,-23.112770080566406,0.0,2379.5809749488226
201,1784046199.1321514,,8.0,,6.0,,10.0,,1.0,,4.0,,2.0,,5.0,,8.0,0.0,0.0,0.0,0.0,32964608,21692,37788,1006,-7.2668595,0.0056615638372022655,0.004564785255934112,-4.83373216688633,0,0.0,0.0,0.0,,,5.135860587798706,0,0,0.0,-1.9499953,-1.9499952793121338,0.0,2247.3453027084756
202,1784046266.6739316,,8.0,,6.0,,10.0,,1.0,,4.0,,2.0,,5.0,,8.0,0.0,0.0,0.0,0.0,33128448,21772,37948,1011,-21.218151,0.004141479894315125,0.00439345216145739,-4.878933784365654,0,0.0,0.0,0.0,,,5.674808061878146,0,0,0.0,-27.72782,-27.727819442749023,0.0,2425.757718704176
203,1784046338.5188482,,8.0,,6.0,,10.0,,1.0,,4.0,,2.0,,5.0,,8.0,0.0,0.0,0.0,0.0,33292288,21852,38108,1016,-22.381369,0.006845561684167478,0.0036528111711959356,-4.905278807878494,0,0.0,0.0,0.0,,,4.823014742132181,0,0,0.0,-5.012374,-5.012373924255371,0.0,2280.468059263919
204,1784046405.0249054,,8.0,,6.0,,10.0,,1.0,,4.0,,2.0,,5.0,,8.0,0.0,0.0,0.0,0.0,33456128,21936,38272,1021,-2.633412,0.004244984628894599,0.005510016025800724,-4.947977271676064,0,0.0,0.0,0.0,,,5.84736116763259,0,0,0.0,-31.390202,-31.390201568603516,0.0,2463.533762642227
205,1784046473.7999542,,8.0,,6.0,,10.0,,1.0,,4.0,,2.0,,5.0,,8.0,0.0,0.0,0.0,0.0,33619968,22023,38439,1026,-14.3792515,0.008048685682297219,0.003333954015397467,-4.934300446510315,0,0.0,0.0,0.0,,,4.8840694508204265,0,0,0.0,-12.809802,-12.809802055358887,0.0,2382.262044296715
206,1784046542.1830661,,8.0,,6.0,,10.0,,1.0,,4.0,,2.0,,5.0,,8.0,0.0,0.0,0.0,0.0,33783808,22105,38601,1031,-9.5865345,0.005793267469562125,0.005885240064526442,-4.9904950022697445,0,0.0,0.0,0.0,,,5.527491855793892,0,0,0.0,-12.586841,-12.586840629577637,0.0,2395.910472197179
207,1784046614.7530625,,8.0,,6.0,,10.0,,1.0,,4.0,,2.0,,5.0,,8.0,0.0,0.0,0.0,0.0,33947648,22192,38768,1036,-21.538692,0.008473419505753555,0.004158338355773594,-5.014721590280533,0,0.0,0.0,0.0,,,5.4174467251458305,0,0,0.0,1.3426715,1.342671513557434,0.0,2257.685180415494
208,1784046687.895417,,8.0,,6.0,,10.0,,1.0,,4.0,,2.0,,5.0,,8.0,0.0,0.0,0.0,0.0,34111488,22272,38928,1041,-3.2727954,0.004126115658436902,0.0044634797261096535,-5.028472366929054,0,0.0,0.0,0.0,,,5.57953600432566,0,0,0.0,-3.414864,-3.4148640632629395,0.0,2240.013770020698
209,1784046755.7178164,,8.0,,6.0,,10.0,,1.0,,4.0,,2.0,,5.0,,8.0,0.0,0.0,0.0,0.0,34275328,22356,39092,1046,-23.308096,0.008762387921160552,0.003863021526922239,-4.9794960707426075,0,0.0,0.0,0.0,,,4.600652787500303,0,0,0.0,-17.082882,-17.082881927490234,0.0,2415.720721354805
210,1784046823.5436037,,8.0,,6.0,,10.0,,1.0,,4.0,,2.0,,5.0,,8.0,0.0,0.0,0.0,0.0,34439168,22439,39255,1051,-23.2879,0.009818828012794257,0.005386694236949552,-4.94835139811039,0,0.0,0.0,0.0,,,4.6280621393738794,0,0,0.0,-19.471931,-19.47193145751953,0.0,2415.6001578800674
211,1784046891.552447,,8.0,,6.0,,10.0,,1.0,,4.0,,2.0,,5.0,,8.0,0.0,0.0,0.0,0.0,34603008,22522,39418,1056,-5.498929,0.005891501724545378,0.0036120468401350083,-4.962791237235069,0,0.0,0.0,0.0,,,4.9833782233995425,0,0,0.0,-10.476923,-10.476922988891602,0.0,2409.098614475784
212,1784046958.095825,,8.0,,6.0,,10.0,,1.0,,4.0,,2.0,,5.0,,8.0,0.0,0.0,0.0,0.0,34766848,22606,39582,1061,-31.225092,0.008272135551669635,0.003973330010194331,-5.0035259336233135,0,0.0,0.0,0.0,,,4.988840715729998,0,0,0.0,-41.687466,-41.68746566772461,0.0,2462.153047763787
213,1784047030.5651903,,8.0,,6.0,,10.0,,1.0,,4.0,,2.0,,5.0,,8.0,0.0,0.0,0.0,0.0,34930688,22687,39743,1066,-17.353228,0.005698175258294214,0.0029847057914594187,-4.974353486299515,0,0.0,0.0,0.0,,,5.277647995235237,0,0,0.0,-3.7099373,-3.709937334060669,0.0,2260.817159133887
214,1784047098.2188926,,8.0,,6.0,,10.0,,1.0,,4.0,,2.0,,5.0,,8.0,0.0,0.0,0.0,0.0,35094528,22768,39904,1071,-19.22962,0.004487885929120239,0.003219382234965451,-4.979700821638107,0,0.0,0.0,0.0,,,5.330503197089838,0,0,0.0,-31.605688,-31.605688095092773,0.0,2421.746634444608
215,1784047166.6475422,,8.0,,6.0,,10.0,,1.0,,4.0,,2.0,,5.0,,8.0,0.0,0.0,0.0,0.0,35258368,22848,40064,1076,-7.8847556,0.005874098946515005,0.0035001158976228908,-4.997778275609017,0,0.0,0.0,0.0,,,5.342173297701364,0,0,0.0,-19.290909,-19.290908813476562,0.0,2394.31789182084
216,1784047234.9540133,,8.0,,6.0,,10.0,,1.0,,4.0,,2.0,,5.0,,8.0,0.0,0.0,0.0,0.0,35422208,22931,40227,1081,-29.204855,0.00920267324836459,0.0023562424627016298,-5.0267565757036206,0,0.0,0.0,0.0,,,3.655772850883305,0,0,0.0,-12.028085,-12.028084754943848,0.0,2398.6005205035813
217,1784047309.0314174,,8.0,,6.0,,10.0,,1.0,,4.0,,2.0,,5.0,,8.0,0.0,0.0,0.0,0.0,35586048,23012,40388,1086,-11.459946,0.003509350364765851,0.004623950461973436,-5.03049713075161,0,0.0,0.0,0.0,,,6.058971312535816,0,0,0.0,-22.016762,-22.016761779785156,0.0,2211.740749100676
218,1784047394.1317751,,8.0,,6.0,,10.0,,1.0,,4.0,,2.0,,5.0,,8.0,0.0,0.0,0.0,0.0,35749888,23099,40555,1091,-31.509449,0.006243972473021131,0.003997914880164899,-5.023803487420082,0,0.0,0.0,0.0,,,6.542139145646002,0,0,0.0,-5.821575,-5.821575164794922,0.0,1925.256194033155
219,1784047473.1059482,,8.0,,6.0,,10.0,,1.0,,4.0,,2.0,,5.0,,8.0,0.0,0.0,0.0,0.0,35913728,23182,40718,1096,-5.533515,0.004345746777835302,0.002409545468981378,-5.042555153369904,0,0.0,0.0,0.0,,,5.755556163416914,0,0,0.0,-3.7017608,-3.701760768890381,0.0,2074.603485198088
220,1784047541.2566562,,8.0,,6.0,,10.0,,1.0,,4.0,,2.0,,5.0,,8.0,0.0,0.0,0.0,0.0,36077568,23266,40882,1101,-34.840202,0.009282003609405365,0.0041244900348829105,-5.029450252652168,0,0.0,0.0,0.0,,,4.901277291860048,0,0,0.0,-16.743683,-16.743682861328125,0.0,2404.081677716103
221,1784047603.5518277,,8.0,,6.0,,10.0,,1.0,,4.0,,2.0,,5.0,,8.0,0.0,0.0,0.0,0.0,36241408,23353,41049,1106,-15.875412,0.006072089588269591,0.004496097090304829,-4.999328854680061,0,0.0,0.0,0.0,,,5.835011981166946,0,0,0.0,-43.859047,-43.859046936035156,0.0,2630.0595180438427
222,1784047671.467885,,8.0,,6.0,,10.0,,1.0,,4.0,,2.0,,5.0,,8.0,0.0,0.0,0.0,0.0,36405248,23443,41219,1111,-18.454472,0.007236884777375963,0.004614123576902785,-4.990962135791778,0,0.0,0.0,0.0,,,6.203603183258904,0,0,0.0,-16.683212,-16.683212280273438,0.0,2412.3896046326436
223,1784047742.353337,,8.0,,6.0,,10.0,,1.0,,4.0,,2.0,,5.0,,8.0,0.0,0.0,0.0,0.0,36569088,23530,41386,1116,-48.00788,0.008097159248427488,0.0030685689038364218,-4.9854423016309735,0,0.0,0.0,0.0,,,6.240388085604863,0,0,0.0,2.1360912,2.1360912322998047,0.0,2311.3353784050555
224,1784047814.3898807,,8.0,,6.0,,10.0,,1.0,,4.0,,2.0,,5.0,,8.0,0.0,0.0,0.0,0.0,36732928,23610,41546,1121,-5.0954227,0.008737770500010811,0.004903413291322068,-5.009231913089752,0,0.0,0.0,0.0,,,5.308231947171812,0,0,0.0,-3.2517598,-3.2517597675323486,0.0,2274.400732808159
225,1784047886.2126038,,8.0,,6.0,,10.0,,1.0,,4.0,,2.0,,5.0,,8.0,0.0,0.0,0.0,0.0,36896768,23691,41707,1126,-20.043188,0.004157895877142437,0.002951197896618396,-5.018149250745774,0,0.0,0.0,0.0,,,5.982225522429379,0,0,0.0,0.57146233,0.5714623332023621,0.0,2281.1720319409433
226,1784047958.9424713,,8.0,,6.0,,10.0,,1.0,,4.0,,2.0,,5.0,,8.0,0.0,0.0,0.0,0.0,37060608,23776,41872,1131,-25.086372,0.005560107383644208,0.0038316544552799313,-5.0214025408029554,0,0.0,0.0,0.0,,,6.00903710186084,0,0,0.0,-0.7197645,-0.7197644710540771,0.0,2252.7209792490294
227,1784048031.5308158,,8.0,,6.0,,10.0,,1.0,,4.0,,2.0,,5.0,,8.0,0.0,0.0,0.0,0.0,37224448,23857,42033,1136,-21.052143,0.0077151607983978465,0.004535223959828727,-5.034387376904488,0,0.0,0.0,0.0,,,6.54058360395113,0,0,0.0,-11.220864,-11.220864295959473,0.0,2257.110308438638
228,1784048093.2424755,,8.0,,6.0,,10.0,,1.0,,4.0,,2.0,,5.0,,8.0,0.0,0.0,0.0,0.0,37388288,23939,42195,1141,-9.372956,0.004428891968564131,0.0032535794322029687,-5.053760772943496,0,0.0,0.0,0.0,,,5.872419889177882,0,0,0.0,-45.37875,-45.37874984741211,0.0,2654.927798140543
229,1784048162.8903265,,8.0,,6.0,,10.0,,1.0,,4.0,,2.0,,5.0,,8.0,0.0,0.0,0.0,0.0,37552128,24026,42362,1146,-31.007257,0.006580171608948149,0.003969669895013794,-5.101196765899658,0,0.0,0.0,0.0,,,6.327399894096911,0,0,0.0,-41.677452,-41.677452087402344,0.0,2352.4054884025963
230,1784048229.5939338,,8.0,,6.0,,10.0,,1.0,,4.0,,2.0,,5.0,,8.0,0.0,0.0,0.0,0.0,37715968,24111,42527,1151,-25.428474,0.006293658290815074,0.0038236800726735966,-5.147033524513245,0,0.0,0.0,0.0,,,6.288635245909201,0,0,0.0,-39.835632,-39.83563232421875,0.0,2456.2394143600327
231,1784048302.3859348,,8.0,,6.0,,10.0,,1.0,,4.0,,2.0,,5.0,,8.0,0.0,0.0,0.0,0.0,37879808,24195,42691,1156,-36.97858,0.010454236171790398,0.004195010717376135,-5.195118409395218,0,0.0,0.0,0.0,,,6.669426843568658,0,0,0.0,-0.96798974,-0.9679897427558899,0.0,2250.7974226880333
232,1784048369.6687758,,8.0,,6.0,,10.0,,1.0,,4.0,,2.0,,5.0,,8.0,0.0,0.0,0.0,0.0,38043648,24279,42855,1161,-23.865892,0.00696723387518432,0.004113193781813606,-5.260239279270172,0,0.0,0.0,0.0,,,6.442580072263114,0,0,0.0,-64.829544,-64.82954406738281,0.0,2435.0925477111696
233,1784048451.0047135,,8.0,,6.0,,10.0,,1.0,,4.0,,2.0,,5.0,,8.0,0.0,0.0,0.0,0.0,38207488,24363,43019,1166,-21.608257,0.006733644031919539,0.006115800359111745,-5.288292652368545,0,0.0,0.0,0.0,,,6.668373070358333,0,0,0.0,-18.458405,-18.458404541015625,0.0,2014.3624960066845
234,1784048538.487138,,8.0,,6.0,,10.0,,1.0,,4.0,,2.0,,5.0,,8.0,0.0,0.0,0.0,0.0,38371328,24449,43185,1171,-68.6665,0.008855592549662106,0.003619780753797386,-5.3055085182189945,0,0.0,0.0,0.0,,,6.249191404619393,0,0,0.0,-40.41049,-40.41048812866211,0.0,1872.832686832216
235,1784048622.257176,,8.0,,6.0,,10.0,,1.0,,4.0,,2.0,,5.0,,8.0,0.0,0.0,0.0,0.0,38535168,24540,43356,1176,-25.5098,0.01394673292816151,0.0032948410604149102,-5.3154274195432665,0,0.0,0.0,0.0,,,5.241980078874214,0,0,0.0,-31.227182,-31.227182388305664,0.0,1955.8306259279693
236,1784048706.312035,,8.0,,6.0,,10.0,,1.0,,4.0,,2.0,,5.0,,8.0,0.0,0.0,0.0,0.0,38699008,24627,43523,1181,-41.461815,0.011203465586004314,0.0016807312567834742,-5.292423117160797,0,0.0,0.0,0.0,,,5.470186038082886,0,0,0.0,-29.98017,-29.98016929626465,0.0,1949.2041096791982
237,1784048789.1436048,,8.0,,6.0,,10.0,,1.0,,4.0,,2.0,,5.0,,8.0,0.0,0.0,0.0,0.0,38862848,24728,43704,1186,-35.966557,0.0180690853507258,0.005902780152973719,-5.299258878827095,0,0.0,0.0,0.0,,,6.914242746749338,0,0,0.0,-27.130075,-27.130075454711914,0.0,1977.9905607042629
238,1784048877.4337802,,8.0,,6.0,,10.0,,1.0,,4.0,,2.0,,5.0,,8.0,0.0,0.0,0.0,0.0,39026688,24831,43887,1191,-4.7411227,0.008058087882818653,0.00414232298207935,-5.307428950071335,0,0.0,0.0,0.0,,,6.908475644714128,0,0,0.0,-23.820887,-23.820886611938477,0.0,1855.6976273044902
239,1784048957.8011234,,8.0,,6.0,,10.0,,1.0,,4.0,,2.0,,5.0,,8.0,0.0,0.0,0.0,0.0,39190528,24921,44057,1196,-40.790257,0.016200780775398015,0.003556495561497286,-5.306562003493309,0,0.0,0.0,0.0,,,5.77645723371079,0,0,0.0,-54.851646,-54.851646423339844,0.0,2038.6393096688935
240,1784049046.981947,,8.0,,6.0,,10.0,,1.0,,4.0,,2.0,,5.0,,8.0,0.0,0.0,0.0,0.0,39354368,25004,44220,1201,-18.71147,0.009879309631651267,0.0032834932615514846,-5.331005185842514,0,0.0,0.0,0.0,,,7.170061546753648,0,0,0.0,-1.0750649,-1.0750648975372314,0.0,1837.1656039722534
241,1784049129.4864013,,8.0,,6.0,,10.0,,1.0,,4.0,,2.0,,5.0,,8.0,0.0,0.0,0.0,0.0,39518208,25091,44387,1206,-4.741974,0.004345490576088196,0.004671178906573914,-5.369678664207458,0,0.0,0.0,0.0,,,7.417839038665917,0,0,0.0,-31.596502,-31.59650230407715,0.0,1985.8331747299435
242,1784049210.1813319,,8.0,,6.0,,10.0,,1.0,,4.0,,2.0,,5.0,,8.0,0.0,0.0,0.0,0.0,39682048,25178,44554,1211,-60.638653,0.014534144560457207,0.0052149662413285116,-5.364468213915825,0,0.0,0.0,0.0,,,5.6666777765045735,0,0,0.0,-51.06922,-51.06922149658203,0.0,2030.3635764832752
243,1784049290.608609,,8.0,,6.0,,10.0,,1.0,,4.0,,2.0,,5.0,,8.0,0.0,0.0,0.0,0.0,39845888,25269,44725,1216,-26.271511,0.010665533420979045,0.0035021494433749465,-5.391254970431328,0,0.0,0.0,0.0,,,6.758776536916065,0,0,0.0,-50.05539,-50.055389404296875,0.0,2037.11821795066
244,1784049368.400957,,8.0,,6.0,,10.0,,1.0,,4.0,,2.0,,5.0,,8.0,0.0,0.0,0.0,0.0,40009728,25357,44893,1221,-31.02528,0.015898327197646722,0.003529088606592268,-5.407750296592712,0,0.0,0.0,0.0,,,5.952612442975406,0,0,0.0,-46.903435,-46.90343475341797,0.0,2106.1199129548513
245,1784049451.0482123,,8.0,,6.0,,10.0,,1.0,,4.0,,2.0,,5.0,,8.0,0.0,0.0,0.0,0.0,40173568,25449,45065,1226,-34.843903,0.015228410402778536,0.004045636121009011,-5.411610722541809,0,0.0,0.0,0.0,,,6.259097963810522,0,0,0.0,-28.340267,-28.340267181396484,0.0,1982.4009967547074
246,1784049534.3340948,,8.0,,6.0,,10.0,,1.0,,4.0,,2.0,,5.0,,8.0,0.0,0.0,0.0,0.0,40337408,25535,45231,1231,-25.67281,0.008424142345029395,0.0025940466905012725,-5.366888776421547,0,0.0,0.0,0.0,,,5.173657022676802,0,0,0.0,-27.250479,-27.250478744506836,0.0,1967.200461190501
247,1784049610.5038671,,8.0,,6.0,,10.0,,1.0,,4.0,,2.0,,5.0,,8.0,0.0,0.0,0.0,0.0,40501248,25619,45395,1236,-21.799273,0.009072316161473281,0.003732051582483109,-5.363843059539795,0,0.0,0.0,0.0,,,5.683114347069184,0,0,0.0,-39.327904,-39.327903747558594,0.0,2150.984260981308
248,1784049698.8852322,,8.0,,6.0,,10.0,,1.0,,4.0,,2.0,,5.0,,8.0,0.0,0.0,0.0,0.0,40665088,25703,45559,1241,-43.21058,0.010370598069857805,0.001742803046363406,-5.320759600400924,0,0.0,0.0,0.0,,,4.910570680926315,0,0,0.0,-5.137822,-5.137822151184082,0.0,1853.7853836023567
249,1784049788.1204915,,8.0,,6.0,,10.0,,1.0,,4.0,,2.0,,5.0,,8.0,0.0,0.0,0.0,0.0,40828928,25785,45721,1246,-23.506676,0.0074042201362317425,0.005802455413504504,-5.284719067811966,0,0.0,0.0,0.0,,,5.752998654576573,0,0,0.0,3.7974427,3.797442674636841,0.0,1836.0451029562864
250,1784049877.4593306,,8.0,,6.0,,10.0,,1.0,,4.0,,2.0,,5.0,,8.0,0.0,0.0,0.0,0.0,40992768,25866,45882,1251,-15.864693,0.00725105374440318,0.003818800637964159,-5.283858597278595,0,0.0,0.0,0.0,,,5.841836118687494,0,0,0.0,-20.138668,-20.138668060302734,0.0,1833.9160330732318
251,1784049964.7642133,,8.0,,6.0,,10.0,,1.0,,4.0,,2.0,,5.0,,8.0,0.0,0.0,0.0,0.0,41156608,25947,46043,1256,-9.083078,0.005269873671932146,0.005081078503280878,-5.259142079949379,0,0.0,0.0,0.0,,,7.150656393697959,0,0,0.0,-23.732786,-23.732786178588867,0.0,1876.6423640650528
252,1784050057.0580194,,8.0,,6.0,,10.0,,1.0,,4.0,,2.0,,5.0,,8.0,0.0,0.0,0.0,0.0,41320448,26032,46208,1261,-21.223904,0.008189550827955827,0.0023200613650260493,-5.250549268722534,0,0.0,0.0,0.0,,,4.922362208969853,0,0,0.0,-31.209347,-31.209346771240234,0.0,1775.2000720914123
253,1784050145.9630184,,8.0,,6.0,,10.0,,1.0,,4.0,,2.0,,5.0,,8.0,0.0,0.0,0.0,0.0,41484288,26113,46369,1266,-11.149425,0.006464993486588355,0.004498007644724566,-5.2912412494421,0,0.0,0.0,0.0,,,6.277753013538769,0,0,0.0,-55.810772,-55.81077194213867,0.0,1842.865954763572
254,1784050236.785245,,8.0,,6.0,,10.0,,1.0,,4.0,,2.0,,5.0,,8.0,0.0,0.0,0.0,0.0,41648128,26195,46531,1271,-21.113058,0.006678819666558411,0.004046059453685302,-5.341132232546807,0,0.0,0.0,0.0,,,6.480350019059836,0,0,0.0,-7.3780136,-7.378013610839844,0.0,1803.9651378351637
255,1784050326.7136314,,8.0,,6.0,,10.0,,1.0,,4.0,,2.0,,5.0,,8.0,0.0,0.0,0.0,0.0,41811968,26276,46692,1276,-13.788376,0.004566274458920816,0.005378601426491514,-5.402167364954948,0,0.0,0.0,0.0,,,6.4922236925941075,0,0,0.0,-0.80142754,-0.8014275431632996,0.0,1821.8930791566374
256,1784050415.3544686,,8.0,,6.0,,10.0,,1.0,,4.0,,2.0,,5.0,,8.0,0.0,0.0,0.0,0.0,41975808,26358,46854,1281,-10.066446,0.005062660099065397,0.003868800072814338,-5.415118551254272,0,0.0,0.0,0.0,,,6.791769790488888,0,0,0.0,-12.710676,-12.710676193237305,0.0,1848.3590157440797
257,1784050496.6139405,,8.0,,6.0,,10.0,,1.0,,4.0,,2.0,,5.0,,8.0,0.0,0.0,0.0,0.0,42139648,26438,47014,1286,-9.667998,0.0032197636443015653,0.005631553643615917,-5.446529877185822,0,0.0,0.0,0.0,,,7.347435583862966,0,0,0.0,-20.10895,-20.108949661254883,0.0,2016.2556311474705
258,1784050586.2399247,,8.0,,6.0,,10.0,,1.0,,4.0,,2.0,,5.0,,8.0,0.0,0.0,0.0,0.0,42303488,26518,47174,1291,-1.4608812,0.003560562716302229,0.007286429734085687,-5.443340107798576,0,0.0,0.0,0.0,,,6.904612163148878,0,0,0.0,-5.8764067,-5.876406669616699,0.0,1828.0423161630354
259,1784050674.538502,,8.0,,6.0,,10.0,,1.0,,4.0,,2.0,,5.0,,8.0,0.0,0.0,0.0,0.0,42467328,26599,47335,1296,-20.771425,0.005445751791557996,0.002784687183157075,-5.442675524950028,0,0.0,0.0,0.0,,,5.084765303601356,0,0,0.0,-36.139996,-36.13999557495117,0.0,1855.5219464871998
260,1784050765.0038767,,8.0,,6.0,,10.0,,1.0,,4.0,,2.0,,5.0,,8.0,0.0,0.0,0.0,0.0,42631168,26682,47498,1301,-18.889542,0.007167143479455263,0.004232329873775598,-5.468651342391968,0,0.0,0.0,0.0,,,6.38979262664586,0,0,0.0,-13.458908,-13.458908081054688,0.0,1811.0796404516555
261,1784050853.4741685,,8.0,,6.0,,10.0,,1.0,,4.0,,2.0,,5.0,,8.0,0.0,0.0,0.0,0.0,42795008,26763,47659,1306,-11.314201,0.0037496220254979564,0.004041579602926504,-5.483978655934334,0,0.0,0.0,0.0,,,6.46906959270116,0,0,0.0,-13.324974,-13.324974060058594,0.0,1851.9206092068855
262,1784050936.348879,,8.0,,6.0,,10.0,,1.0,,4.0,,2.0,,5.0,,8.0,0.0,0.0,0.0,0.0,42958848,26844,47820,1311,-10.491232,0.008379781551775522,0.0022739022242603824,-5.511240994930267,0,0.0,0.0,0.0,,,6.364544587920017,0,0,0.0,-9.238043,-9.238042831420898,0.0,1976.9603226385984
263,1784051018.8954382,,8.0,,6.0,,10.0,,1.0,,4.0,,2.0,,5.0,,8.0,0.0,0.0,0.0,0.0,43122688,26928,47984,1316,-19.712563,0.004116698775033001,0.00463767093460774,-5.512128853797913,0,0.0,0.0,0.0,,,7.143582367802972,0,0,0.0,-31.150574,-31.15057373046875,0.0,1984.819775598929
264,1784051103.0523245,,8.0,,6.0,,10.0,,1.0,,4.0,,2.0,,5.0,,8.0,0.0,0.0,0.0,0.0,43286528,27012,48148,1321,-34.44761,0.004749504684878047,0.004905627624248154,-5.461030247807503,0,0.0,0.0,0.0,,,6.758756452401265,0,0,0.0,-15.971092,-15.971092224121094,0.0,1946.8397335135744
265,1784051185.2461653,,8.0,,6.0,,10.0,,1.0,,4.0,,2.0,,5.0,,8.0,0.0,0.0,0.0,0.0,43450368,27092,48308,1326,-17.106237,0.004710809543030337,0.0034476598186301997,-5.458687329292298,0,0.0,0.0,0.0,,,6.542280339090167,0,0,0.0,-33.85956,-33.85955810546875,0.0,1993.3369110403462
266,1784051266.1521611,,8.0,,6.0,,10.0,,1.0,,4.0,,2.0,,5.0,,8.0,0.0,0.0,0.0,0.0,43614208,27174,48470,1331,-22.382008,0.007140892741153948,0.005560364721168299,-5.450085315108299,0,0.0,0.0,0.0,,,5.704300055234051,0,0,0.0,-18.490648,-18.49064826965332,0.0,2025.0659147979661
267,1784051356.5343623,,8.0,,6.0,,10.0,,1.0,,4.0,,2.0,,5.0,,8.0,0.0,0.0,0.0,0.0,43778048,27255,48631,1336,-22.632954,0.0032451875624246894,0.0010193583322688938,-5.450999891757965,0,0.0,0.0,0.0,,,5.695100020241582,0,0,0.0,-3.3377335,-3.337733507156372,0.0,1812.7468283392702
268,1784051446.4126968,,8.0,,6.0,,10.0,,1.0,,4.0,,2.0,,5.0,,8.0,0.0,0.0,0.0,0.0,43941888,27335,48791,1341,1.6319246,0.0037049056503747125,0.0032817674888065084,-5.4726267665624615,0,0.0,0.0,0.0,,,6.9323661257214315,0,0,0.0,-3.6954257,-3.6954257488250732,0.0,1822.9083196152867
269,1784051536.0300333,,8.0,,6.0,,10.0,,1.0,,4.0,,2.0,,5.0,,8.0,0.0,0.0,0.0,0.0,44105728,27416,48952,1346,-4.3373566,0.006295501033309847,0.0030744388088351114,-5.503505083918571,0,0.0,0.0,0.0,,,5.288020796488266,0,0,0.0,-9.626334,-9.626334190368652,0.0,1828.217441424123
270,1784051618.0493164,,8.0,,6.0,,10.0,,1.0,,4.0,,2.0,,5.0,,8.0,0.0,0.0,0.0,0.0,44269568,27496,49112,1351,-40.129795,0.006996997370151803,0.0019118920565233566,-5.4809904366731645,0,0.0,0.0,0.0,,,5.062791698485053,0,0,0.0,-42.976246,-42.97624588012695,0.0,1997.5795193892209
271,1784051698.7605073,,8.0,,6.0,,10.0,,1.0,,4.0,,2.0,,5.0,,8.0,0.0,0.0,0.0,0.0,44433408,27577,49273,1356,-31.562103,0.009522143592766952,0.002973973102052696,-5.494421157240867,0,0.0,0.0,0.0,,,5.233425936853186,0,0,0.0,-18.378796,-18.378795623779297,0.0,2029.9556612636868
272,1784051788.7067456,,8.0,,6.0,,10.0,,1.0,,4.0,,2.0,,5.0,,8.0,0.0,0.0,0.0,0.0,44597248,27659,49435,1361,-11.172739,0.004217240209254669,0.0028137587651144713,-5.53780876994133,0,0.0,0.0,0.0,,,5.622075967539698,0,0,0.0,-2.5593126,-2.559312582015991,0.0,1821.531607853301
273,1784051878.664172,,8.0,,6.0,,10.0,,1.0,,4.0,,2.0,,5.0,,8.0,0.0,0.0,0.0,0.0,44761088,27739,49595,1366,-4.179603,0.0036308670983999035,0.004934931670140941,-5.562196081876754,0,0.0,0.0,0.0,,,7.332953787302084,0,0,0.0,-5.3326783,-5.332678318023682,0.0,1821.3064633566462
274,1784051968.212078,,8.0,,6.0,,10.0,,1.0,,4.0,,2.0,,5.0,,8.0,0.0,0.0,0.0,0.0,44924928,27822,49758,1371,-8.007971,0.0023450669323210604,0.005284905273583718,-5.5663613945245745,0,0.0,0.0,0.0,,,7.772256694246055,0,0,0.0,-3.028233,-3.028233051300049,0.0,1829.6340701782995
275,1784052056.9507582,,8.0,,6.0,,10.0,,1.0,,4.0,,2.0,,5.0,,8.0,0.0,0.0,0.0,0.0,45088768,27904,49920,1376,-16.180454,0.003793451107048895,0.00381184881698573,-5.582204300165176,0,0.0,0.0,0.0,,,6.850458189430664,0,0,0.0,0.36038512,0.36038511991500854,0.0,1846.3199477524504
276,1784052139.2827766,,8.0,,6.0,,10.0,,1.0,,4.0,,2.0,,5.0,,8.0,0.0,0.0,0.0,0.0,45252608,27985,50081,1381,-23.628382,0.0070063407736597584,0.003849866495875176,-5.611776897311211,0,0.0,0.0,0.0,,,6.070912399442273,0,0,0.0,-40.09185,-40.09185028076172,0.0,1989.9910827241333
277,1784052224.9815269,,8.0,,6.0,,10.0,,1.0,,4.0,,2.0,,5.0,,8.0,0.0,0.0,0.0,0.0,45416448,28069,50245,1386,-14.788614,0.004301588512316812,0.0023793757951352744,-5.658280020952224,0,0.0,0.0,0.0,,,5.8651232680865295,0,0,0.0,-32.78044,-32.78044128417969,0.0,1911.8135086953414
278,1784052315.7696788,,8.0,,6.0,,10.0,,1.0,,4.0,,2.0,,5.0,,8.0,0.0,0.0,0.0,0.0,45580288,28150,50406,1391,-3.838396,0.0033670545148197562,0.005457852773542981,-5.68536166548729,0,0.0,0.0,0.0,,,7.487522301703538,0,0,0.0,-3.5791268,-3.5791268348693848,0.0,1804.6403960031002
279,1784052403.9735782,,8.0,,6.0,,10.0,,1.0,,4.0,,2.0,,5.0,,8.0,0.0,0.0,0.0,0.0,45744128,28233,50569,1396,-58.871735,0.0067103984591085465,0.005505621325573884,-5.745241194963455,0,0.0,0.0,0.0,,,7.910195474468734,0,0,0.0,-22.907196,-22.907196044921875,0.0,1857.51420912509
280,1784052489.194418,,8.0,,6.0,,10.0,,1.0,,4.0,,2.0,,5.0,,8.0,0.0,0.0,0.0,0.0,45907968,28317,50733,1401,-22.030539,0.0039480904742958955,0.006621015582641121,-5.736454942822457,0,0.0,0.0,0.0,,,7.422426969051008,0,0,0.0,-22.347576,-22.347576141357422,0.0,1922.5355611227599
281,1784052573.4001696,,8.0,,6.0,,10.0,,1.0,,4.0,,2.0,,5.0,,8.0,0.0,0.0,0.0,0.0,46071808,28398,50894,1406,-12.140447,0.0036236334424756935,0.005451895573060028,-5.75818330347538,0,0.0,0.0,0.0,,,8.06741779732005,0,0,0.0,-33.6618,-33.661800384521484,0.0,1945.709264031583
282,1784052663.830531,,8.0,,6.0,,10.0,,1.0,,4.0,,2.0,,5.0,,8.0,0.0,0.0,0.0,0.0,46235648,28481,51057,1411,-34.483437,0.00676309150585439,0.0038288597483187915,-5.758207908272743,0,0.0,0.0,0.0,,,6.393466344775635,0,0,0.0,-0.88480806,-0.8848080635070801,0.0,1811.7854537616763
283,1784052747.1198027,,8.0,,6.0,,10.0,,1.0,,4.0,,2.0,,5.0,,8.0,0.0,0.0,0.0,0.0,46399488,28564,51220,1416,-31.523886,0.006290352683572564,0.002008543867850676,-5.750554034113884,0,0.0,0.0,0.0,,,6.683838180131725,0,0,0.0,-36.854836,-36.854835510253906,0.0,1967.115187385758
284,1784052837.2742093,,8.0,,6.0,,10.0,,1.0,,4.0,,2.0,,5.0,,8.0,0.0,0.0,0.0,0.0,46563328,28648,51384,1421,-26.63705,0.01067559516231995,0.004434706419124268,-5.789865979552269,0,0.0,0.0,0.0,,,7.197901749651534,0,0,0.0,0.49840078,0.4984007775783539,0.0,1817.3260304612563
285,1784052930.730027,,8.0,,6.0,,10.0,,1.0,,4.0,,2.0,,5.0,,8.0,0.0,0.0,0.0,0.0,46727168,28731,51547,1426,-27.540462,0.012612991192145272,0.00448703677393496,-5.840583631396294,0,0.0,0.0,0.0,,,7.4743063876438045,0,0,0.0,-15.682324,-15.682324409484863,0.0,1753.1279298135378
286,1784053019.3212395,,8.0,,6.0,,10.0,,1.0,,4.0,,2.0,,5.0,,8.0,0.0,0.0,0.0,0.0,46891008,28819,51715,1431,-25.960644,0.008651553365052678,0.002951012796256691,-5.800789394974709,0,0.0,0.0,0.0,,,7.736510804492835,0,0,0.0,-13.424929,-13.424928665161133,0.0,1849.3939106718435
287,1784053103.3906233,,8.0,,6.0,,10.0,,1.0,,4.0,,2.0,,5.0,,8.0,0.0,0.0,0.0,0.0,47054848,28907,51883,1436,-16.316317,0.010739012216799893,0.004419106632121838,-5.781045854091644,0,0.0,0.0,0.0,,,7.399574882576877,0,0,0.0,-16.857672,-16.8576717376709,0.0,1948.8663533321624
288,1784053183.7884622,,8.0,,6.0,,10.0,,1.0,,4.0,,2.0,,5.0,,8.0,0.0,0.0,0.0,0.0,47218688,28998,52054,1441,-28.041998,0.01360010531207081,0.006631034897873178,-5.753652903437614,0,0.0,0.0,0.0,,,7.188883679563003,0,0,0.0,-59.561577,-59.56157684326172,0.0,2037.8656851523504
289,1784053266.4445722,,8.0,,6.0,,10.0,,1.0,,4.0,,2.0,,5.0,,8.0,0.0,0.0,0.0,0.0,47382528,29084,52220,1446,-29.394695,0.007794527424266562,0.0016561500728130341,-5.731770566105842,0,0.0,0.0,0.0,,,6.80346038970944,0,0,0.0,-10.846899,-10.846899032592773,0.0,1982.1886385987618
290,1784053348.7985592,,8.0,,6.0,,10.0,,1.0,,4.0,,2.0,,5.0,,8.0,0.0,0.0,0.0,0.0,47546368,29177,52393,1451,-20.248524,0.009313169846427627,0.002813858279841952,-5.736071765422821,0,0.0,0.0,0.0,,,7.372890436723841,0,0,0.0,-33.1306,-33.13059997558594,0.0,1989.4604038660618
291,1784053430.509038,,8.0,,6.0,,10.0,,1.0,,4.0,,2.0,,5.0,,8.0,0.0,0.0,0.0,0.0,47710208,29262,52558,1456,-32.882812,0.0100578506331658,0.0033052067621611057,-5.74851655960083,0,0.0,0.0,0.0,,,6.213217786773713,0,0,0.0,-20.16036,-20.16036033630371,0.0,2005.1281199318644
292,1784053504.6529088,,8.0,,6.0,,10.0,,1.0,,4.0,,2.0,,5.0,,8.0,0.0,0.0,0.0,0.0,47874048,29346,52722,1461,-21.028053,0.01235938535828609,0.002334094207617454,-5.786968341469764,0,0.0,0.0,0.0,,,6.917886848311481,0,0,0.0,-67.83974,-67.83973693847656,0.0,2209.757993831169
293,1784053586.3628638,,8.0,,6.0,,10.0,,1.0,,4.0,,2.0,,5.0,,8.0,0.0,0.0,0.0,0.0,48037888,29431,52887,1466,-20.79294,0.00834353844402358,0.003396881178196054,-5.771630600094795,0,0.0,0.0,0.0,,,6.965448105887807,0,0,0.0,-38.79465,-38.79465103149414,0.0,2005.1408983900164
294,1784053668.5670123,,8.0,,6.0,,10.0,,1.0,,4.0,,2.0,,5.0,,8.0,0.0,0.0,0.0,0.0,48201728,29514,53050,1471,-45.04641,0.014508954543271103,0.004719283056329004,-5.809451481699943,0,0.0,0.0,0.0,,,6.3310609298065454,0,0,0.0,-31.074163,-31.07416343688965,0.0,1993.087496774137
295,1784053748.8205526,,8.0,,6.0,,10.0,,1.0,,4.0,,2.0,,5.0,,8.0,0.0,0.0,0.0,0.0,48365568,29606,53222,1476,-52.201336,0.013860640212078579,0.007936804844939615,-5.813824984431267,0,0.0,0.0,0.0,,,8.290314626414144,0,0,0.0,-47.869457,-47.86945724487305,0.0,2041.5298845045374
296,1784053831.99178,,8.0,,6.0,,10.0,,1.0,,4.0,,2.0,,5.0,,8.0,0.0,0.0,0.0,0.0,48529408,29696,53392,1481,-31.964127,0.01352556667116005,0.00481663545651827,-5.777509334683418,0,0.0,0.0,0.0,,,7.505428516778818,0,0,0.0,-16.984005,-16.984004974365234,0.0,1969.911258064695
297,1784053909.093312,,8.0,,6.0,,10.0,,1.0,,4.0,,2.0,,5.0,,8.0,0.0,0.0,0.0,0.0,48693248,29781,53557,1486,-55.927723,0.01405738091270905,0.00311010672012344,-5.734727960824967,0,0.0,0.0,0.0,,,7.266957645530253,0,0,0.0,-41.080746,-41.080745697021484,0.0,2124.9902853435246
298,1784053989.7609673,,8.0,,6.0,,10.0,,1.0,,4.0,,2.0,,5.0,,8.0,0.0,0.0,0.0,0.0,48857088,29868,53724,1491,-7.960714,0.009921777280396782,0.005163700904813595,-5.693731343746185,0,0.0,0.0,0.0,,,8.17369287426747,0,0,0.0,-33.004803,-33.00480270385742,0.0,2031.0504789046981
299,1784054074.199384,,8.0,,6.0,,10.0,,1.0,,4.0,,2.0,,5.0,,8.0,0.0,0.0,0.0,0.0,49020928,29956,53892,1496,-10.322172,0.013080112676834687,0.004161473008571193,-5.644335010647774,0,0.0,0.0,0.0,,,6.279331878423597,0,0,0.0,-20.391281,-20.391281127929688,0.0,1940.3481996971184
300,1784054150.897862,,8.0,,6.0,,10.0,,1.0,,4.0,,2.0,,5.0,,8.0,0.0,0.0,0.0,0.0,49184768,30041,54057,1501,-28.726116,0.009374176508572418,0.006024596681527328,-5.643421319127083,0,0.0,0.0,0.0,,,6.78013814306497,0,0,0.0,-44.81296,-44.81296157836914,0.0,2136.157335748221
301,1784054234.8925214,,8.0,,6.0,,10.0,,1.0,,4.0,,2.0,,5.0,,8.0,0.0,0.0,0.0,0.0,49348608,30128,54224,1506,-44.131832,0.01711200918944087,0.0044296447333181275,-5.6388748466968535,0,0.0,0.0,0.0,,,6.909593214218285,0,0,0.0,-17.678823,-17.678823471069336,0.0,1950.5998023726313
302,1784054312.6864474,,8.0,,6.0,,10.0,,1.0,,4.0,,2.0,,5.0,,8.0,0.0,0.0,0.0,0.0,49512448,30218,54394,1511,-2.1974423,0.006608013532240875,0.003305065260792617,-5.669402107596397,0,0.0,0.0,0.0,,,6.307472918257991,0,0,0.0,-40.58544,-40.58544158935547,0.0,2106.0773619622755
303,1784054388.6974258,,8.0,,6.0,,10.0,,1.0,,4.0,,2.0,,5.0,,8.0,0.0,0.0,0.0,0.0,49676288,30305,54561,1516,-10.22027,0.008168420084984973,0.004090900041774148,-5.656342181563377,0,0.0,0.0,0.0,,,6.291798971199834,0,0,0.0,-56.930614,-56.93061447143555,0.0,2155.479165577111
304,1784054471.1823936,,8.0,,6.0,,10.0,,1.0,,4.0,,2.0,,5.0,,8.0,0.0,0.0,0.0,0.0,49840128,30389,54725,1521,-15.325503,0.0135532312822761,0.0012077115708962083,-5.686272084712982,0,0.0,0.0,0.0,,,6.784166820357308,0,0,0.0,-12.739393,-12.73939323425293,0.0,1986.3002933034138
305,1784054534.0618365,,8.0,,6.0,,10.0,,1.0,,4.0,,2.0,,5.0,,8.0,0.0,0.0,0.0,0.0,49971200,30461,54861,1525,-39.21653,0.008449345416738651,0.005247849038278218,-5.707612919807434,0,0.0,0.0,0.0,,,7.209509951409833,0,0,0.0,-64.12237,-64.12236785888672,0.0,2605.620913388477
