# _tick,_time,plr_track_ground_roughness,track_ground_roughness,plr_track_pit_gap_low,track_pit_gap_low,plr_track_pit_gap_high,track_pit_gap_high,plr_track_stump_height_low,track_stump_height_low,plr_track_stump_height_high,track_stump_height_high,plr_track_stair_height_low,track_stair_height_low,plr_track_stair_height_high,track_stair_height_high,plr_track_stair_steps,track_stair_steps,mean_env_return,adversary_env_pg_loss,adversary_env_value_loss,adversary_env_dist_entropy,steps,total_episodes,total_seeds,total_student_grad_updates,mean_agent_return,agent_value_loss,agent_pg_loss,agent_dist_entropy,mean_adversary_agent_return,adversary_value_loss,adversary_pg_loss,adversary_dist_entropy,kl_loss_advagent_agent,kl_loss_agent_advagent,agent_grad_norm,adversary_grad_norm,adversary_env_grad_norm,solved_rate:BipedalWalker-MADS-Medium-Eval-v0,test_returns:BipedalWalker-MADS-Medium-Eval-v0,target_agent_return,target_solved_rate,sps
0,1784463083.5700665,,4.0,,4.0,,6.0,,0.5,,2.0,,0.5,,2.0,,4.0,0.0,0.0,0.0,0.0,32768,38,54,1,-175.43185,0.12257031025364995,-0.0019178980583092198,5.668066543340683,0,0.0,0.0,0.0,,,0.36660865379103924,0,0,0.0,-111.57344,-111.57344055175781,0.0,4396.53116138774
1,1784463119.1244798,,4.0,,4.0,,6.0,,0.5,,2.0,,0.5,,2.0,,4.0,0.0,0.0,0.0,0.0,196608,214,310,6,-148.6832,0.040557833982165906,-0.0025555148138664665,5.593473604321479,0,0.0,0.0,0.0,,,0.35336076185921195,0,0,0.0,-132.15129,-132.1512908935547,0.0,4608.151956418769
2,1784463155.614804,,4.0,,4.0,,6.0,,0.5,,2.0,,0.5,,2.0,,4.0,0.0,0.0,0.0,0.0,360448,326,502,11,-111.686134,0.02970267889322713,-0.00413069473579526,5.464931687712669,0,0.0,0.0,0.0,,,0.3325888318147386,0,0,0.0,-126.24197,-126.2419662475586,0.0,4489.957777913881
3,1784463190.401096,,4.0,,4.0,,6.0,,0.5,,2.0,,0.5,,2.0,,4.0,0.0,0.0,0.0,0.0,524288,435,691,16,-126.44015,0.020861777605023234,-0.0036904753811541013,5.341151320934296,0,0.0,0.0,0.0,,,0.38601140026243436,0,0,0.0,-115.611305,-115.6113052368164,0.0,4709.896125584283
4,1784463224.7649095,,4.0,,4.0,,6.0,,0.5,,2.0,,0.5,,2.0,,4.0,0.0,0.0,0.0,0.0,688128,560,896,21,-128.04556,0.02822695442009717,-0.003474885076866485,5.219025382399559,0,0.0,0.0,0.0,,,0.3971742776974974,0,0,0.0,-111.82853,-111.82852935791016,0.0,4767.811911165239
5,1784463261.9475813,,4.0,,4.0,,6.0,,0.5,,2.0,,0.5,,2.0,,4.0,0.0,0.0,0.0,0.0,851968,662,1078,26,-116.52212,0.03093878017971292,-0.0030394408749998547,5.007200026512146,0,0.0,0.0,0.0,,,0.4436715628419794,0,0,0.0,-123.77212,-123.7721176147461,0.0,4406.354500431933
6,1784463297.6756127,,4.0,,4.0,,6.0,,0.5,,2.0,,0.5,,2.0,,4.0,0.0,0.0,0.0,0.0,1015808,762,1258,31,-123.81338,0.021658249117899687,-0.0033171351060445886,4.814333388209343,0,0.0,0.0,0.0,,,0.5142159060331825,0,0,0.0,-121.15713,-121.1571273803711,0.0,4585.7526332100815
7,1784463335.0386584,,4.0,,4.0,,6.0,,0.5,,2.0,,0.5,,2.0,,4.0,0.0,0.0,0.0,0.0,1179648,861,1437,36,-108.22742,0.015201517537934705,-0.0027315370374708437,4.627653083205223,0,0.0,0.0,0.0,,,0.5298863284637493,0,0,0.0,-106.036644,-106.0366439819336,0.0,4385.082425172696
8,1784463370.1067023,,4.0,,4.0,,6.0,,0.5,,2.0,,0.5,,2.0,,4.0,0.0,0.0,0.0,0.0,1343488,956,1612,41,-101.90575,0.018690969352610408,-0.0028605732222786173,4.388649353384972,0,0.0,0.0,0.0,,,0.6176848238167496,0,0,0.0,-121.73368,-121.73368072509766,0.0,4672.0602589405025
9,1784463407.6464741,,4.0,,4.0,,6.0,,0.5,,2.0,,0.5,,2.0,,4.0,0.0,0.0,0.0,0.0,1507328,1061,1797,46,-122.526245,0.03629822484217584,-0.0026048818603158,4.14004425406456,0,0.0,0.0,0.0,,,0.6297234382198574,0,0,0.0,-128.90219,-128.90219116210938,0.0,4364.43895648401
10,1784463447.344516,,4.0,,4.0,,6.0,,0.5,,2.0,,0.5,,2.0,,4.0,0.0,0.0,0.0,0.0,1671168,1155,1971,51,-108.490616,0.029047327814623713,-0.001982305594719946,3.973089745640755,0,0.0,0.0,0.0,,,0.7020228684216869,0,0,0.0,-108.35315,-108.3531494140625,0.0,4127.156741269946
11,1784463486.7342434,,4.0,,4.0,,6.0,,0.5,,2.0,,0.5,,2.0,,4.0,0.0,0.0,0.0,0.0,1835008,1259,2155,56,-93.89905,0.034198410459794104,-0.0012242999218869954,3.793753941357136,0,0.0,0.0,0.0,,,0.6829641329424385,0,0,0.0,-84.58308,-84.58307647705078,0.0,4159.456834539913
12,1784463524.7817836,,4.0,,4.0,,6.0,,0.5,,2.0,,0.5,,2.0,,4.0,0.0,0.0,0.0,0.0,1998848,1349,2325,61,-100.16547,0.027416426781564952,-0.002593593944766326,3.581179256737232,0,0.0,0.0,0.0,,,0.7563715700908421,0,0,0.0,-96.6375,-96.63749694824219,0.0,4306.192070162714
13,1784463565.3227189,,4.0,,4.0,,6.0,,0.5,,2.0,,0.5,,2.0,,4.0,0.0,0.0,0.0,0.0,2162688,1441,2497,66,-97.45482,0.03194281271426007,-0.0017522333349916154,3.3530770897865296,0,0.0,0.0,0.0,,,0.8331862247895767,0,0,0.0,-81.141685,-81.14168548583984,0.0,4041.349482015705
14,1784463605.6542802,,4.0,,4.0,,6.0,,0.5,,2.0,,0.5,,2.0,,4.0,0.0,0.0,0.0,0.0,2326528,1526,2662,71,-86.30271,0.02315505563747138,-0.0011383589982870035,3.1556223317980767,0,0.0,0.0,0.0,,,0.9108081174632139,0,0,0.0,-94.085396,-94.08539581298828,0.0,4062.3244717469374
15,1784463642.6661084,,4.0,,4.0,,6.0,,0.5,,2.0,,0.5,,2.0,,4.0,0.0,0.0,0.0,0.0,2490368,1610,2826,76,-76.01658,0.016391188401030377,-0.0019687149586388843,2.9751225426793098,0,0.0,0.0,0.0,,,0.8750118724941528,0,0,0.0,-97.089195,-97.08919525146484,0.0,4426.694410707319
16,1784463681.810431,,4.0,,4.0,,6.0,,0.5,,2.0,,0.5,,2.0,,4.0,0.0,0.0,0.0,0.0,2654208,1697,2993,81,-89.06603,0.020024827518500387,-0.0017768930149031803,2.785908153653145,0,0.0,0.0,0.0,,,0.9297991716362489,0,0,0.0,-90.81146,-90.81146240234375,0.0,4185.545236262301
17,1784463721.0510514,,4.0,,4.0,,6.0,,0.5,,2.0,,0.5,,2.0,,4.0,0.0,0.0,0.0,0.0,2818048,1791,3167,86,-73.8795,0.026113983942195773,-0.00046687751309946177,2.6567646130919456,0,0.0,0.0,0.0,,,0.9847906410019824,0,0,0.0,-83.247986,-83.24798583984375,0.0,4175.258351751242
18,1784463759.191305,,4.0,,4.0,,6.0,,0.5,,2.0,,0.5,,2.0,,4.0,0.0,0.0,0.0,0.0,2981888,1890,3346,91,-83.183044,0.029229542438406496,-0.0011805700487457216,2.518510493636131,0,0.0,0.0,0.0,,,1.071617387570118,0,0,0.0,-64.65376,-64.65376281738281,0.0,4295.730108084652
19,1784463799.4650779,,4.0,,4.0,,6.0,,0.5,,2.0,,0.5,,2.0,,4.0,0.0,0.0,0.0,0.0,3145728,1991,3527,96,-83.61131,0.03290500669972971,-0.0006169364452944138,2.408960594236851,0,0.0,0.0,0.0,,,1.0722960187499597,0,0,0.0,-73.02416,-73.02416229248047,0.0,4068.1502498998775
20,1784463838.1170928,,4.0,,4.0,,6.0,,0.5,,2.0,,0.5,,2.0,,4.0,0.0,0.0,0.0,0.0,3309568,2107,3723,101,-96.230835,0.03158251731656492,-0.0006583017740922515,2.274134340882301,0,0.0,0.0,0.0,,,1.0722559971239736,0,0,0.0,-79.06807,-79.06806945800781,0.0,4238.845728297998
21,1784463875.5669136,,4.0,,4.0,,6.0,,0.5,,2.0,,0.5,,2.0,,4.0,0.0,0.0,0.0,0.0,3473408,2216,3912,106,-63.702995,0.027454214938916265,0.0005698877255781553,2.182435540854931,0,0.0,0.0,0.0,,,1.1385577414607289,0,0,0.0,-92.1472,-92.14720153808594,0.0,4374.921299984864
22,1784463914.1556742,,4.0,,4.0,,6.0,,0.5,,2.0,,0.5,,2.0,,4.0,0.0,0.0,0.0,0.0,3637248,2311,4087,111,-87.54971,0.027565132780000567,-0.0007007043212070129,2.034203511476517,0,0.0,0.0,0.0,,,1.124453440008598,0,0,0.0,-100.03341,-100.03340911865234,0.0,4245.797227575074
23,1784463954.3398366,,4.0,,4.0,,6.0,,0.5,,2.0,,0.5,,2.0,,4.0,0.0,0.0,0.0,0.0,3801088,2408,4264,116,-73.31397,0.024739907728508113,-0.0007862067344831303,1.9414639219641685,0,0.0,0.0,0.0,,,1.2512995374297813,0,0,0.0,-70.72494,-70.72493743896484,0.0,4077.232087777144
24,1784463993.5488012,,4.0,,4.0,,6.0,,0.5,,2.0,,0.5,,2.0,,4.0,0.0,0.0,0.0,0.0,3964928,2512,4448,121,-77.37804,0.02440747325308621,-0.0004637367819668725,1.782906524091959,0,0.0,0.0,0.0,,,1.2740773726710029,0,0,0.0,-71.78737,-71.78736877441406,0.0,4178.63286362356
25,1784464031.737942,,4.0,,4.0,,6.0,,0.5,,2.0,,0.5,,2.0,,4.0,0.0,0.0,0.0,0.0,4128768,2614,4630,126,-67.54534,0.027758755430113524,-0.0003343864984344691,1.6817736946046353,0,0.0,0.0,0.0,,,1.225890543991536,0,0,0.0,-59.925964,-59.92596435546875,0.0,4290.226582585881
26,1784464069.658594,,4.0,,4.0,,6.0,,0.5,,2.0,,0.5,,2.0,,4.0,0.0,0.0,0.0,0.0,4292608,2729,4825,131,-71.43007,0.034192298213019966,-0.0014790575005463324,1.5844637662172318,0,0.0,0.0,0.0,,,1.329407410039071,0,0,0.0,-64.28943,-64.2894287109375,0.0,4320.599661342442
27,1784464108.927017,,4.0,,4.0,,6.0,,0.5,,2.0,,0.5,,2.0,,4.0,0.0,0.0,0.0,0.0,4456448,2840,5016,136,-87.09558,0.039244916930329055,-0.00067829071849701,1.4821080416440964,0,0.0,0.0,0.0,,,1.4252413702269737,0,0,0.0,-72.80422,-72.8042221069336,0.0,4172.306976835234
28,1784464146.0195835,,4.0,,4.0,,6.0,,0.5,,2.0,,0.5,,2.0,,4.0,0.0,0.0,0.0,0.0,4620288,2940,5196,141,-72.50499,0.018601052841404453,-0.001553388236061437,1.3608537405729293,0,0.0,0.0,0.0,,,1.3937663230210684,0,0,0.0,-69.92411,-69.92411041259766,0.0,4417.058141057352
29,1784464184.5229168,,4.0,,4.0,,6.0,,0.5,,2.0,,0.5,,2.0,,4.0,0.0,0.0,0.0,0.0,4784128,3037,5373,146,-64.92673,0.016764188365777956,0.00021602215711027383,1.2331237338483334,0,0.0,0.0,0.0,,,1.5253137963370569,0,0,0.0,-66.33674,-66.33673858642578,0.0,4255.21461953197
30,1784464219.952014,,4.0,,4.0,,6.0,,0.5,,2.0,,0.5,,2.0,,4.0,0.0,0.0,0.0,0.0,4947968,3138,5554,151,-73.30763,0.016295654710847884,0.00010505937389098108,1.137920057028532,0,0.0,0.0,0.0,,,1.490539306042041,0,0,0.0,-88.75542,-88.75541687011719,0.0,4624.446815470329
31,1784464258.1548932,,4.0,,4.0,,6.0,,0.5,,2.0,,0.5,,2.0,,4.0,0.0,0.0,0.0,0.0,5111808,3240,5736,156,-65.80458,0.027460693486500532,-0.0004730920656584203,1.0532512284815312,0,0.0,0.0,0.0,,,1.490489051140039,0,0,0.0,-87.63108,-87.6310806274414,0.0,4288.6831438273475
32,1784464294.196847,,4.0,,4.0,,6.0,,0.5,,2.0,,0.5,,2.0,,4.0,0.0,0.0,0.0,0.0,5275648,3354,5930,161,-57.72062,0.018833652918692677,-0.00032679691721568813,0.9415411558002234,0,0.0,0.0,0.0,,,1.4609381576007399,0,0,0.0,-56.30903,-56.30902862548828,0.0,4545.808938908752
33,1784464331.3335478,,4.0,,4.0,,6.0,,0.5,,2.0,,0.5,,2.0,,4.0,0.0,0.0,0.0,0.0,5439488,3460,6116,166,-67.920685,0.011090361952665263,-8.06491749244742e-05,0.8477791622281075,0,0.0,0.0,0.0,,,1.545405503660794,0,0,0.0,-65.20045,-65.20044708251953,0.0,4411.821015412092
34,1784464368.3265057,,4.0,,4.0,,6.0,,0.5,,2.0,,0.5,,2.0,,4.0,0.0,0.0,0.0,0.0,5603328,3566,6302,171,-60.356514,0.029497711872681975,-0.0008547861420083791,0.7220513988286257,0,0.0,0.0,0.0,,,1.6035970072766979,0,0,0.0,-87.869,-87.86900329589844,0.0,4428.943216953698
35,1784464406.350085,,4.0,,4.0,,6.0,,0.5,,2.0,,0.5,,2.0,,4.0,0.0,0.0,0.0,0.0,5767168,3694,6510,176,-73.81768,0.03093251008540392,0.00040823123563313855,0.6451977342367172,0,0.0,0.0,0.0,,,1.585162265177704,0,0,0.0,-65.58295,-65.58294677734375,0.0,4308.903893426906
36,1784464444.0775135,,4.0,,4.0,,6.0,,0.5,,2.0,,0.5,,2.0,,4.0,0.0,0.0,0.0,0.0,5931008,3802,6698,181,-60.128395,0.01596577820018865,-0.0010358260078646708,0.5683591220527887,0,0.0,0.0,0.0,,,1.634657422400806,0,0,0.0,-53.315735,-53.31573486328125,0.0,4342.728857362069
37,1784464482.683395,,4.0,,4.0,,6.0,,0.5,,2.0,,0.5,,2.0,,4.0,0.0,0.0,0.0,0.0,6094848,3920,6896,186,-59.16282,0.028242546145338564,-0.0006631216427194885,0.48631945718079805,0,0.0,0.0,0.0,,,1.6446528407070382,0,0,0.0,-51.76429,-51.76428985595703,0.0,4243.918572048581
38,1784464525.008468,,4.0,,4.0,,6.0,,0.5,,2.0,,0.5,,2.0,,4.0,0.0,0.0,0.0,0.0,6258688,4047,7103,191,-73.30647,0.0233384900202509,0.0012010936916340142,0.3986772861331701,0,0.0,0.0,0.0,,,1.7785455292304502,0,0,0.0,-39.857414,-39.85741424560547,0.0,3870.987247381377
39,1784464562.1658666,,4.0,,4.0,,6.0,,0.5,,2.0,,0.5,,2.0,,4.0,0.0,0.0,0.0,0.0,6422528,4170,7306,196,-63.972675,0.02231611219467595,0.00037426416238304225,0.31104154959321023,0,0.0,0.0,0.0,,,1.7807016931097106,0,0,0.0,-55.82121,-55.82120895385742,0.0,4409.350716576502
40,1784464598.8381417,,4.0,,4.0,,6.0,,0.5,,2.0,,0.5,,2.0,,4.0,0.0,0.0,0.0,0.0,6586368,4284,7500,201,-48.332527,0.023593050916679202,0.00013550577859859913,0.24343633726239206,0,0.0,0.0,0.0,,,1.7983629000735202,0,0,0.0,-80.875374,-80.87537384033203,0.0,4467.680094180363
41,1784464637.8793344,,4.0,,4.0,,6.0,,0.5,,2.0,,0.5,,2.0,,4.0,0.0,0.0,0.0,0.0,6750208,4382,7678,206,-42.427937,0.020889084995724262,0.0016086414078017696,0.14729368761181832,0,0.0,0.0,0.0,,,1.9749007193957304,0,0,0.0,-55.65342,-55.653419494628906,0.0,4196.593756417862
42,1784464675.9630795,,4.0,,4.0,,6.0,,0.5,,2.0,,0.5,,2.0,,4.0,0.0,0.0,0.0,0.0,6914048,4502,7878,211,-72.63721,0.030244282400235533,0.0010652575190761126,0.06841127723455429,0,0.0,0.0,0.0,,,1.9985207961367863,0,0,0.0,-58.76998,-58.769981384277344,0.0,4302.096493383685
43,1784464713.8552296,,4.0,,4.0,,6.0,,0.5,,2.0,,0.5,,2.0,,4.0,0.0,0.0,0.0,0.0,7077888,4626,8082,216,-68.420265,0.030751644761767238,0.00030164766576490365,0.013937854021787644,0,0.0,0.0,0.0,,,2.101887248509249,0,0,0.0,-71.376495,-71.37649536132812,0.0,4323.853136626574
44,1784464752.822062,,4.0,,4.0,,6.0,,0.5,,2.0,,0.5,,2.0,,4.0,0.0,0.0,0.0,0.0,7241728,4746,8282,221,-51.774677,0.02414076019776985,0.001353494650538778,-0.018957148492336272,0,0.0,0.0,0.0,,,1.9710137907188603,0,0,0.0,-32.99217,-32.99216842651367,0.0,4204.60162365659
45,1784464791.214495,,4.0,,4.0,,6.0,,0.5,,2.0,,0.5,,2.0,,4.0,0.0,0.0,0.0,0.0,7405568,4851,8467,226,-51.411335,0.02476513453293592,-7.166797804529779e-05,-0.06866978406906128,0,0.0,0.0,0.0,,,1.8338982458429847,0,0,0.0,-71.08262,-71.0826187133789,0.0,4267.505216328548
46,1784464829.7216763,,4.0,,4.0,,6.0,,0.5,,2.0,,0.5,,2.0,,4.0,0.0,0.0,0.0,0.0,7569408,4974,8670,231,-62.29357,0.03700009562307969,0.0009089189363294281,-0.1367386907339096,0,0.0,0.0,0.0,,,2.0550099692623753,0,0,0.0,-53.985188,-53.98518753051758,0.0,4254.795891942242
47,1784464867.521266,,4.0,,4.0,,6.0,,0.5,,2.0,,0.5,,2.0,,4.0,0.0,0.0,0.0,0.0,7733248,5089,8865,236,-78.29286,0.04511409542756155,-6.715540948789566e-05,-0.24973186999559402,0,0.0,0.0,0.0,,,2.066492712998733,0,0,0.0,-78.584496,-78.5844955444336,0.0,4334.436457161049
48,1784464904.9760334,,4.0,,4.0,,6.0,,0.5,,2.0,,0.5,,2.0,,4.0,0.0,0.0,0.0,0.0,7897088,5215,9071,241,-71.7081,0.0385945237823762,0.0012778104006429202,-0.3121496902778745,0,0.0,0.0,0.0,,,2.109907782234782,0,0,0.0,-58.785103,-58.78510284423828,0.0,4374.340033895816
49,1784464943.6397524,,4.0,,4.0,,6.0,,0.5,,2.0,,0.5,,2.0,,4.0,0.0,0.0,0.0,0.0,8060928,5338,9274,246,-43.568073,0.016829390655038877,0.0009249225855455734,-0.37535867299884557,0,0.0,0.0,0.0,,,2.0899274199030287,0,0,0.0,-84.82629,-84.82628631591797,0.0,4237.564845454622
50,1784464982.9807644,,4.0,,4.0,,6.0,,0.5,,2.0,,0.5,,2.0,,4.0,0.0,0.0,0.0,0.0,8224768,5454,9470,251,-56.626,0.025263096822891386,0.0013138377304130699,-0.4942148044705391,0,0.0,0.0,0.0,,,2.2512256356416485,0,0,0.0,-32.08378,-32.083778381347656,0.0,4164.61100606783
51,1784465021.4098184,,4.0,,4.0,,6.0,,0.5,,2.0,,0.5,,2.0,,4.0,0.0,0.0,0.0,0.0,8388608,5562,9658,256,-49.171364,0.01804467848269269,0.0024595552691607735,-0.5548007439821958,0,0.0,0.0,0.0,,,2.3848198150326168,0,0,0.0,-79.7886,-79.7885971069336,0.0,4263.439988033462
52,1784465060.0311828,,4.0,,4.0,,6.0,,0.5,,2.0,,0.5,,2.0,,4.0,0.0,0.0,0.0,0.0,8552448,5668,9844,261,-71.856186,0.031411927193403244,0.00017728843813529237,-0.6253836885094642,0,0.0,0.0,0.0,,,2.1808938118352317,0,0,0.0,-22.873905,-22.873905181884766,0.0,4242.212487688353
53,1784465099.1569426,,4.0,,4.0,,6.0,,0.5,,2.0,,0.5,,2.0,,4.0,0.0,0.0,0.0,0.0,8716288,5761,10017,266,-54.16505,0.017312418605433776,0.0016356660315068438,-0.6470585070550442,0,0.0,0.0,0.0,,,2.174007325560492,0,0,0.0,-64.518585,-64.51858520507812,0.0,4187.525108716346
54,1784465137.806929,,4.0,,4.0,,6.0,,0.5,,2.0,,0.5,,2.0,,4.0,0.0,0.0,0.0,0.0,8880128,5861,10197,271,-63.44627,0.014919225650373846,0.0008352256962098181,-0.720949450135231,0,0.0,0.0,0.0,,,2.3547031616636644,0,0,0.0,-68.422104,-68.42210388183594,0.0,4239.066396351278
55,1784465176.0120094,,4.0,,4.0,,6.0,,0.5,,2.0,,0.5,,2.0,,4.0,0.0,0.0,0.0,0.0,9043968,5951,10367,276,-37.06699,0.015749012667220084,0.0004458561372302938,-0.763743294775486,0,0.0,0.0,0.0,,,2.1584002097782764,0,0,0.0,-26.55366,-26.553659439086914,0.0,4288.438978781971
56,1784465215.0775201,,4.0,,4.0,,6.0,,0.5,,2.0,,0.5,,2.0,,4.0,0.0,0.0,0.0,0.0,9207808,6052,10548,281,-39.18174,0.018317768810084088,0.0002423321158858016,-0.8158361174166202,0,0.0,0.0,0.0,,,2.298495287245275,0,0,0.0,-42.29357,-42.29357147216797,0.0,4193.978560578066
57,1784465253.752667,,4.0,,4.0,,6.0,,0.5,,2.0,,0.5,,2.0,,4.0,0.0,0.0,0.0,0.0,9371648,6154,10730,286,-55.183624,0.02048968822346069,0.0005211178475292399,-0.9079293210059405,0,0.0,0.0,0.0,,,2.240389012169863,0,0,0.0,-29.515888,-29.515888214111328,0.0,4236.31161594623
58,1784465291.5063434,,4.0,,4.0,,6.0,,0.5,,2.0,,0.5,,2.0,,4.0,0.0,0.0,0.0,0.0,9535488,6264,10920,291,-77.959946,0.021428056427976117,0.001552095056831604,-0.9456009641289711,0,0.0,0.0,0.0,,,2.50466715023443,0,0,0.0,-46.860188,-46.86018753051758,0.0,4339.709358218491
59,1784465328.9918208,,4.0,,4.0,,6.0,,0.5,,2.0,,0.5,,2.0,,4.0,0.0,0.0,0.0,0.0,9699328,6360,11096,296,-40.87083,0.010105073821614496,0.0007706539152422919,-0.9982129752635955,0,0.0,0.0,0.0,,,2.427843829325764,0,0,0.0,-83.45653,-83.45652770996094,0.0,4370.758847092364
60,1784465366.412684,,4.0,,4.0,,6.0,,0.5,,2.0,,0.5,,2.0,,4.0,0.0,0.0,0.0,0.0,9863168,6449,11265,301,-45.73041,0.011390791804296896,0.0018536284958827309,-1.0802932396531104,0,0.0,0.0,0.0,,,2.4324007178266513,0,0,0.0,-61.410076,-61.41007614135742,0.0,4378.307518667379
61,1784465403.5404272,,4.0,,4.0,,6.0,,0.5,,2.0,,0.5,,2.0,,4.0,0.0,0.0,0.0,0.0,10027008,6542,11438,306,-64.19252,0.018444940354675053,0.002237662627885584,-1.106606974452734,0,0.0,0.0,0.0,,,2.6261863249064055,0,0,0.0,-58.630013,-58.63001251220703,0.0,4412.875917499948
62,1784465440.3272579,,4.0,,4.0,,6.0,,0.5,,2.0,,0.5,,2.0,,4.0,0.0,0.0,0.0,0.0,10190848,6644,11620,311,-46.293224,0.013278769919998013,0.001731638892670162,-1.0719652153551578,0,0.0,0.0,0.0,,,2.321873033052518,0,0,0.0,-68.94491,-68.94490814208984,0.0,4453.762947771453
63,1784465478.845958,,4.0,,4.0,,6.0,,0.5,,2.0,,0.5,,2.0,,4.0,0.0,0.0,0.0,0.0,10354688,6737,11793,316,-34.929802,0.01331297169381287,0.0004102942533791065,-1.1308052934706212,0,0.0,0.0,0.0,,,2.5679144895970514,0,0,0.0,-56.640858,-56.6408576965332,0.0,4253.525850598889
64,1784465516.7682772,,4.0,,4.0,,6.0,,0.5,,2.0,,0.5,,2.0,,4.0,0.0,0.0,0.0,0.0,10518528,6838,11974,321,-43.27322,0.016489166393876077,0.00038876489707035945,-1.1487051010131837,0,0.0,0.0,0.0,,,2.4672277129443962,0,0,0.0,-58.193256,-58.19325637817383,0.0,4320.405572787405
65,1784465555.6319413,,4.0,,4.0,,6.0,,0.5,,2.0,,0.5,,2.0,,4.0,0.0,0.0,0.0,0.0,10682368,6930,12146,326,-51.068146,0.021932353789452463,0.0013978520815726369,-1.1901762634515762,0,0.0,0.0,0.0,,,2.535984337827449,0,0,0.0,-30.486542,-30.486541748046875,0.0,4215.761648973502
66,1784465595.4986017,,4.0,,4.0,,6.0,,0.5,,2.0,,0.5,,2.0,,4.0,0.0,0.0,0.0,0.0,10846208,7030,12326,331,-66.24299,0.018031472433358432,0.0013777191983535887,-1.2164414748549461,0,0.0,0.0,0.0,,,2.4404787096391365,0,0,0.0,-25.033985,-25.033985137939453,0.0,4109.699010639251
67,1784465632.6512883,,4.0,,4.0,,6.0,,0.5,,2.0,,0.5,,2.0,,4.0,0.0,0.0,0.0,0.0,11010048,7126,12502,336,-51.010414,0.012620915559818969,0.0003894779336405918,-1.246507427096367,0,0.0,0.0,0.0,,,2.4190970878036127,0,0,0.0,-13.729889,-13.729888916015625,0.0,4409.910049700264
68,1784465671.4987328,,4.0,,4.0,,6.0,,0.5,,2.0,,0.5,,2.0,,4.0,0.0,0.0,0.0,0.0,11173888,7225,12681,341,-37.197197,0.013008251585415565,0.001110025230445899,-1.2969142489135266,0,0.0,0.0,0.0,,,2.591483076865673,0,0,0.0,-46.281513,-46.28151321411133,0.0,4217.524523966189
69,1784465707.9068687,,4.0,,4.0,,6.0,,0.5,,2.0,,0.5,,2.0,,4.0,0.0,0.0,0.0,0.0,11337728,7333,12869,346,-56.76754,0.014886601234320552,0.0015267368988133966,-1.3560557313263417,0,0.0,0.0,0.0,,,2.6332067022609182,0,0,0.0,-62.587635,-62.5876350402832,0.0,4500.091253274555
70,1784465744.8594403,,4.0,,4.0,,6.0,,0.5,,2.0,,0.5,,2.0,,4.0,0.0,0.0,0.0,0.0,11501568,7437,13053,351,-28.671177,0.01262678980419878,0.00028298398901824837,-1.429804466664791,0,0.0,0.0,0.0,,,2.707723469960435,0,0,0.0,-59.766167,-59.76616668701172,0.0,4433.787929574161
71,1784465783.710842,,4.0,,4.0,,6.0,,0.5,,2.0,,0.5,,2.0,,4.0,0.0,0.0,0.0,0.0,11665408,7539,13235,356,-33.934376,0.014352000743383542,0.0015633091650670394,-1.48126747533679,0,0.0,0.0,0.0,,,2.7363146262006226,0,0,0.0,-40.2898,-40.289798736572266,0.0,4217.097530200041
72,1784465823.326426,,4.0,,4.0,,6.0,,0.5,,2.0,,0.5,,2.0,,4.0,0.0,0.0,0.0,0.0,11829248,7640,13416,361,-59.482666,0.01595604557078332,0.002394443811499514,-1.5385911524295808,0,0.0,0.0,0.0,,,2.8281000347599834,0,0,0.0,-37.542595,-37.54259490966797,0.0,4135.7492573636455
73,1784465858.069045,,4.0,,4.0,,6.0,,0.5,,2.0,,0.5,,2.0,,4.0,0.0,0.0,0.0,0.0,11993088,7747,13603,366,-51.608665,0.008271499651891645,0.0012448956986190751,-1.5994881100952625,0,0.0,0.0,0.0,,,2.618030668450613,0,0,0.0,-84.79518,-84.79518127441406,0.0,4715.812918450824
74,1784465897.1768837,,4.0,,4.0,,6.0,,0.5,,2.0,,0.5,,2.0,,4.0,0.0,0.0,0.0,0.0,12156928,7841,13777,371,-61.25597,0.012260507181053981,0.0019258058207924477,-1.6283611707389354,0,0.0,0.0,0.0,,,2.78771859567497,0,0,0.0,-26.205242,-26.205242156982422,0.0,4189.44584823812
75,1784465933.2613137,,4.0,,4.0,,6.0,,0.5,,2.0,,0.5,,2.0,,4.0,0.0,0.0,0.0,0.0,12320768,7932,13948,376,-36.58955,0.010712789910030551,0.0010358992949477397,-1.707303536683321,0,0.0,0.0,0.0,,,2.7739389675002912,0,0,0.0,-48.137516,-48.137516021728516,0.0,4540.461616047953
76,1784465970.3919082,,4.0,,4.0,,6.0,,0.5,,2.0,,0.5,,2.0,,4.0,0.0,0.0,0.0,0.0,12484608,8028,14124,381,-35.927338,0.010650122171500697,0.0007488398492569104,-1.738332998752594,0,0.0,0.0,0.0,,,2.6987662669969605,0,0,0.0,-57.87722,-57.877220153808594,0.0,4412.538918787968
77,1784466008.634162,,4.0,,4.0,,6.0,,0.5,,2.0,,0.5,,2.0,,4.0,0.0,0.0,0.0,0.0,12648448,8118,14294,386,-17.312946,0.0060802569743827915,0.0012028177923639305,-1.7866568110883236,0,0.0,0.0,0.0,,,2.7206369979419427,0,0,0.0,-46.40235,-46.40235137939453,0.0,4284.261273989285
78,1784466046.9356313,,4.0,,4.0,,6.0,,0.5,,2.0,,0.5,,2.0,,4.0,0.0,0.0,0.0,0.0,12812288,8203,14459,391,-52.79969,0.008687258220743389,0.001814093711436726,-1.8371384665369987,0,0.0,0.0,0.0,,,3.0238705943865356,0,0,0.0,-75.128944,-75.12894439697266,0.0,4277.642811719465
79,1784466086.0715215,,4.0,,4.0,,6.0,,0.5,,2.0,,0.5,,2.0,,4.0,0.0,0.0,0.0,0.0,12976128,8296,14632,396,-52.825737,0.014387503490434028,0.0010632663448632228,-1.8666343227028848,0,0.0,0.0,0.0,,,2.720852669139842,0,0,0.0,-38.74569,-38.745689392089844,0.0,4186.440082598475
80,1784466122.8890505,,4.0,,4.0,,6.0,,0.5,,2.0,,0.5,,2.0,,4.0,0.0,0.0,0.0,0.0,13139968,8381,14797,401,-41.665333,0.015863156272098423,0.003593363004620187,-1.8413120038807391,0,0.0,0.0,0.0,,,3.3924071775404867,0,0,0.0,-58.608818,-58.60881805419922,0.0,4450.051327923755
81,1784466160.294506,,4.0,,4.0,,6.0,,0.5,,2.0,,0.5,,2.0,,4.0,0.0,0.0,0.0,0.0,13303808,8477,14973,406,-35.4994,0.0118812661326956,0.002838353789411485,-1.8572000123560428,0,0.0,0.0,0.0,,,2.9786128558194576,0,0,0.0,-35.705162,-35.705162048339844,0.0,4380.109648082304
82,1784466197.8204935,,4.0,,4.0,,6.0,,0.5,,2.0,,0.5,,2.0,,4.0,0.0,0.0,0.0,0.0,13467648,8567,15143,411,-37.766518,0.009172607230721042,0.0028988100952119567,-1.912404301762581,0,0.0,0.0,0.0,,,2.980008530524187,0,0,0.0,-34.042625,-34.042625427246094,0.0,4366.040923235028
83,1784466235.7422695,,4.0,,4.0,,6.0,,0.5,,2.0,,0.5,,2.0,,4.0,0.0,0.0,0.0,0.0,13631488,8669,15325,416,-29.556335,0.01643779917503707,0.002199262217618525,-1.9580050230026245,0,0.0,0.0,0.0,,,2.8724883229653164,0,0,0.0,-66.6955,-66.69550323486328,0.0,4320.475679300725
84,1784466275.9298055,,4.0,,4.0,,6.0,,0.5,,2.0,,0.5,,2.0,,4.0,0.0,0.0,0.0,0.0,13795328,8766,15502,421,-18.028362,0.009425784955965355,0.002160020516021177,-1.9686490401625634,0,0.0,0.0,0.0,,,2.916881830704401,0,0,0.0,-33.23692,-33.23691940307617,0.0,4076.8879247876093
85,1784466312.9102752,,4.0,,4.0,,6.0,,0.5,,2.0,,0.5,,2.0,,4.0,0.0,0.0,0.0,0.0,13959168,8849,15665,426,-19.217539,0.010146765087847598,0.0009516232952591963,-1.9996914140880109,0,0.0,0.0,0.0,,,2.9499254202850103,0,0,0.0,-30.780315,-30.780315399169922,0.0,4430.441626496417
86,1784466350.572296,,4.0,,4.0,,6.0,,0.5,,2.0,,0.5,,2.0,,4.0,0.0,0.0,0.0,0.0,14123008,8945,15841,431,-10.825668,0.010292588741867803,0.0013485138610121795,-2.0464728817343714,0,0.0,0.0,0.0,,,2.495309008280956,0,0,0.0,-37.47203,-37.47203063964844,0.0,4350.272408789063
87,1784466388.6521595,,4.0,,4.0,,6.0,,0.5,,2.0,,0.5,,2.0,,4.0,0.0,0.0,0.0,0.0,14286848,9029,16005,436,-34.036118,0.008898671445786021,0.00178121937206015,-2.1119604840874673,0,0.0,0.0,0.0,,,2.8304344766961615,0,0,0.0,-47.4547,-47.4547004699707,0.0,4302.536795708864
88,1784466425.1921756,,4.0,,4.0,,6.0,,0.5,,2.0,,0.5,,2.0,,4.0,0.0,0.0,0.0,0.0,14450688,9122,16178,441,-33.55345,0.01004129475040827,0.0018096275278367102,-2.138354466855526,0,0.0,0.0,0.0,,,3.025092424780618,0,0,0.0,-51.731606,-51.731605529785156,0.0,4483.8528290663835
89,1784466460.3688161,,4.0,,4.0,,6.0,,0.5,,2.0,,0.5,,2.0,,4.0,0.0,0.0,0.0,0.0,14614528,9218,16354,446,-40.243965,0.012067559864954091,0.002093943762156414,-2.1951847940683367,0,0.0,0.0,0.0,,,2.967022695916834,0,0,0.0,-42.26248,-42.262481689453125,0.0,4657.638553669549
90,1784466499.8792171,,4.0,,4.0,,6.0,,0.5,,2.0,,0.5,,2.0,,4.0,0.0,0.0,0.0,0.0,14778368,9325,16541,451,-59.117577,0.018483648693654688,0.0015716096721007488,-2.2152439072728156,0,0.0,0.0,0.0,,,2.971148225128425,0,0,0.0,-9.241823,-9.241823196411133,0.0,4146.7523262659015
91,1784466536.7787917,,4.0,,4.0,,6.0,,0.5,,2.0,,0.5,,2.0,,4.0,0.0,0.0,0.0,0.0,14942208,9414,16710,456,-60.60025,0.011296911688987166,0.0032904765612329356,-2.3059151872992514,0,0.0,0.0,0.0,,,3.423148528906186,0,0,0.0,-43.47567,-43.475669860839844,0.0,4440.158983041235
92,1784466574.0983074,,4.0,,4.0,,6.0,,0.5,,2.0,,0.5,,2.0,,4.0,0.0,0.0,0.0,0.0,15106048,9505,16881,461,-60.869305,0.011734661419177428,0.0017215287451108451,-2.310411797463894,0,0.0,0.0,0.0,,,3.041033706222188,0,0,0.0,-31.456705,-31.45670509338379,0.0,4390.1981204898975
93,1784466610.862852,,4.0,,4.0,,6.0,,0.5,,2.0,,0.5,,2.0,,4.0,0.0,0.0,0.0,0.0,15269888,9597,17053,466,-18.80031,0.015536257153144106,0.0019721597229363395,-2.3486540004611016,0,0.0,0.0,0.0,,,3.210026938184086,0,0,0.0,-41.18628,-41.186279296875,0.0,4456.466201938236
94,1784466649.102348,,4.0,,4.0,,6.0,,0.5,,2.0,,0.5,,2.0,,4.0,0.0,0.0,0.0,0.0,15433728,9698,17234,471,-70.76055,0.02868571982253343,0.0031187373606371693,-2.3699467539787293,0,0.0,0.0,0.0,,,3.6116145925584497,0,0,0.0,-29.401346,-29.40134620666504,0.0,4284.5767094565
95,1784466687.304007,,4.0,,4.0,,6.0,,0.5,,2.0,,0.5,,2.0,,4.0,0.0,0.0,0.0,0.0,15597568,9790,17406,476,-14.031131,0.011299532069824637,0.0009084735713258852,-2.423624624311924,0,0.0,0.0,0.0,,,2.934304703484938,0,0,0.0,-37.64836,-37.64836120605469,0.0,4288.818541641992
96,1784466726.4755828,,4.0,,4.0,,6.0,,0.5,,2.0,,0.5,,2.0,,4.0,0.0,0.0,0.0,0.0,15761408,9897,17593,481,-63.1201,0.021107573673361912,0.003462180268979864,-2.4622700572013856,0,0.0,0.0,0.0,,,3.405487258609726,0,0,0.0,-22.195873,-22.195873260498047,0.0,4182.628604465975
97,1784466763.3291798,,4.0,,4.0,,6.0,,0.5,,2.0,,0.5,,2.0,,4.0,0.0,0.0,0.0,0.0,15925248,10001,17777,486,-54.041412,0.015960787661606447,0.0022385796706657856,-2.522792436182499,0,0.0,0.0,0.0,,,3.3881213795574476,0,0,0.0,-57.32311,-57.3231086730957,0.0,4445.689920324947
98,1784466800.7462661,,4.0,,4.0,,6.0,,0.5,,2.0,,0.5,,2.0,,4.0,0.0,0.0,0.0,0.0,16089088,10104,17960,491,-47.2629,0.018081913294736296,0.0013986672936880495,-2.53776878118515,0,0.0,0.0,0.0,,,3.265483119062483,0,0,0.0,-43.271095,-43.271095275878906,0.0,4378.7516863243845
99,1784466838.6552553,,4.0,,4.0,,6.0,,0.5,,2.0,,0.5,,2.0,,4.0,0.0,0.0,0.0,0.0,16252928,10193,18129,496,-44.700787,0.01369595660653431,0.002637585670890985,-2.5418971955776213,0,0.0,0.0,0.0,,,3.3221765999736577,0,0,0.0,-35.939083,-35.939083099365234,0.0,4321.933378379402
100,1784466878.23696,,4.0,,4.0,,6.0,,0.5,,2.0,,0.5,,2.0,,4.0,0.0,0.0,0.0,0.0,16416768,10293,18309,501,-44.75777,0.014249656675383448,0.0020667150864028374,-2.5691069051623345,0,0.0,0.0,0.0,,,3.3529783170849017,0,0,0.0,-21.25541,-21.255409240722656,0.0,4139.284185001007
101,1784466916.450416,,4.0,,4.0,,6.0,,0.5,,2.0,,0.5,,2.0,,4.0,0.0,0.0,0.0,0.0,16580608,10391,18487,506,-47.32548,0.01902768454165198,0.0024911564105423167,-2.6108854696154595,0,0.0,0.0,0.0,,,3.304423092748313,0,0,0.0,-45.187607,-45.18760681152344,0.0,4287.497257606223
102,1784466953.6685064,,4.0,,4.0,,6.0,,0.5,,2.0,,0.5,,2.0,,4.0,0.0,0.0,0.0,0.0,16744448,10486,18662,511,-50.128544,0.019600900530349463,0.001523191282467451,-2.664070239663124,0,0.0,0.0,0.0,,,3.2456640036756057,0,0,0.0,-46.71737,-46.717369079589844,0.0,4402.158502711558
103,1784466994.0964503,,4.0,,4.0,,6.0,,0.5,,2.0,,0.5,,2.0,,4.0,0.0,0.0,0.0,0.0,16908288,10577,18833,516,-19.083597,0.00874485441017896,0.0005582569127000169,-2.6881264343857767,0,0.0,0.0,0.0,,,3.275442817232384,0,0,0.0,-5.0546007,-5.054600715637207,0.0,4052.6417543538587
104,1784467031.6383078,,4.0,,4.0,,6.0,,0.5,,2.0,,0.5,,2.0,,4.0,0.0,0.0,0.0,0.0,17072128,10666,19002,521,-30.613056,0.0122835991991451,0.0003512996794597711,-2.714922212064266,0,0.0,0.0,0.0,,,3.3677828229685303,0,0,0.0,-27.019918,-27.01991844177246,0.0,4364.193856852626
105,1784467072.1532726,,4.0,,4.0,,6.0,,0.5,,2.0,,0.5,,2.0,,4.0,0.0,0.0,0.0,0.0,17235968,10755,19171,526,-30.7716,0.011173001155839302,0.0001673396422120277,-2.7542230054736137,0,0.0,0.0,0.0,,,3.2354380543250443,0,0,0.0,-20.103024,-20.103023529052734,0.0,4043.939032442296
106,1784467108.7698102,,4.0,,4.0,,6.0,,0.5,,2.0,,0.5,,2.0,,4.0,0.0,0.0,0.0,0.0,17399808,10852,19348,531,-46.308205,0.015618150914087891,0.0018244662685901857,-2.7913503855466844,0,0.0,0.0,0.0,,,3.807807975601065,0,0,0.0,-55.78837,-55.788368225097656,0.0,4474.4813508161515
107,1784467146.0586448,,4.0,,4.0,,6.0,,0.5,,2.0,,0.5,,2.0,,4.0,0.0,0.0,0.0,0.0,17563648,10948,19524,536,-31.160212,0.01740902061574161,0.00364290333527606,-2.8117535784840584,0,0.0,0.0,0.0,,,3.597323823252333,0,0,0.0,-30.110205,-30.110204696655273,0.0,4393.807996443126
108,1784467183.323666,,4.0,,4.0,,6.0,,0.5,,2.0,,0.5,,2.0,,4.0,0.0,0.0,0.0,0.0,17727488,11037,19693,541,-57.629402,0.013702140233363025,0.0015405623067636042,-2.8537722304463387,0,0.0,0.0,0.0,,,3.5357972101176367,0,0,0.0,-27.885412,-27.885412216186523,0.0,4396.614972774246
109,1784467221.0314841,,4.0,,4.0,,6.0,,0.5,,2.0,,0.5,,2.0,,4.0,0.0,0.0,0.0,0.0,17891328,11126,19862,546,-20.720196,0.009861907840240746,0.00233191035076743,-2.89197995364666,0,0.0,0.0,0.0,,,3.66919924788253,0,0,0.0,-32.65718,-32.65718078613281,0.0,4344.98965752346
110,1784467258.6044326,,4.0,,4.0,,6.0,,0.5,,2.0,,0.5,,2.0,,4.0,0.0,0.0,0.0,0.0,18055168,11214,20030,551,-44.68409,0.018528073112247512,0.001289867791638244,-2.9634216263890267,0,0.0,0.0,0.0,,,3.5869387580900396,0,0,0.0,-22.630219,-22.630218505859375,0.0,4360.582207332158
111,1784467296.7277346,,4.0,,4.0,,6.0,,0.5,,2.0,,0.5,,2.0,,4.0,0.0,0.0,0.0,0.0,18219008,11306,20202,556,-58.10621,0.011661494994768873,0.0011165482937940396,-2.978694938123226,0,0.0,0.0,0.0,,,3.548946867604289,0,0,0.0,-8.299393,-8.299392700195312,0.0,4297.633543725754
112,1784467333.2882676,,4.0,,4.0,,6.0,,0.5,,2.0,,0.5,,2.0,,4.0,0.0,0.0,0.0,0.0,18382848,11395,20371,561,-17.523523,0.012169184611411765,0.0035221093785366975,-2.9945198774337767,0,0.0,0.0,0.0,,,3.3400972398047757,0,0,0.0,-38.200512,-38.20051193237305,0.0,4481.335996244671
113,1784467368.3469388,,4.0,,4.0,,6.0,,0.5,,2.0,,0.5,,2.0,,4.0,0.0,0.0,0.0,0.0,18546688,11493,20549,566,-43.784164,0.0236258662014734,0.0036457416994380766,-3.0235730320215226,0,0.0,0.0,0.0,,,3.6379025911855676,0,0,0.0,-78.59816,-78.59815979003906,0.0,4673.3075064655295
114,1784467407.1311789,,4.0,,4.0,,6.0,,0.5,,2.0,,0.5,,2.0,,4.0,0.0,0.0,0.0,0.0,18710528,11600,20736,571,-43.509514,0.017797275009797886,0.00288526361255208,-3.0338123843073843,0,0.0,0.0,0.0,,,3.9531923529809325,0,0,0.0,-11.763544,-11.763544082641602,0.0,4224.39787703636
115,1784467440.7630923,,4.0,,4.0,,6.0,,0.5,,2.0,,0.5,,2.0,,4.0,0.0,0.0,0.0,0.0,18874368,11692,20908,576,-27.712732,0.012670194864040241,0.002110626440116903,-3.0554260119795797,0,0.0,0.0,0.0,,,3.707515580191317,0,0,0.0,-61.43532,-61.43532180786133,0.0,4871.568191221867
116,1784467476.336144,,4.0,,4.0,,6.0,,0.5,,2.0,,0.5,,2.0,,4.0,0.0,0.0,0.0,0.0,19038208,11792,21088,581,-7.9102416,0.015106800006469712,0.0014803545724134891,-3.0867896363139153,0,0.0,0.0,0.0,,,3.8041486525213215,0,0,0.0,-37.159428,-37.159427642822266,0.0,4605.728435115979
117,1784467512.7324412,,4.0,,4.0,,6.0,,0.5,,2.0,,0.5,,2.0,,4.0,0.0,0.0,0.0,0.0,19202048,11894,21270,586,-36.43116,0.020380460884189232,0.0037041432166006415,-3.0979469761252405,0,0.0,0.0,0.0,,,4.070119282853243,0,0,0.0,-65.0486,-65.04859924316406,0.0,4501.557447174549
118,1784467548.3811197,,4.0,,4.0,,6.0,,0.5,,2.0,,0.5,,2.0,,4.0,0.0,0.0,0.0,0.0,19365888,11985,21441,591,-46.06025,0.019030883803498,0.0008825941818940919,-3.1449490532279016,0,0.0,0.0,0.0,,,3.862631266264615,0,0,0.0,-49.916542,-49.916542053222656,0.0,4595.96478394658
119,1784467587.1280708,,4.0,,4.0,,6.0,,0.5,,2.0,,0.5,,2.0,,4.0,0.0,0.0,0.0,0.0,19529728,12086,21622,596,-35.993145,0.012310312516638078,0.003915162792691262,-3.1604548677802087,0,0.0,0.0,0.0,,,3.7687597079194513,0,0,0.0,-15.806328,-15.806327819824219,0.0,4228.462540315283
120,1784467627.2791276,,4.0,,4.0,,6.0,,0.5,,2.0,,0.5,,2.0,,4.0,0.0,0.0,0.0,0.0,19693568,12185,21801,601,-56.138325,0.017454140185145663,0.0026141509355511517,-3.2101189032197,0,0.0,0.0,0.0,,,3.6153513371427066,0,0,0.0,-19.0817,-19.08169937133789,0.0,4080.5940190417164
121,1784467664.2812903,,4.0,,4.0,,6.0,,0.5,,2.0,,0.5,,2.0,,4.0,0.0,0.0,0.0,0.0,19857408,12286,21982,606,0.55360377,0.011226043390342966,0.002653667566482909,-3.2507782101631166,0,0.0,0.0,0.0,,,4.260262663588698,0,0,0.0,-27.151651,-27.15165138244629,0.0,4427.841441120476
122,1784467700.8355842,,4.0,,4.0,,6.0,,0.5,,2.0,,0.5,,2.0,,4.0,0.0,0.0,0.0,0.0,20021248,12375,22151,611,-23.434225,0.013019728829385712,0.0025051472039194778,-3.248217964172363,0,0.0,0.0,0.0,,,3.8327515325739214,0,0,0.0,-22.652407,-22.652406692504883,0.0,4482.10096697233
123,1784467737.2636344,,4.0,,4.0,,6.0,,0.5,,2.0,,0.5,,2.0,,4.0,0.0,0.0,0.0,0.0,20185088,12478,22334,616,-41.416588,0.01713777473778464,0.0025290528748882933,-3.2552835419774055,0,0.0,0.0,0.0,,,4.0275056672728144,0,0,0.0,-19.709768,-19.709768295288086,0.0,4497.63268370409
124,1784467776.6660094,,4.0,,4.0,,6.0,,0.5,,2.0,,0.5,,2.0,,4.0,0.0,0.0,0.0,0.0,20348928,12576,22512,621,-36.63479,0.012804205520660616,0.0036847464507445693,-3.2788854122161863,0,0.0,0.0,0.0,,,3.8343881053414877,0,0,0.0,-39.650078,-39.65007781982422,0.0,4158.12488227884
125,1784467815.2526624,,4.0,,4.0,,6.0,,0.5,,2.0,,0.5,,2.0,,4.0,0.0,0.0,0.0,0.0,20512768,12668,22684,626,-41.57258,0.013703601527959108,0.0023566170493722893,-3.2848807752132414,0,0.0,0.0,0.0,,,3.812489303555739,0,0,0.0,-17.33411,-17.334110260009766,0.0,4246.02786919101
126,1784467853.355131,,4.0,,4.0,,6.0,,0.5,,2.0,,0.5,,2.0,,4.0,0.0,0.0,0.0,0.0,20676608,12758,22854,631,-34.330433,0.013524332203087398,0.0027323384332703427,-3.348983344435692,0,0.0,0.0,0.0,,,3.762970136535931,0,0,0.0,-24.616734,-24.61673355102539,0.0,4299.98385283902
127,1784467891.5310981,,4.0,,4.0,,6.0,,0.5,,2.0,,0.5,,2.0,,4.0,0.0,0.0,0.0,0.0,20840448,12846,23022,636,-41.211235,0.0095470475993352,0.0012022551542031578,-3.390347358584404,0,0.0,0.0,0.0,,,3.929879976708513,0,0,0.0,-5.9708595,-5.970859527587891,0.0,4291.704404108454
128,1784467927.7869291,,4.0,,4.0,,6.0,,0.5,,2.0,,0.5,,2.0,,4.0,0.0,0.0,0.0,0.0,21004288,12931,23187,641,-32.581985,0.008430274308193476,0.0017873651704576332,-3.4041108191013336,0,0.0,0.0,0.0,,,4.005645015324718,0,0,0.0,-25.592167,-25.592166900634766,0.0,4518.997745259311
129,1784467963.8010504,,4.0,,4.0,,6.0,,0.5,,2.0,,0.5,,2.0,,4.0,0.0,0.0,0.0,0.0,21168128,13019,23355,646,-34.07789,0.011983272130601108,0.002636951836757362,-3.4302418321371078,0,0.0,0.0,0.0,,,3.6779491157279254,0,0,0.0,-39.647125,-39.647125244140625,0.0,4549.325163449807
130,1784467999.0874126,,4.0,,4.0,,6.0,,0.5,,2.0,,0.5,,2.0,,4.0,0.0,0.0,0.0,0.0,21331968,13107,23523,651,-26.63708,0.009791397917433642,0.0028346928738756105,-3.383296486735344,0,0.0,0.0,0.0,,,3.8492018784250925,0,0,0.0,-41.82293,-41.82292938232422,0.0,4643.150957635465
131,1784468037.5299945,,4.0,,4.0,,6.0,,0.5,,2.0,,0.5,,2.0,,4.0,0.0,0.0,0.0,0.0,21495808,13188,23684,656,-22.183966,0.009131655748933553,0.003513952209323179,-3.4330180317163466,0,0.0,0.0,0.0,,,3.958014734103526,0,0,0.0,-5.320103,-5.320103168487549,0.0,4261.944024584893
132,1784468075.2803147,,4.0,,4.0,,6.0,,0.5,,2.0,,0.5,,2.0,,4.0,0.0,0.0,0.0,0.0,21659648,13286,23862,661,-9.157064,0.008955913104000502,0.0032341646510758437,-3.414934979379177,0,0.0,0.0,0.0,,,3.87150209434692,0,0,0.0,-38.427773,-38.427772521972656,0.0,4340.106460742313
133,1784468114.7118673,,4.0,,4.0,,6.0,,0.5,,2.0,,0.5,,2.0,,4.0,0.0,0.0,0.0,0.0,21823488,13375,24031,666,-28.49963,0.00967662711336743,0.0009411255741724744,-3.4267130121588707,0,0.0,0.0,0.0,,,3.599761444586851,0,0,0.0,-21.317978,-21.317977905273438,0.0,4155.040059682412
134,1784468150.4376795,,4.0,,4.0,,6.0,,0.5,,2.0,,0.5,,2.0,,4.0,0.0,0.0,0.0,0.0,21987328,13460,24196,671,-34.769875,0.010814484080765397,0.00306351802428253,-3.4259337946772574,0,0.0,0.0,0.0,,,3.6786618455867846,0,0,0.0,-28.201487,-28.201486587524414,0.0,4586.036593939975
135,1784468186.4406118,,4.0,,4.0,,6.0,,0.5,,2.0,,0.5,,2.0,,4.0,0.0,0.0,0.0,0.0,22151168,13551,24367,676,-38.20701,0.013426655001239851,0.004056789261085214,-3.433785390853882,0,0.0,0.0,0.0,,,4.111714028415902,0,0,0.0,-40.56727,-40.56726837158203,0.0,4550.742628638225
136,1784468223.891257,,4.0,,4.0,,6.0,,0.5,,2.0,,0.5,,2.0,,4.0,0.0,0.0,0.0,0.0,22315008,13652,24548,681,-31.172201,0.008755899764946663,0.003640577242913423,-3.40521445274353,0,0.0,0.0,0.0,,,4.019527046172909,0,0,0.0,-32.60924,-32.6092414855957,0.0,4374.823219934584
137,1784468261.1206656,,4.0,,4.0,,6.0,,0.5,,2.0,,0.5,,2.0,,4.0,0.0,0.0,0.0,0.0,22478848,13755,24731,686,-43.483727,0.02038707672036253,0.002176754159881966,-3.453888386487961,0,0.0,0.0,0.0,,,4.014221919279498,0,0,0.0,-30.246344,-30.2463436126709,0.0,4400.822631462651
138,1784468297.8675966,,4.0,,4.0,,6.0,,0.5,,2.0,,0.5,,2.0,,4.0,0.0,0.0,0.0,0.0,22642688,13845,24901,691,-23.25632,0.009944640562753192,0.0021342458705476018,-3.495894227921963,0,0.0,0.0,0.0,,,4.260410282278686,0,0,0.0,-48.34194,-48.341941833496094,0.0,4458.59946607187
139,1784468335.159039,,4.0,,4.0,,6.0,,0.5,,2.0,,0.5,,2.0,,4.0,0.0,0.0,0.0,0.0,22806528,13939,25075,696,-20.728704,0.01639076989958994,0.0031057066604262217,-3.4981491923332215,0,0.0,0.0,0.0,,,3.9213806593732072,0,0,0.0,-32.232864,-32.23286437988281,0.0,4393.506094616214
140,1784468371.3432407,,4.0,,4.0,,6.0,,0.5,,2.0,,0.5,,2.0,,4.0,0.0,0.0,0.0,0.0,22970368,14033,25249,701,-37.799507,0.015518739010440185,0.002480524942802731,-3.473749715089798,0,0.0,0.0,0.0,,,3.9721714881069614,0,0,0.0,-42.548443,-42.54844284057617,0.0,4527.93765720803
141,1784468406.4195921,,4.0,,4.0,,6.0,,0.5,,2.0,,0.5,,2.0,,4.0,0.0,0.0,0.0,0.0,23134208,14138,25434,706,-41.051758,0.021272131794830784,0.0018651122169103473,-3.5139125898480414,0,0.0,0.0,0.0,,,4.24103644589463,0,0,0.0,-74.17987,-74.17987060546875,0.0,4670.953189708613
142,1784468442.1350381,,4.0,,4.0,,6.0,,0.5,,2.0,,0.5,,2.0,,4.0,0.0,0.0,0.0,0.0,23298048,14242,25618,711,-30.527622,0.02589189700083807,0.00126639346126467,-3.540371999144554,0,0.0,0.0,0.0,,,4.236606617105677,0,0,0.0,-51.63338,-51.63338088989258,0.0,4587.370862350368
143,1784468479.7983105,,4.0,,4.0,,6.0,,0.5,,2.0,,0.5,,2.0,,4.0,0.0,0.0,0.0,0.0,23461888,14354,25810,716,-45.66527,0.02942020787158981,0.002439913307898678,-3.5544829413294794,0,0.0,0.0,0.0,,,4.223944592274695,0,0,0.0,-30.747578,-30.747577667236328,0.0,4350.1311025613895
144,1784468516.6056077,,4.0,,4.0,,6.0,,0.5,,2.0,,0.5,,2.0,,4.0,0.0,0.0,0.0,0.0,23625728,14480,26016,721,-46.50343,0.019631899881642313,0.0030154400708852338,-3.547523431479931,0,0.0,0.0,0.0,,,4.187704819295535,0,0,0.0,-54.016773,-54.01677322387695,0.0,4451.286547260274
145,1784468554.1734672,,4.0,,4.0,,6.0,,0.5,,2.0,,0.5,,2.0,,4.0,0.0,0.0,0.0,0.0,23789568,14602,26218,726,-55.334724,0.024650980764999986,0.0013393848319537937,-3.5429242208600042,0,0.0,0.0,0.0,,,4.145720750566802,0,0,0.0,-19.199335,-19.1993350982666,0.0,4361.1793215121725
146,1784468590.2025979,,4.0,,4.0,,6.0,,0.5,,2.0,,0.5,,2.0,,4.0,0.0,0.0,0.0,0.0,23953408,14712,26408,731,-24.920116,0.014677910209866241,0.002477661822922528,-3.5203622028231623,0,0.0,0.0,0.0,,,3.8701464309875404,0,0,0.0,-69.280716,-69.28071594238281,0.0,4547.436140005669
147,1784468628.4558792,,4.0,,4.0,,6.0,,0.5,,2.0,,0.5,,2.0,,4.0,0.0,0.0,0.0,0.0,24117248,14811,26587,736,-54.32005,0.02263387113926001,0.0022169600997585803,-3.528088444471359,0,0.0,0.0,0.0,,,4.203711782527457,0,0,0.0,-34.61097,-34.61096954345703,0.0,4283.027839484635
148,1784468667.3850954,,4.0,,4.0,,6.0,,0.5,,2.0,,0.5,,2.0,,4.0,0.0,0.0,0.0,0.0,24281088,14932,26788,741,-55.67573,0.025956054567359388,0.002222999633522704,-3.499087278544903,0,0.0,0.0,0.0,,,4.133404849950787,0,0,0.0,-6.70011,-6.700109958648682,0.0,4208.663790511527
149,1784468703.6167765,,4.0,,4.0,,6.0,,0.5,,2.0,,0.5,,2.0,,4.0,0.0,0.0,0.0,0.0,24444928,15040,26976,746,-29.916615,0.018936450470937415,0.0019657780649140477,-3.5443399652838705,0,0.0,0.0,0.0,,,4.013907274920915,0,0,0.0,-47.802044,-47.80204391479492,0.0,4522.004749585992
150,1784468739.7233918,,4.0,,4.0,,6.0,,0.5,,2.0,,0.5,,2.0,,4.0,0.0,0.0,0.0,0.0,24608768,15157,27173,751,-49.060688,0.027775095077231526,0.0033901810718816707,-3.577701923251152,0,0.0,0.0,0.0,,,4.175513391562457,0,0,0.0,-66.00076,-66.00076293945312,0.0,4537.671936415394
151,1784468775.4729245,,4.0,,4.0,,6.0,,0.5,,2.0,,0.5,,2.0,,4.0,0.0,0.0,0.0,0.0,24772608,15258,27354,756,-13.92881,0.01918212872114964,0.0011615495139267295,-3.614974597096443,0,0.0,0.0,0.0,,,3.992532282161657,0,0,0.0,-70.51332,-70.51332092285156,0.0,4582.998817145862
152,1784468811.4664938,,4.0,,4.0,,6.0,,0.5,,2.0,,0.5,,2.0,,4.0,0.0,0.0,0.0,0.0,24936448,15384,27560,761,-51.924854,0.03240383903030306,0.0031465813241084105,-3.5861939579248427,0,0.0,0.0,0.0,,,4.361258979253326,0,0,0.0,-70.50345,-70.50344848632812,0.0,4551.9225143170115
153,1784468849.011491,,4.0,,4.0,,6.0,,0.5,,2.0,,0.5,,2.0,,4.0,0.0,0.0,0.0,0.0,25100288,15491,27747,766,-52.20812,0.017613101669121535,0.002208367831190117,-3.565151435136795,0,0.0,0.0,0.0,,,3.9283985104565686,0,0,0.0,-37.506325,-37.506324768066406,0.0,4363.835847882516
154,1784468887.660929,,4.0,,4.0,,6.0,,0.5,,2.0,,0.5,,2.0,,4.0,0.0,0.0,0.0,0.0,25264128,15594,27930,771,-59.36088,0.027072423452045767,0.0020758811966516077,-3.577372169494629,0,0.0,0.0,0.0,,,4.131879344290445,0,0,0.0,-25.145199,-25.145198822021484,0.0,4239.129536755583
155,1784468924.749225,,4.0,,4.0,,6.0,,0.5,,2.0,,0.5,,2.0,,4.0,0.0,0.0,0.0,0.0,25427968,15714,28130,776,-73.65976,0.030783670523669572,0.0035258816482382827,-3.617194853723049,0,0.0,0.0,0.0,,,4.538769722269562,0,0,0.0,-54.206524,-54.20652389526367,0.0,4417.565101746797
156,1784468962.8587377,,4.0,,4.0,,6.0,,0.5,,2.0,,0.5,,2.0,,4.0,0.0,0.0,0.0,0.0,25591808,15812,28308,781,-45.60035,0.015590106998570264,0.0024293933383887634,-3.647280813753605,0,0.0,0.0,0.0,,,4.513691899326078,0,0,0.0,-17.742062,-17.742061614990234,0.0,4299.192227409416
157,1784469000.5446513,,4.0,,4.0,,6.0,,0.5,,2.0,,0.5,,2.0,,4.0,0.0,0.0,0.0,0.0,25755648,15936,28512,786,-47.663246,0.02075875325826928,0.0028422235074685885,-3.6693542316555976,0,0.0,0.0,0.0,,,4.22719009478614,0,0,0.0,-37.594124,-37.59412384033203,0.0,4347.517304801962
158,1784469038.746214,,4.0,,4.0,,6.0,,0.5,,2.0,,0.5,,2.0,,4.0,0.0,0.0,0.0,0.0,25919488,16042,28698,791,-31.731556,0.02509730946039781,0.003948779198981356,-3.629540866613388,0,0.0,0.0,0.0,,,4.416107490298883,0,0,0.0,-26.161243,-26.161243438720703,0.0,4288.822767190561
159,1784469076.4836845,,4.0,,4.0,,6.0,,0.5,,2.0,,0.5,,2.0,,4.0,0.0,0.0,0.0,0.0,26083328,16149,28885,796,-32.307743,0.017689429566962643,0.0015042182931210846,-3.6089293122291566,0,0.0,0.0,0.0,,,3.786548908763362,0,0,0.0,-46.217026,-46.21702575683594,0.0,4341.574293476904
160,1784469114.5107067,,4.0,,4.0,,6.0,,0.5,,2.0,,0.5,,2.0,,4.0,0.0,0.0,0.0,0.0,26247168,16258,29074,801,-30.264847,0.022251576225971802,0.0020722598099382596,-3.6158465296030045,0,0.0,0.0,0.0,,,4.124239898504768,0,0,0.0,-48.632496,-48.63249588012695,0.0,4308.510368910235
161,1784469151.676804,,4.0,,4.0,,6.0,,0.5,,2.0,,0.5,,2.0,,4.0,0.0,0.0,0.0,0.0,26411008,16371,29267,806,-50.1426,0.019832532317377628,0.0028369621257297696,-3.6391654774546622,0,0.0,0.0,0.0,,,4.3767459016800085,0,0,0.0,-43.419983,-43.41998291015625,0.0,4408.319281998511
162,1784469187.850166,,4.0,,4.0,,6.0,,0.5,,2.0,,0.5,,2.0,,4.0,0.0,0.0,0.0,0.0,26574848,16476,29452,811,-27.35149,0.015230017577414401,0.001191820866370108,-3.651129686832428,0,0.0,0.0,0.0,,,3.9762735840353414,0,0,0.0,-48.86535,-48.86534881591797,0.0,4529.299595178673
163,1784469224.4214578,,4.0,,4.0,,6.0,,0.5,,2.0,,0.5,,2.0,,4.0,0.0,0.0,0.0,0.0,26738688,16583,29639,816,-68.62071,0.013608980493154376,0.002298340004927013,-3.643156173825264,0,0.0,0.0,0.0,,,4.102112730809473,0,0,0.0,-80.28045,-80.28044891357422,0.0,4480.016992214062
164,1784469264.1033013,,4.0,,4.0,,6.0,,0.5,,2.0,,0.5,,2.0,,4.0,0.0,0.0,0.0,0.0,26902528,16699,29835,821,-56.979603,0.015246771881356836,0.0022045580670237543,-3.658753679692745,0,0.0,0.0,0.0,,,4.310759250784866,0,0,0.0,-26.908579,-26.908578872680664,0.0,4128.84348022109
165,1784469301.2333393,,4.0,,4.0,,6.0,,0.5,,2.0,,0.5,,2.0,,4.0,0.0,0.0,0.0,0.0,27066368,16793,30009,826,-52.380043,0.015220802102703601,0.002621128781538573,-3.6812058061361315,0,0.0,0.0,0.0,,,3.988240959236298,0,0,0.0,-57.307545,-57.30754470825195,0.0,4412.599905647336
166,1784469339.736753,,4.0,,4.0,,6.0,,0.5,,2.0,,0.5,,2.0,,4.0,0.0,0.0,0.0,0.0,27230208,16889,30185,831,-29.025446,0.014831962087191642,0.002419378741615219,-3.721038331091404,0,0.0,0.0,0.0,,,4.223349791365668,0,0,0.0,-40.34517,-40.34516906738281,0.0,4255.207576941145
167,1784469376.6023877,,4.0,,4.0,,6.0,,0.5,,2.0,,0.5,,2.0,,4.0,0.0,0.0,0.0,0.0,27394048,16995,30371,836,-45.809525,0.015255036856979131,0.0032036622709711083,-3.7598059818148615,0,0.0,0.0,0.0,,,4.45965106104804,0,0,0.0,-41.16749,-41.16748809814453,0.0,4444.24244528712
168,1784469415.7341466,,4.0,,4.0,,6.0,,0.5,,2.0,,0.5,,2.0,,4.0,0.0,0.0,0.0,0.0,27557888,17092,30548,841,-29.291851,0.01640152679174207,0.0036053256306331606,-3.794846901297569,0,0.0,0.0,0.0,,,4.153187924235494,0,0,0.0,-37.106102,-37.106101989746094,0.0,4186.884678605378
169,1784469455.0233324,,4.0,,4.0,,6.0,,0.5,,2.0,,0.5,,2.0,,4.0,0.0,0.0,0.0,0.0,27721728,17192,30728,846,-7.5026407,0.014177391928387805,0.002843711715831887,-3.819728870689869,0,0.0,0.0,0.0,,,4.239561729956133,0,0,0.0,2.0319748,2.0319747924804688,0.0,4170.108163454398
170,1784469492.9109013,,4.0,,4.0,,6.0,,0.5,,2.0,,0.5,,2.0,,4.0,0.0,0.0,0.0,0.0,27885568,17301,30917,851,-37.62433,0.01109596757160034,0.002654508364503272,-3.8110211953520774,0,0.0,0.0,0.0,,,4.19904150375909,0,0,0.0,-54.344532,-54.34453201293945,0.0,4324.367841581736
171,1784469529.7890127,,4.0,,4.0,,6.0,,0.5,,2.0,,0.5,,2.0,,4.0,0.0,0.0,0.0,0.0,28049408,17400,31096,856,-59.245953,0.02047739882254973,0.003144421545584919,-3.8058565363287924,0,0.0,0.0,0.0,,,4.440215447356378,0,0,0.0,-53.842873,-53.842872619628906,0.0,4442.741172277558
172,1784469566.5880852,,4.0,,4.0,,6.0,,0.5,,2.0,,0.5,,2.0,,4.0,0.0,0.0,0.0,0.0,28213248,17497,31273,861,-31.728815,0.010525387912639416,0.003189318637305405,-3.8423225790262223,0,0.0,0.0,0.0,,,4.300043639299086,0,0,0.0,-39.8261,-39.82609939575195,0.0,4452.29093848187
173,1784469605.1460643,,4.0,,4.0,,6.0,,0.5,,2.0,,0.5,,2.0,,4.0,0.0,0.0,0.0,0.0,28377088,17585,31441,866,-38.994453,0.011762222953257151,0.0027009463046852034,-3.7980834171175957,0,0.0,0.0,0.0,,,4.040991043275421,0,0,0.0,-30.347967,-30.34796714782715,0.0,4249.185365918956
174,1784469644.4621363,,4.0,,4.0,,6.0,,0.5,,2.0,,0.5,,2.0,,4.0,0.0,0.0,0.0,0.0,28540928,17684,31620,871,-52.030846,0.010592510248534382,0.003297339697019197,-3.7983393266797068,0,0.0,0.0,0.0,,,4.346740039896437,0,0,0.0,-8.946926,-8.94692611694336,0.0,4167.2526436469525
175,1784469680.0211837,,4.0,,4.0,,6.0,,0.5,,2.0,,0.5,,2.0,,4.0,0.0,0.0,0.0,0.0,28704768,17782,31798,876,-14.4708805,0.013545015727868304,0.0038394828414311634,-3.839987076818943,0,0.0,0.0,0.0,,,4.438729796151817,0,0,0.0,-49.052986,-49.05298614501953,0.0,4607.541983732847
176,1784469719.6916947,,4.0,,4.0,,6.0,,0.5,,2.0,,0.5,,2.0,,4.0,0.0,0.0,0.0,0.0,28868608,17881,31977,881,-38.9339,0.016082188335713,0.0022037818511307706,-3.8488985344767572,0,0.0,0.0,0.0,,,4.248734714935911,0,0,0.0,-20.373304,-20.37330436706543,0.0,4130.023512628908
177,1784469758.5833297,,4.0,,4.0,,6.0,,0.5,,2.0,,0.5,,2.0,,4.0,0.0,0.0,0.0,0.0,29032448,17973,32149,886,-34.55876,0.012075372267281637,0.0038249827674007976,-3.8201975896954536,0,0.0,0.0,0.0,,,4.485976532349686,0,0,0.0,-10.959724,-10.959724426269531,0.0,4212.730094696649
178,1784469797.1837618,,4.0,,4.0,,6.0,,0.5,,2.0,,0.5,,2.0,,4.0,0.0,0.0,0.0,0.0,29196288,18068,32324,891,-33.625618,0.019611821923172103,0.0015336914322688245,-3.8127754613757134,0,0.0,0.0,0.0,,,4.486348677411138,0,0,0.0,-59.11095,-59.1109504699707,0.0,4244.512309324182
179,1784469834.4841447,,4.0,,4.0,,6.0,,0.5,,2.0,,0.5,,2.0,,4.0,0.0,0.0,0.0,0.0,29360128,18179,32515,896,-26.928534,0.011210353625938297,0.0036124670485151,-3.819009728729725,0,0.0,0.0,0.0,,,4.612769527268621,0,0,0.0,-55.35615,-55.35615158081055,0.0,4392.449111550271
180,1784469870.7394688,,4.0,,4.0,,6.0,,0.5,,2.0,,0.5,,2.0,,4.0,0.0,0.0,0.0,0.0,29523968,18281,32697,901,-63.541862,0.01778937760973349,0.003622130007715896,-3.827613686025143,0,0.0,0.0,0.0,,,4.688682454063256,0,0,0.0,-61.37389,-61.3738899230957,0.0,4519.059805974148
181,1784469909.7293699,,4.0,,4.0,,6.0,,0.5,,2.0,,0.5,,2.0,,4.0,0.0,0.0,0.0,0.0,29687808,18399,32895,906,-11.68686,0.019915965374093503,0.002688510323059745,-3.8086294889450074,0,0.0,0.0,0.0,,,4.494987319032364,0,0,0.0,-4.9671006,-4.967100620269775,0.0,4202.115225902799
182,1784469944.835438,,4.0,,4.0,,6.0,,0.5,,2.0,,0.5,,2.0,,4.0,0.0,0.0,0.0,0.0,29851648,18506,33082,911,-58.018627,0.025913743139244615,0.00265435630644788,-3.826823543012142,0,0.0,0.0,0.0,,,4.373517659967971,0,0,0.0,-78.475624,-78.47562408447266,0.0,4666.993829413575
183,1784469982.6804442,,4.0,,4.0,,6.0,,0.5,,2.0,,0.5,,2.0,,4.0,0.0,0.0,0.0,0.0,30015488,18601,33257,916,-48.081535,0.01605964543996379,0.002468256319116335,-3.8615268930792808,0,0.0,0.0,0.0,,,4.685330308334149,0,0,0.0,-22.2513,-22.251300811767578,0.0,4329.245795819617
184,1784470019.8569043,,4.0,,4.0,,6.0,,0.5,,2.0,,0.5,,2.0,,4.0,0.0,0.0,0.0,0.0,30179328,18711,33447,921,-39.303547,0.01597860572510399,0.0037276795352227054,-3.879852074384689,0,0.0,0.0,0.0,,,4.634815325960434,0,0,0.0,-43.943882,-43.94388198852539,0.0,4407.081538315259
185,1784470058.2687826,,4.0,,4.0,,6.0,,0.5,,2.0,,0.5,,2.0,,4.0,0.0,0.0,0.0,0.0,30343168,18809,33625,926,-56.450207,0.022705184371443466,0.004356867379101459,-3.8753362596035004,0,0.0,0.0,0.0,,,4.664940662079326,0,0,0.0,-18.581131,-18.581130981445312,0.0,4265.349037366397
186,1784470096.6811218,,4.0,,4.0,,6.0,,0.5,,2.0,,0.5,,2.0,,4.0,0.0,0.0,0.0,0.0,30507008,18908,33804,931,-21.99223,0.015404858937836252,0.0025396816825377757,-3.906815525889397,0,0.0,0.0,0.0,,,4.625219125896708,0,0,0.0,-28.26882,-28.26881980895996,0.0,4265.297877372063
187,1784470134.2519097,,4.0,,4.0,,6.0,,0.5,,2.0,,0.5,,2.0,,4.0,0.0,0.0,0.0,0.0,30670848,19016,33992,936,-21.889837,0.018913064373191447,0.002618606361647835,-3.900824508070946,0,0.0,0.0,0.0,,,4.429330854425587,0,0,0.0,-34.473625,-34.47362518310547,0.0,4360.833984592223
188,1784470173.1208613,,4.0,,4.0,,6.0,,0.5,,2.0,,0.5,,2.0,,4.0,0.0,0.0,0.0,0.0,30834688,19124,34180,941,-59.73628,0.02273393179057166,0.003765142599877436,-3.9155028447508813,0,0.0,0.0,0.0,,,4.630879806934862,0,0,0.0,-32.463165,-32.463165283203125,0.0,4215.188832115159
189,1784470209.51384,,4.0,,4.0,,6.0,,0.5,,2.0,,0.5,,2.0,,4.0,0.0,0.0,0.0,0.0,30998528,19227,34363,946,-49.248318,0.019380740344058723,0.0034794042658177204,-3.947425651550293,0,0.0,0.0,0.0,,,4.642853559880214,0,0,0.0,-43.34285,-43.34284973144531,0.0,4501.964095486824
190,1784470248.279797,,4.0,,4.0,,6.0,,0.5,,2.0,,0.5,,2.0,,4.0,0.0,0.0,0.0,0.0,31162368,19323,34539,951,-60.3102,0.016681516746757552,0.0028374064742820336,-3.96709523499012,0,0.0,0.0,0.0,,,4.687673650576395,0,0,0.0,-25.199923,-25.199922561645508,0.0,4226.391359136255
191,1784470287.0831728,,4.0,,4.0,,6.0,,0.5,,2.0,,0.5,,2.0,,4.0,0.0,0.0,0.0,0.0,31326208,19426,34722,956,-49.665386,0.016433395782951266,0.0029854005289962514,-3.9944285988807677,0,0.0,0.0,0.0,,,4.478989106142656,0,0,0.0,0.090237424,0.09023742377758026,0.0,4222.314343487727
192,1784470327.5047445,,4.0,,4.0,,6.0,,0.5,,2.0,,0.5,,2.0,,4.0,0.0,0.0,0.0,0.0,31490048,19523,34899,961,-31.191565,0.016150015842868015,0.0015185493204626255,-3.998308186233044,0,0.0,0.0,0.0,,,4.266465300426228,0,0,0.0,-1.403467,-1.403467059135437,0.0,4053.2813239871625
193,1784470368.099282,,4.0,,4.0,,6.0,,0.5,,2.0,,0.5,,2.0,,4.0,0.0,0.0,0.0,0.0,31653888,19618,35074,966,-35.944805,0.00805451938067563,0.0025665802968433127,-3.987666557729244,0,0.0,0.0,0.0,,,4.36611402254772,0,0,0.0,-30.334366,-30.334365844726562,0.0,4036.010824843668
194,1784470406.7439265,,4.0,,4.0,,6.0,,0.5,,2.0,,0.5,,2.0,,4.0,0.0,0.0,0.0,0.0,31817728,19710,35246,971,-25.230843,0.009414775864570402,0.003321760000108043,-4.019736275076866,0,0.0,0.0,0.0,,,4.580735718083204,0,0,0.0,-39.710907,-39.710906982421875,0.0,4239.65534077991
195,1784470444.5198786,,4.0,,4.0,,6.0,,0.5,,2.0,,0.5,,2.0,,4.0,0.0,0.0,0.0,0.0,31981568,19795,35411,976,-43.315254,0.007628512536757626,0.003329904428392183,-4.013084754347801,0,0.0,0.0,0.0,,,4.565595832464004,0,0,0.0,-30.77895,-30.778949737548828,0.0,4337.151123093629
196,1784470482.316975,,4.0,,4.0,,6.0,,0.5,,2.0,,0.5,,2.0,,4.0,0.0,0.0,0.0,0.0,32145408,19883,35579,981,-36.35621,0.009073425752285402,0.0027750014342018403,-4.038519307971001,0,0.0,0.0,0.0,,,4.544501575622895,0,0,0.0,-10.59968,-10.599679946899414,0.0,4334.724048668173
197,1784470518.9749012,,4.0,,4.0,,6.0,,0.5,,2.0,,0.5,,2.0,,4.0,0.0,0.0,0.0,0.0,32309248,19978,35754,986,-27.031055,0.013920882481033913,0.0020564147460390815,-4.030785122513771,0,0.0,0.0,0.0,,,4.520984256790635,0,0,0.0,-36.407875,-36.407875061035156,0.0,4469.429882897423
198,1784470555.0110416,,4.0,,4.0,,6.0,,0.5,,2.0,,0.5,,2.0,,4.0,0.0,0.0,0.0,0.0,32473088,20079,35935,991,-18.568039,0.014757849066518247,0.0050408419891027735,-4.070306301116943,0,0.0,0.0,0.0,,,4.835588532194125,0,0,0.0,-46.750492,-46.750492095947266,0.0,4546.547864029412
199,1784470593.9854994,,4.0,,4.0,,6.0,,0.5,,2.0,,0.5,,2.0,,4.0,0.0,0.0,0.0,0.0,32636928,20170,36106,996,-26.391384,0.011716641020029783,0.002087076885072747,-4.0593208283185955,0,0.0,0.0,0.0,,,4.559503642935098,0,0,0.0,-27.80065,-27.800649642944336,0.0,4203.781732162618
200,1784470630.0895731,,4.0,,4.0,,6.0,,0.5,,2.0,,0.5,,2.0,,4.0,0.0,0.0,0.0,0.0,32800768,20260,36276,1001,-20.444202,0.007951151132874656,0.002351881623326335,-4.094784224033356,0,0.0,0.0,0.0,,,4.397825964564122,0,0,0.0,-70.86531,-70.86531066894531,0.0,4537.992620908476
201,1784470668.5946016,,4.0,,4.0,,6.0,,0.5,,2.0,,0.5,,2.0,,4.0,0.0,0.0,0.0,0.0,32964608,20348,36444,1006,-30.385046,0.008038054400822147,0.0040650269118486905,-4.121686574816704,0,0.0,0.0,0.0,,,4.5506452121769145,0,0,0.0,-36.72554,-36.72554016113281,0.0,4255.024411933866
202,1784470705.4144695,,4.0,,4.0,,6.0,,0.5,,2.0,,0.5,,2.0,,4.0,0.0,0.0,0.0,0.0,33128448,20436,36612,1011,-67.66115,0.013635094492929056,0.004468748479848727,-4.139998170733452,0,0.0,0.0,0.0,,,4.78127059554158,0,0,0.0,-49.882538,-49.882537841796875,0.0,4449.7714418985515
203,1784470744.8455524,,4.0,,4.0,,6.0,,0.5,,2.0,,0.5,,2.0,,4.0,0.0,0.0,0.0,0.0,33292288,20531,36787,1016,-35.51339,0.010061055282130837,0.0037665242991351986,-4.129272973537445,0,0.0,0.0,0.0,,,4.625182559374192,0,0,0.0,-22.320513,-22.320512771606445,0.0,4155.096854444586
204,1784470783.725791,,4.0,,4.0,,6.0,,0.5,,2.0,,0.5,,2.0,,4.0,0.0,0.0,0.0,0.0,33456128,20616,36952,1021,-27.650442,0.010131405384163373,0.0021826910568051973,-4.105726963281631,0,0.0,0.0,0.0,,,4.669073694003347,0,0,0.0,-39.474327,-39.474327087402344,0.0,4213.970083098829
205,1784470823.2230735,,4.0,,4.0,,6.0,,0.5,,2.0,,0.5,,2.0,,4.0,0.0,0.0,0.0,0.0,33619968,20706,37122,1026,-17.191586,0.015857838798547165,0.0027495217356772626,-4.062038689851761,0,0.0,0.0,0.0,,,4.423422746360421,0,0,0.0,-19.729403,-19.729402542114258,0.0,4148.130224425037
206,1784470860.1038015,,4.0,,4.0,,6.0,,0.5,,2.0,,0.5,,2.0,,4.0,0.0,0.0,0.0,0.0,33783808,20809,37305,1031,-22.879778,0.012742545435321518,0.0031347522482974453,-4.061444520950317,0,0.0,0.0,0.0,,,4.782227074316549,0,0,0.0,-69.65859,-69.6585922241211,0.0,4442.428210010017
207,1784470898.4867895,,4.0,,4.0,,6.0,,0.5,,2.0,,0.5,,2.0,,4.0,0.0,0.0,0.0,0.0,33947648,20908,37484,1036,-45.052002,0.015378463850356638,0.004058079511742108,-4.065622493624687,0,0.0,0.0,0.0,,,4.501969369518178,0,0,0.0,-12.551526,-12.551526069641113,0.0,4268.557503580459
208,1784470937.6774192,,4.0,,4.0,,6.0,,0.5,,2.0,,0.5,,2.0,,4.0,0.0,0.0,0.0,0.0,34111488,21006,37662,1041,-43.135624,0.01037578889518045,0.004447175235691247,-4.0644172638654705,0,0.0,0.0,0.0,,,4.6578843601390005,0,0,0.0,-21.222443,-21.222442626953125,0.0,4180.591171222282
209,1784470976.2834613,,4.0,,4.0,,6.0,,0.5,,2.0,,0.5,,2.0,,4.0,0.0,0.0,0.0,0.0,34275328,21103,37839,1046,-58.161915,0.019068687089020386,0.0017674825568974484,-4.052714759111405,0,0.0,0.0,0.0,,,4.1751655031890875,0,0,0.0,-37.116726,-37.11672592163086,0.0,4243.896184033618
210,1784471013.2944272,,4.0,,4.0,,6.0,,0.5,,2.0,,0.5,,2.0,,4.0,0.0,0.0,0.0,0.0,34439168,21201,38017,1051,-36.896286,0.01841230487334542,0.004062411516497377,-4.025702250003815,0,0.0,0.0,0.0,,,4.681216399294644,0,0,0.0,-47.91545,-47.91545104980469,0.0,4426.791679094529
211,1784471051.0760045,,4.0,,4.0,,6.0,,0.5,,2.0,,0.5,,2.0,,4.0,0.0,0.0,0.0,0.0,34603008,21288,38184,1056,-17.711033,0.009939746907912194,0.004486910541891121,-4.032415416836739,0,0.0,0.0,0.0,,,4.648903197348926,0,0,0.0,-30.19786,-30.197860717773438,0.0,4336.509029490887
212,1784471089.9812188,,4.0,,4.0,,6.0,,0.5,,2.0,,0.5,,2.0,,4.0,0.0,0.0,0.0,0.0,34766848,21379,38355,1061,-29.498898,0.011614307132549583,0.0017596676785615272,-4.030496802926064,0,0.0,0.0,0.0,,,4.425515086755399,0,0,0.0,-30.127197,-30.127197265625,0.0,4211.260002842715
213,1784471128.1052105,,4.0,,4.0,,6.0,,0.5,,2.0,,0.5,,2.0,,4.0,0.0,0.0,0.0,0.0,34930688,21469,38525,1066,-9.622258,0.010533932453836315,0.002983400927041657,-4.062991121411324,0,0.0,0.0,0.0,,,4.575354269622593,0,0,0.0,-21.529203,-21.529203414916992,0.0,4297.558099720648
214,1784471166.351728,,4.0,,4.0,,6.0,,0.5,,2.0,,0.5,,2.0,,4.0,0.0,0.0,0.0,0.0,35094528,21571,38707,1071,-18.385624,0.009938601314206607,0.0007549983420176432,-4.054264217615128,0,0.0,0.0,0.0,,,4.305470053118549,0,0,0.0,-20.675861,-20.675861358642578,0.0,4283.791949163962
215,1784471204.6244206,,4.0,,4.0,,6.0,,0.5,,2.0,,0.5,,2.0,,4.0,0.0,0.0,0.0,0.0,35258368,21659,38875,1076,-35.828407,0.012538386185769922,0.0022255848947679625,-4.035316628217697,0,0.0,0.0,0.0,,,4.670925894154094,0,0,0.0,-37.459564,-37.459564208984375,0.0,4280.856859122791
216,1784471242.94724,,4.0,,4.0,,6.0,,0.5,,2.0,,0.5,,2.0,,4.0,0.0,0.0,0.0,0.0,35422208,21753,39049,1081,-33.00927,0.016731108419480733,0.002576329249131959,-4.051717746257782,0,0.0,0.0,0.0,,,4.276245448083077,0,0,0.0,-19.029732,-19.02973175048828,0.0,4275.256396367999
217,1784471280.635505,,4.0,,4.0,,6.0,,0.5,,2.0,,0.5,,2.0,,4.0,0.0,0.0,0.0,0.0,35586048,21840,39216,1086,-11.618482,0.01284941764024552,0.0031147392626735384,-4.086961632966995,0,0.0,0.0,0.0,,,4.342073380349754,0,0,0.0,-40.106575,-40.10657501220703,0.0,4347.24258091733
218,1784471318.4330494,,4.0,,4.0,,6.0,,0.5,,2.0,,0.5,,2.0,,4.0,0.0,0.0,0.0,0.0,35749888,21941,39397,1091,-25.444996,0.011860148605774157,0.0016128204042615835,-4.060849803686142,0,0.0,0.0,0.0,,,4.435399254747678,0,0,0.0,-19.755138,-19.755138397216797,0.0,4334.6718462678555
219,1784471354.9221578,,4.0,,4.0,,6.0,,0.5,,2.0,,0.5,,2.0,,4.0,0.0,0.0,0.0,0.0,35913728,22026,39562,1096,-36.541122,0.012281325738877058,0.0024767752242041753,-4.106688159704208,0,0.0,0.0,0.0,,,4.7645127151819775,0,0,0.0,-38.208057,-38.20805740356445,0.0,4490.10724192586
220,1784471391.8941486,,4.0,,4.0,,6.0,,0.5,,2.0,,0.5,,2.0,,4.0,0.0,0.0,0.0,0.0,36077568,22113,39729,1101,-25.687336,0.008296017663087695,0.0015335033429437317,-4.075126695632934,0,0.0,0.0,0.0,,,4.372446999969455,0,0,0.0,-42.889854,-42.889854431152344,0.0,4431.459700845046
221,1784471431.883157,,4.0,,4.0,,6.0,,0.5,,2.0,,0.5,,2.0,,4.0,0.0,0.0,0.0,0.0,36241408,22195,39891,1106,-48.360847,0.01486916939902585,0.0029746173851890488,-4.056174069643021,0,0.0,0.0,0.0,,,4.147236671541426,0,0,0.0,-7.502917,-7.5029168128967285,0.0,4097.128378346281
222,1784471470.0812666,,4.0,,4.0,,6.0,,0.5,,2.0,,0.5,,2.0,,4.0,0.0,0.0,0.0,0.0,36405248,22286,40062,1111,-64.28536,0.013308712307480163,0.0026860966165259013,-4.050308945775032,0,0.0,0.0,0.0,,,4.196320568660666,0,0,0.0,-34.383232,-34.38323211669922,0.0,4289.219393631265
223,1784471509.2741613,,4.0,,4.0,,6.0,,0.5,,2.0,,0.5,,2.0,,4.0,0.0,0.0,0.0,0.0,36569088,22374,40230,1116,-9.832822,0.011904306069482118,0.0022470368043286727,-4.084731674194336,0,0.0,0.0,0.0,,,4.261766228176574,0,0,0.0,-2.8494236,-2.84942364692688,0.0,4180.349805816585
224,1784471547.4984243,,4.0,,4.0,,6.0,,0.5,,2.0,,0.5,,2.0,,4.0,0.0,0.0,0.0,0.0,36732928,22461,40397,1121,-33.40677,0.01204325089638587,0.003922091971617192,-4.084833243489266,0,0.0,0.0,0.0,,,4.872487804717513,0,0,0.0,-14.347258,-14.347257614135742,0.0,4286.2848292516455
225,1784471587.1250043,,4.0,,4.0,,6.0,,0.5,,2.0,,0.5,,2.0,,4.0,0.0,0.0,0.0,0.0,36896768,22549,40565,1126,-44.728596,0.012328999370220117,0.0028417372588592114,-4.066619649529457,0,0.0,0.0,0.0,,,4.55759297430171,0,0,0.0,-4.2855816,-4.285581588745117,0.0,4134.60251899186
226,1784471625.826092,,4.0,,4.0,,6.0,,0.5,,2.0,,0.5,,2.0,,4.0,0.0,0.0,0.0,0.0,37060608,22641,40737,1131,-1.6493728,0.007890446687815711,0.0026376932612038216,-4.0679283231496814,0,0.0,0.0,0.0,,,4.5368904845395575,0,0,0.0,-16.495483,-16.4954833984375,0.0,4233.464955398848
227,1784471663.1892664,,4.0,,4.0,,6.0,,0.5,,2.0,,0.5,,2.0,,4.0,0.0,0.0,0.0,0.0,37224448,22734,40910,1136,9.162142,0.009711441001854837,0.002806368100573309,-4.119393220543861,0,0.0,0.0,0.0,,,4.799468034243162,0,0,0.0,-23.67558,-23.675579071044922,0.0,4385.066712039924
228,1784471699.964251,,4.0,,4.0,,6.0,,0.5,,2.0,,0.5,,2.0,,4.0,0.0,0.0,0.0,0.0,37388288,22820,41076,1141,-24.103382,0.009305437520379201,0.0031796196679351853,-4.088142427802086,0,0.0,0.0,0.0,,,4.275503452541666,0,0,0.0,-54.76602,-54.766021728515625,0.0,4455.202012160441
229,1784471738.3194067,,4.0,,4.0,,6.0,,0.5,,2.0,,0.5,,2.0,,4.0,0.0,0.0,0.0,0.0,37552128,22917,41253,1146,-64.61272,0.01729003055370413,0.001331352364650229,-4.068831714987755,0,0.0,0.0,0.0,,,4.321095936774253,0,0,0.0,-33.957043,-33.9570426940918,0.0,4271.658330919458
230,1784471775.823238,,4.0,,4.0,,6.0,,0.5,,2.0,,0.5,,2.0,,4.0,0.0,0.0,0.0,0.0,37715968,23004,41420,1151,-31.309378,0.014342962333466857,0.001472195950918831,-4.052184143662453,0,0.0,0.0,0.0,,,4.4099888803800456,0,0,0.0,-34.91901,-34.919010162353516,0.0,4368.6213131012
231,1784471813.449343,,4.0,,4.0,,6.0,,0.5,,2.0,,0.5,,2.0,,4.0,0.0,0.0,0.0,0.0,37879808,23096,41592,1156,-49.267662,0.02464563325047493,0.00400732590132975,-4.076865890622139,0,0.0,0.0,0.0,,,4.654635689228877,0,0,0.0,-18.58688,-18.58687973022461,0.0,4354.418899862334
232,1784471851.650069,,4.0,,4.0,,6.0,,0.5,,2.0,,0.5,,2.0,,4.0,0.0,0.0,0.0,0.0,38043648,23192,41768,1161,-50.1614,0.01894480115151964,0.0034215184990898707,-4.098714968562126,0,0.0,0.0,0.0,,,4.637479747931324,0,0,0.0,-24.372091,-24.37209129333496,0.0,4288.927006357026
233,1784471889.1948462,,4.0,,4.0,,6.0,,0.5,,2.0,,0.5,,2.0,,4.0,0.0,0.0,0.0,0.0,38207488,23279,41935,1166,-28.246714,0.012209194828756154,0.0016845052865392062,-4.09232442677021,0,0.0,0.0,0.0,,,3.9194679395558394,0,0,0.0,-56.858498,-56.858497619628906,0.0,4363.853812878424
234,1784471924.6380208,,4.0,,4.0,,6.0,,0.5,,2.0,,0.5,,2.0,,4.0,0.0,0.0,0.0,0.0,38371328,23364,42100,1171,-13.359075,0.009582047039293684,0.0016856780828675255,-4.138284060359001,0,0.0,0.0,0.0,,,4.148958316420561,0,0,0.0,-71.581085,-71.58108520507812,0.0,4622.616487490525
235,1784471960.602152,,4.0,,4.0,,6.0,,0.5,,2.0,,0.5,,2.0,,4.0,0.0,0.0,0.0,0.0,38535168,23449,42265,1176,-33.89869,0.013071477739140391,0.0021771346873720177,-4.10027959048748,0,0.0,0.0,0.0,,,4.578819792968018,0,0,0.0,-39.32883,-39.32883071899414,0.0,4555.651360575585
236,1784471999.7070901,,4.0,,4.0,,6.0,,0.5,,2.0,,0.5,,2.0,,4.0,0.0,0.0,0.0,0.0,38699008,23543,42439,1181,-47.929268,0.01569526388775557,0.0014320367918116972,-4.141205048561096,0,0.0,0.0,0.0,,,4.474116806896904,0,0,0.0,-27.717386,-27.71738624572754,0.0,4189.746338640425
237,1784472038.3244581,,4.0,,4.0,,6.0,,0.5,,2.0,,0.5,,2.0,,4.0,0.0,0.0,0.0,0.0,38862848,23652,42628,1186,-38.666843,0.02694708467461169,0.0037852457200642673,-4.112895762920379,0,0.0,0.0,0.0,,,4.679153014327432,0,0,0.0,-27.620968,-27.620967864990234,0.0,4242.649822728956
238,1784472077.883053,,4.0,,4.0,,6.0,,0.5,,2.0,,0.5,,2.0,,4.0,0.0,0.0,0.0,0.0,39026688,23742,42798,1191,-35.54731,0.0211891267914325,0.0017303708926192484,-4.1045570313930515,0,0.0,0.0,0.0,,,4.37009549553415,0,0,0.0,-16.139984,-16.139984130859375,0.0,4141.70515207595
239,1784472115.6348898,,4.0,,4.0,,6.0,,0.5,,2.0,,0.5,,2.0,,4.0,0.0,0.0,0.0,0.0,39190528,23833,42969,1196,-37.534023,0.01979023141320795,0.0026867988068261183,-4.097597256302834,0,0.0,0.0,0.0,,,4.466314840191209,0,0,0.0,-13.403463,-13.403463363647461,0.0,4339.923934290934
240,1784472153.0889633,,4.0,,4.0,,6.0,,0.5,,2.0,,0.5,,2.0,,4.0,0.0,0.0,0.0,0.0,39354368,23919,43135,1201,-5.46793,0.008576347870985046,0.0035428471557679584,-4.1068197071552275,0,0.0,0.0,0.0,,,4.39872746942671,0,0,0.0,-27.7893,-27.7893009185791,0.0,4374.421130776242
241,1784472193.024975,,4.0,,4.0,,6.0,,0.5,,2.0,,0.5,,2.0,,4.0,0.0,0.0,0.0,0.0,39518208,24006,43302,1206,-45.590466,0.02226803546072915,0.004290675064112293,-4.084740015864372,0,0.0,0.0,0.0,,,4.7108952811727445,0,0,0.0,-1.4670464,-1.4670463800430298,0.0,4102.563996852382
242,1784472230.6331658,,4.0,,4.0,,6.0,,0.5,,2.0,,0.5,,2.0,,4.0,0.0,0.0,0.0,0.0,39682048,24097,43473,1211,-26.423553,0.013246633522794583,0.004475339025520953,-4.103969800472259,0,0.0,0.0,0.0,,,4.53612761834597,0,0,0.0,-38.54118,-38.54117965698242,0.0,4356.497552140496
243,1784472267.46361,,4.0,,4.0,,6.0,,0.5,,2.0,,0.5,,2.0,,4.0,0.0,0.0,0.0,0.0,39845888,24191,43647,1216,-26.385284,0.020329611335182563,0.0032129041122971103,-4.1001425832509995,0,0.0,0.0,0.0,,,4.647397776799329,0,0,0.0,-50.456596,-50.45659637451172,0.0,4448.4925222007305
244,1784472304.980612,,4.0,,4.0,,6.0,,0.5,,2.0,,0.5,,2.0,,4.0,0.0,0.0,0.0,0.0,40009728,24280,43816,1221,-2.0863307,0.009519321747939102,0.0016298940201522783,-4.112513995170593,0,0.0,0.0,0.0,,,4.663364193585737,0,0,0.0,-21.11398,-21.11397933959961,0.0,4367.08717086498
245,1784472342.2327483,,4.0,,4.0,,6.0,,0.5,,2.0,,0.5,,2.0,,4.0,0.0,0.0,0.0,0.0,40173568,24369,43985,1226,-25.23381,0.015145793254487217,0.002796351646975381,-4.143290039896965,0,0.0,0.0,0.0,,,4.525291402203637,0,0,0.0,-48.90512,-48.905120849609375,0.0,4398.138421091701
246,1784472379.3497145,,4.0,,4.0,,6.0,,0.5,,2.0,,0.5,,2.0,,4.0,0.0,0.0,0.0,0.0,40337408,24465,44161,1231,-37.352028,0.017432655242737384,0.003569030755897984,-4.121169713139534,0,0.0,0.0,0.0,,,4.371985466084173,0,0,0.0,-54.731415,-54.731414794921875,0.0,4414.15194771803
247,1784472415.8149428,,4.0,,4.0,,6.0,,0.5,,2.0,,0.5,,2.0,,4.0,0.0,0.0,0.0,0.0,40501248,24566,44342,1236,-33.856567,0.024159104644786565,0.0028677829395746812,-4.098795571923256,0,0.0,0.0,0.0,,,4.621736849848956,0,0,0.0,-41.937595,-41.93759536743164,0.0,4493.046578561455
248,1784472451.6668484,,4.0,,4.0,,6.0,,0.5,,2.0,,0.5,,2.0,,4.0,0.0,0.0,0.0,0.0,40665088,24672,44528,1241,-40.865044,0.016643775306874886,0.002935192422592081,-4.102048644423485,0,0.0,0.0,0.0,,,4.53424598753616,0,0,0.0,-64.97738,-64.97737884521484,0.0,4569.906922863787
249,1784472490.7217042,,4.0,,4.0,,6.0,,0.5,,2.0,,0.5,,2.0,,4.0,0.0,0.0,0.0,0.0,40828928,24785,44721,1246,-53.082184,0.020941339415730908,0.001714374651783146,-4.116216188669204,0,0.0,0.0,0.0,,,4.515568200422021,0,0,0.0,-17.626904,-17.626903533935547,0.0,4195.129095573072
250,1784472526.9468732,,4.0,,4.0,,6.0,,0.5,,2.0,,0.5,,2.0,,4.0,0.0,0.0,0.0,0.0,40992768,24886,44902,1251,-56.974316,0.021577662439085543,0.0030904130326234736,-4.105536925792694,0,0.0,0.0,0.0,,,4.749112994763358,0,0,0.0,-43.630196,-43.63019561767578,0.0,4522.823437186154
251,1784472562.9208944,,4.0,,4.0,,6.0,,0.5,,2.0,,0.5,,2.0,,4.0,0.0,0.0,0.0,0.0,41156608,24989,45085,1256,-23.894382,0.026698873180430384,0.0029269772043335252,-4.117069733142853,0,0.0,0.0,0.0,,,4.666880123936507,0,0,0.0,-85.390724,-85.3907241821289,0.0,4554.391809056781
252,1784472599.9348223,,4.0,,4.0,,6.0,,0.5,,2.0,,0.5,,2.0,,4.0,0.0,0.0,0.0,0.0,41320448,25112,45288,1261,-73.04314,0.04033094152109697,0.0012874109670519829,-4.069451549649239,0,0.0,0.0,0.0,,,4.508810701365124,0,0,0.0,-75.61322,-75.61322021484375,0.0,4426.446858295038
253,1784472637.440679,,4.0,,4.0,,6.0,,0.5,,2.0,,0.5,,2.0,,4.0,0.0,0.0,0.0,0.0,41484288,25236,45492,1266,-60.626923,0.04713398311287165,0.002734879878698848,-4.023147878050804,0,0.0,0.0,0.0,,,4.6499729064949715,0,0,0.0,-43.663048,-43.663047790527344,0.0,4368.384032576474
254,1784472673.1691315,,4.0,,4.0,,6.0,,0.5,,2.0,,0.5,,2.0,,4.0,0.0,0.0,0.0,0.0,41648128,25345,45681,1271,-50.78773,0.024104949948377908,0.0020942944422131403,-4.03657631278038,0,0.0,0.0,0.0,,,4.68497293393597,0,0,0.0,-66.316376,-66.31637573242188,0.0,4585.700954948072
255,1784472711.1099594,,4.0,,4.0,,6.0,,0.5,,2.0,,0.5,,2.0,,4.0,0.0,0.0,0.0,0.0,41811968,25466,45882,1276,-45.48564,0.027340734691824763,0.003299178462475538,-4.019662323594093,0,0.0,0.0,0.0,,,4.488479182928534,0,0,0.0,-56.17495,-56.174949645996094,0.0,4318.302207984839
256,1784472748.2921565,,4.0,,4.0,,6.0,,0.5,,2.0,,0.5,,2.0,,4.0,0.0,0.0,0.0,0.0,41975808,25572,46068,1281,-45.158955,0.024217401398345828,0.0014485880281426943,-4.07256977558136,0,0.0,0.0,0.0,,,4.448472008859817,0,0,0.0,-42.289482,-42.28948211669922,0.0,4406.410699594995
257,1784472787.582805,,4.0,,4.0,,6.0,,0.5,,2.0,,0.5,,2.0,,4.0,0.0,0.0,0.0,0.0,42139648,25678,46254,1286,-52.258778,0.0214160997828003,0.0008727671607630328,-4.044492220878601,0,0.0,0.0,0.0,,,4.328013762334919,0,0,0.0,3.337244,3.3372440338134766,0.0,4169.950130272696
258,1784472825.3837233,,4.0,,4.0,,6.0,,0.5,,2.0,,0.5,,2.0,,4.0,0.0,0.0,0.0,0.0,42303488,25802,46458,1291,-44.35864,0.03255365035729483,0.003378657305438537,-4.033949095010757,0,0.0,0.0,0.0,,,4.592616334180804,0,0,0.0,-34.15788,-34.15787887573242,0.0,4334.284066163659
259,1784472863.900542,,4.0,,4.0,,6.0,,0.5,,2.0,,0.5,,2.0,,4.0,0.0,0.0,0.0,0.0,42467328,25915,46651,1296,-43.075718,0.029124501906335355,0.0046326109775691295,-3.99167377948761,0,0.0,0.0,0.0,,,4.44845507753851,0,0,0.0,-22.763666,-22.7636661529541,0.0,4253.727145171049
260,1784472901.8207204,,4.0,,4.0,,6.0,,0.5,,2.0,,0.5,,2.0,,4.0,0.0,0.0,0.0,0.0,42631168,26019,46835,1301,-14.810269,0.027746114577166737,0.0024224460612458643,-4.008003732562065,0,0.0,0.0,0.0,,,4.65533962172527,0,0,0.0,-33.233784,-33.23378372192383,0.0,4320.653875256904
261,1784472940.9655552,,4.0,,4.0,,6.0,,0.5,,2.0,,0.5,,2.0,,4.0,0.0,0.0,0.0,0.0,42795008,26121,47017,1306,-39.87055,0.029260551871266215,0.0017197643835970666,-4.005410677194595,0,0.0,0.0,0.0,,,4.351052540612396,0,0,0.0,-33.607998,-33.60799789428711,0.0,4185.482498684678
262,1784472978.747419,,4.0,,4.0,,6.0,,0.5,,2.0,,0.5,,2.0,,4.0,0.0,0.0,0.0,0.0,42958848,26213,47189,1311,-22.438755,0.015495382144581526,0.0027605404029600322,-4.004429826140404,0,0.0,0.0,0.0,,,4.2211973972802275,0,0,0.0,-14.734019,-14.73401927947998,0.0,4336.474487866743
263,1784473016.1079233,,4.0,,4.0,,6.0,,0.5,,2.0,,0.5,,2.0,,4.0,0.0,0.0,0.0,0.0,43122688,26315,47371,1316,-63.46412,0.023067601269576698,0.0014236930110200774,-4.02859782576561,0,0.0,0.0,0.0,,,4.436297497378157,0,0,0.0,-18.638721,-18.638721466064453,0.0,4385.377076607471
264,1784473052.5446117,,4.0,,4.0,,6.0,,0.5,,2.0,,0.5,,2.0,,4.0,0.0,0.0,0.0,0.0,43286528,26419,47555,1321,-37.280754,0.02119921796838753,0.003276516267214902,-4.043522813916207,0,0.0,0.0,0.0,,,4.80549723805755,0,0,0.0,-65.864395,-65.86439514160156,0.0,4496.562680465194
265,1784473089.6750224,,4.0,,4.0,,6.0,,0.5,,2.0,,0.5,,2.0,,4.0,0.0,0.0,0.0,0.0,43450368,26525,47741,1326,-7.083626,0.018081794976023958,0.002798032877035439,-4.0467190623283384,0,0.0,0.0,0.0,,,4.266368605857184,0,0,0.0,-37.8352,-37.835201263427734,0.0,4412.559082800362
266,1784473127.0942893,,4.0,,4.0,,6.0,,0.5,,2.0,,0.5,,2.0,,4.0,0.0,0.0,0.0,0.0,43614208,26626,47922,1331,-52.85744,0.018021567940013482,0.001625386398518458,-4.077932953834534,0,0.0,0.0,0.0,,,4.434532034778101,0,0,0.0,-34.177433,-34.177433013916016,0.0,4378.493573605016
267,1784473163.7125356,,4.0,,4.0,,6.0,,0.5,,2.0,,0.5,,2.0,,4.0,0.0,0.0,0.0,0.0,43778048,26740,48116,1336,-48.208263,0.03180383414728567,0.004731615880155004,-4.066789916157722,0,0.0,0.0,0.0,,,4.917319132420465,0,0,0.0,-63.69718,-63.697181701660156,0.0,4474.268430256395
268,1784473201.3922572,,4.0,,4.0,,6.0,,0.5,,2.0,,0.5,,2.0,,4.0,0.0,0.0,0.0,0.0,43941888,26842,48298,1341,-26.560171,0.014027603442082181,0.0028757337116985583,-4.087882298231125,0,0.0,0.0,0.0,,,4.427938998928426,0,0,0.0,-51.36325,-51.363250732421875,0.0,4348.2303101845555
269,1784473237.1121104,,4.0,,4.0,,6.0,,0.5,,2.0,,0.5,,2.0,,4.0,0.0,0.0,0.0,0.0,44105728,26932,48468,1346,-16.503904,0.017962591268587857,0.0021842937494511716,-4.07017195224762,0,0.0,0.0,0.0,,,4.3865610936727535,0,0,0.0,-44.283463,-44.28346252441406,0.0,4586.804300415261
270,1784473275.8104064,,4.0,,4.0,,6.0,,0.5,,2.0,,0.5,,2.0,,4.0,0.0,0.0,0.0,0.0,44269568,27028,48644,1351,-39.513187,0.020493644865928216,0.0010030443751020356,-4.064595073461533,0,0.0,0.0,0.0,,,4.402612214949486,0,0,0.0,-13.228601,-13.228601455688477,0.0,4233.78189207523
271,1784473315.053625,,4.0,,4.0,,6.0,,0.5,,2.0,,0.5,,2.0,,4.0,0.0,0.0,0.0,0.0,44433408,27119,48815,1356,-29.698812,0.014370993507327512,0.0025072437623748557,-4.049911516904831,0,0.0,0.0,0.0,,,4.609833210364977,0,0,0.0,-14.152965,-14.15296459197998,0.0,4174.990776007243
272,1784473351.4498274,,4.0,,4.0,,6.0,,0.5,,2.0,,0.5,,2.0,,4.0,0.0,0.0,0.0,0.0,44597248,27209,48985,1361,-29.686344,0.014150749976397491,0.0021927421883447097,-4.035630589723587,0,0.0,0.0,0.0,,,4.564315927378446,0,0,0.0,-46.83067,-46.83066940307617,0.0,4501.564951084208
273,1784473389.9376507,,4.0,,4.0,,6.0,,0.5,,2.0,,0.5,,2.0,,4.0,0.0,0.0,0.0,0.0,44761088,27300,49156,1366,-48.77438,0.01584507176303305,0.0035058645851677285,-4.004097254574299,0,0.0,0.0,0.0,,,4.364452868280059,0,0,0.0,-24.696564,-24.696563720703125,0.0,4256.935665484193
274,1784473427.2588375,,4.0,,4.0,,6.0,,0.5,,2.0,,0.5,,2.0,,4.0,0.0,0.0,0.0,0.0,44924928,27390,49326,1371,-32.920803,0.014377193577820436,0.002195354131254135,-3.9918145433068277,0,0.0,0.0,0.0,,,4.519359493168936,0,0,0.0,-40.84985,-40.849849700927734,0.0,4389.993223159906
275,1784473464.0303168,,4.0,,4.0,,6.0,,0.5,,2.0,,0.5,,2.0,,4.0,0.0,0.0,0.0,0.0,45088768,27482,49498,1376,-36.85651,0.01230075997300446,0.0024017064715735614,-3.9765537187457083,0,0.0,0.0,0.0,,,4.622473322640968,0,0,0.0,-24.474003,-24.474002838134766,0.0,4455.626064319592
276,1784473500.9481037,,4.0,,4.0,,6.0,,0.5,,2.0,,0.5,,2.0,,4.0,0.0,0.0,0.0,0.0,45252608,27571,49667,1381,-32.880928,0.015971469093346968,0.00248751818362507,-3.9578129678964613,0,0.0,0.0,0.0,,,4.298887586353021,0,0,0.0,-22.924088,-22.924087524414062,0.0,4437.973372913167
277,1784473540.564124,,4.0,,4.0,,6.0,,0.5,,2.0,,0.5,,2.0,,4.0,0.0,0.0,0.0,0.0,45416448,27660,49836,1386,-55.38748,0.015595553911407479,0.00279304142750334,-3.9300592720508574,0,0.0,0.0,0.0,,,4.3614125177836165,0,0,0.0,-3.8618522,-3.8618521690368652,0.0,4135.697507424576
278,1784473577.0160813,,4.0,,4.0,,6.0,,0.5,,2.0,,0.5,,2.0,,4.0,0.0,0.0,0.0,0.0,45580288,27751,50007,1391,-9.604344,0.008226503417245113,0.0012110637493606192,-3.8653350308537484,0,0.0,0.0,0.0,,,3.935312844723105,0,0,0.0,-32.79532,-32.795318603515625,0.0,4494.68540843438
279,1784473614.9100575,,4.0,,4.0,,6.0,,0.5,,2.0,,0.5,,2.0,,4.0,0.0,0.0,0.0,0.0,45744128,27836,50172,1396,-12.99442,0.012934383936226368,0.0022536179232702123,-3.8469244092702866,0,0.0,0.0,0.0,,,4.475586406715166,0,0,0.0,-19.304918,-19.30491828918457,0.0,4323.639668429153
280,1784473653.6665096,,4.0,,4.0,,6.0,,0.5,,2.0,,0.5,,2.0,,4.0,0.0,0.0,0.0,0.0,45907968,27927,50343,1401,-30.418467,0.014725699526024982,0.0016768576475442386,-3.8487981081008913,0,0.0,0.0,0.0,,,4.3793709800702185,0,0,0.0,-41.920033,-41.9200325012207,0.0,4227.426704497859
281,1784473690.559564,,4.0,,4.0,,6.0,,0.5,,2.0,,0.5,,2.0,,4.0,0.0,0.0,0.0,0.0,46071808,28021,50517,1406,-18.06395,0.018643972207792105,0.0022129655655589884,-3.89268844127655,0,0.0,0.0,0.0,,,4.532167002839692,0,0,0.0,-21.530075,-21.530075073242188,0.0,4440.944044255197
282,1784473727.8152163,,4.0,,4.0,,6.0,,0.5,,2.0,,0.5,,2.0,,4.0,0.0,0.0,0.0,0.0,46235648,28106,50682,1411,-9.617627,0.013538632803829387,0.0010028415243141353,-3.9141396582126617,0,0.0,0.0,0.0,,,4.326377014949062,0,0,0.0,-14.98288,-14.982879638671875,0.0,4397.721821804744
283,1784473765.890708,,4.0,,4.0,,6.0,,0.5,,2.0,,0.5,,2.0,,4.0,0.0,0.0,0.0,0.0,46399488,28192,50848,1416,-30.277578,0.013578598914318719,0.0029255968183861114,-3.8977778658270834,0,0.0,0.0,0.0,,,4.410579970538413,0,0,0.0,-43.033104,-43.033103942871094,0.0,4303.031022895266
284,1784473802.4114265,,4.0,,4.0,,6.0,,0.5,,2.0,,0.5,,2.0,,4.0,0.0,0.0,0.0,0.0,46563328,28276,51012,1421,-8.609964,0.009529280368587934,0.002949471933970926,-3.906394048035145,0,0.0,0.0,0.0,,,4.419550390892169,0,0,0.0,-66.99682,-66.99681854248047,0.0,4486.218849210711
285,1784473838.1124268,,4.0,,4.0,,6.0,,0.5,,2.0,,0.5,,2.0,,4.0,0.0,0.0,0.0,0.0,46727168,28365,51181,1426,-29.05433,0.013882966962410138,0.001960430074541364,-3.8880035504698753,0,0.0,0.0,0.0,,,4.448709841075013,0,0,0.0,-44.291023,-44.29102325439453,0.0,4589.227085951549
286,1784473876.2949963,,4.0,,4.0,,6.0,,0.5,,2.0,,0.5,,2.0,,4.0,0.0,0.0,0.0,0.0,46891008,28459,51355,1431,-12.492926,0.012176051593269222,0.003052310672137537,-3.8661407843232154,0,0.0,0.0,0.0,,,4.363898771481336,0,0,0.0,-11.430473,-11.430473327636719,0.0,4290.963966637231
287,1784473914.5684953,,4.0,,4.0,,6.0,,0.5,,2.0,,0.5,,2.0,,4.0,0.0,0.0,0.0,0.0,47054848,28554,51530,1436,-4.9402657,0.017279333376791328,0.0011960466465097852,-3.8901060104370115,0,0.0,0.0,0.0,,,4.40257133113749,0,0,0.0,-21.922176,-21.922176361083984,0.0,4280.768801547563
288,1784473952.7239587,,4.0,,4.0,,6.0,,0.5,,2.0,,0.5,,2.0,,4.0,0.0,0.0,0.0,0.0,47218688,28647,51703,1441,-50.04181,0.013779252889798954,0.003938873807783239,-3.879791857302189,0,0.0,0.0,0.0,,,4.526532187796635,0,0,0.0,-17.808016,-17.808015823364258,0.0,4294.013957040967
289,1784473992.5939438,,4.0,,4.0,,6.0,,0.5,,2.0,,0.5,,2.0,,4.0,0.0,0.0,0.0,0.0,47382528,28731,51867,1446,-36.429165,0.014660457879654133,0.0027580644127738196,-3.8683929845690725,0,0.0,0.0,0.0,,,4.062788910393361,0,0,0.0,-4.511901,-4.511900901794434,0.0,4109.356361959022
290,1784474032.5344985,,4.0,,4.0,,6.0,,0.5,,2.0,,0.5,,2.0,,4.0,0.0,0.0,0.0,0.0,47546368,28814,52030,1451,-16.667263,0.008263542281929404,0.00032646224499330854,-3.897204817831516,0,0.0,0.0,0.0,,,3.856044348141917,0,0,0.0,-18.789381,-18.78938102722168,0.0,4102.097492571013
291,1784474070.0009818,,4.0,,4.0,,6.0,,0.5,,2.0,,0.5,,2.0,,4.0,0.0,0.0,0.0,0.0,47710208,28902,52198,1456,-24.396332,0.01264935783110559,0.0014691840493469498,-3.869579401612282,0,0.0,0.0,0.0,,,4.359305519506985,0,0,0.0,-11.642207,-11.642207145690918,0.0,4372.974360516855
292,1784474108.7785652,,4.0,,4.0,,6.0,,0.5,,2.0,,0.5,,2.0,,4.0,0.0,0.0,0.0,0.0,47874048,28984,52360,1461,-20.217533,0.010295145332929679,0.0021126942592673004,-3.8535075157880785,0,0.0,0.0,0.0,,,4.340095842747106,0,0,0.0,11.676287,11.676286697387695,0.0,4225.119472573356
293,1784474145.4650385,,4.0,,4.0,,6.0,,0.5,,2.0,,0.5,,2.0,,4.0,0.0,0.0,0.0,0.0,48037888,29071,52527,1466,-30.074936,0.016713636805070563,0.002916686701064464,-3.868001490831375,0,0.0,0.0,0.0,,,4.294539136718867,0,0,0.0,-6.354952,-6.354951858520508,0.0,4465.9525165871155
294,1784474183.9558933,,4.0,,4.0,,6.0,,0.5,,2.0,,0.5,,2.0,,4.0,0.0,0.0,0.0,0.0,48201728,29175,52711,1471,-27.552877,0.016428321949206293,0.0024119192050420677,-3.869522123038769,0,0.0,0.0,0.0,,,4.390087190329038,0,0,0.0,-31.689709,-31.689708709716797,0.0,4256.592962991434
295,1784474221.365231,,4.0,,4.0,,6.0,,0.5,,2.0,,0.5,,2.0,,4.0,0.0,0.0,0.0,0.0,48365568,29267,52883,1476,-28.057486,0.014888747280929237,0.002431800591875799,-3.8555494785308837,0,0.0,0.0,0.0,,,4.300506748133637,0,0,0.0,-21.367361,-21.367361068725586,0.0,4379.656675690951
296,1784474257.0464995,,4.0,,4.0,,6.0,,0.5,,2.0,,0.5,,2.0,,4.0,0.0,0.0,0.0,0.0,48529408,29357,53053,1481,-28.170292,0.01440809876366984,0.0032878714162507096,-3.8829931139945986,0,0.0,0.0,0.0,,,4.557243357520024,0,0,0.0,-44.62476,-44.624759674072266,0.0,4591.772694654415
297,1784474293.2566893,,4.0,,4.0,,6.0,,0.5,,2.0,,0.5,,2.0,,4.0,0.0,0.0,0.0,0.0,48693248,29457,53233,1486,-39.8512,0.013101698027458041,0.002873267710674554,-3.889068065583706,0,0.0,0.0,0.0,,,4.363215337879096,0,0,0.0,-40.049286,-40.049285888671875,0.0,4524.686741703235
298,1784474330.813957,,4.0,,4.0,,6.0,,0.5,,2.0,,0.5,,2.0,,4.0,0.0,0.0,0.0,0.0,48857088,29551,53407,1491,-35.705677,0.016791561926947907,0.0022034962734323927,-3.873373273015022,0,0.0,0.0,0.0,,,4.4027026398253515,0,0,0.0,-31.73382,-31.73381996154785,0.0,4362.402579637604
299,1784474366.87154,,4.0,,4.0,,6.0,,0.5,,2.0,,0.5,,2.0,,4.0,0.0,0.0,0.0,0.0,49020928,29644,53580,1496,-16.787941,0.012102078652242198,0.001458483809255995,-3.8870138943195345,0,0.0,0.0,0.0,,,4.283974608208525,0,0,0.0,-39.678093,-39.67809295654297,0.0,4543.844643479842
300,1784474407.0939276,,4.0,,4.0,,6.0,,0.5,,2.0,,0.5,,2.0,,4.0,0.0,0.0,0.0,0.0,49184768,29747,53763,1501,-27.33826,0.013635225035250187,0.001586529240012169,-3.872621014714241,0,0.0,0.0,0.0,,,4.360526896256107,0,0,0.0,7.1352882,7.135288238525391,0.0,4073.356207647728
301,1784474445.0175593,,4.0,,4.0,,6.0,,0.5,,2.0,,0.5,,2.0,,4.0,0.0,0.0,0.0,0.0,49348608,29842,53938,1506,-28.097208,0.014853498176671564,0.0006103148363763467,-3.8785601750016214,0,0.0,0.0,0.0,,,4.11490826593103,0,0,0.0,-20.592999,-20.592998504638672,0.0,4320.256627223242
302,1784474479.8086379,,4.0,,4.0,,6.0,,0.5,,2.0,,0.5,,2.0,,4.0,0.0,0.0,0.0,0.0,49512448,29940,54116,1511,-18.93294,0.025118193018715828,0.001786092299153097,-3.88890969902277,0,0.0,0.0,0.0,,,4.266361010546249,0,0,0.0,-51.36736,-51.36735916137695,0.0,4709.251392451558
303,1784474517.6959507,,4.0,,4.0,,6.0,,0.5,,2.0,,0.5,,2.0,,4.0,0.0,0.0,0.0,0.0,49676288,30039,54295,1516,-52.26665,0.026747844007331878,0.0025537943030940367,-3.9199510022997854,0,0.0,0.0,0.0,,,4.626536805111027,0,0,0.0,-31.381983,-31.381982803344727,0.0,4324.408573133495
304,1784474555.0263202,,4.0,,4.0,,6.0,,0.5,,2.0,,0.5,,2.0,,4.0,0.0,0.0,0.0,0.0,49840128,30136,54472,1521,-26.661205,0.020043840142898263,0.0008790581356151961,-3.909848216176033,0,0.0,0.0,0.0,,,4.128560603454084,0,0,0.0,-44.895657,-44.89565658569336,0.0,4388.915524486091
305,1784474585.1783845,,4.0,,4.0,,6.0,,0.5,,2.0,,0.5,,2.0,,4.0,0.0,0.0,0.0,0.0,49971200,30219,54619,1525,-46.506134,0.020697535516228528,0.0021150251355720683,-3.9171906009316446,0,0.0,0.0,0.0,,,4.2001444055987625,0,0,0.0,-13.2463255,-13.246325492858887,0.0,5433.796455507189
