# _tick,_time,plr_track_ground_roughness,track_ground_roughness,plr_track_student_ground_roughness,track_student_ground_roughness,plr_track_pit_gap_low,track_pit_gap_low,plr_track_student_pit_gap_low,track_student_pit_gap_low,plr_track_pit_gap_high,track_pit_gap_high,plr_track_student_pit_gap_high,track_student_pit_gap_high,plr_track_stump_height_low,track_stump_height_low,plr_track_student_stump_height_low,track_student_stump_height_low,plr_track_stump_height_high,track_stump_height_high,plr_track_student_stump_height_high,track_student_stump_height_high,plr_track_ued_ground_roughness,track_ued_ground_roughness,plr_track_ued_pit_gap_low,track_ued_pit_gap_low,plr_track_ued_pit_gap_high,track_ued_pit_gap_high,plr_track_ued_stump_height_low,track_ued_stump_height_low,plr_track_ued_stump_height_high,track_ued_stump_height_high,mean_env_return,adversary_env_pg_loss,adversary_env_value_loss,adversary_env_dist_entropy,steps,total_episodes,total_seeds,total_student_grad_updates,mean_agent_return,agent_value_loss,agent_pg_loss,agent_dist_entropy,mean_adversary_agent_return,adversary_value_loss,adversary_pg_loss,adversary_dist_entropy,kl_loss_advagent_agent,kl_loss_agent_advagent,dps_lambda_skill,dps_lambda_target,agent_grad_norm,adversary_grad_norm,adversary_env_grad_norm,solved_rate:BipedalWalker-MADS-POET-Rose-3a-Eval-v0,test_returns:BipedalWalker-MADS-POET-Rose-3a-Eval-v0,sps
0,1783276140.9579244,,5.28,,5.28,,4.799999999999999,,4.799999999999999,,7.200000000000002,,7.200000000000002,,1.9800000000000002,,1.9800000000000002,,2.759999999999999,,2.759999999999999,,5.234720267355442,,5.036063221283257,,6.891127495095134,,1.9214782300405204,,2.7444642948685214,-6.588136672973633,-0.014012772153364494,3.3759177029132843,1.4216449595987797,32768,646,16,1,-105.14044,0.5696577532216907,-0.0020802566694328563,5.669967633485794,-107.84031,0.5871863145381212,-0.0023449945845641198,5.67705570757389,,,0.95,0.95,0.4239059315534329,0.3846494600819989,4.16935333996122,0.0,-106.65409,965.5089523764424
1,1783276454.452213,,5.28,,5.28,,4.799999999999999,,4.799999999999999,,7.200000000000002,,7.200000000000002,,1.9800000000000002,,1.9800000000000002,,2.759999999999999,,2.759999999999999,,5.546330338343978,,4.957206841732841,,7.238557979930192,,2.055274627113249,,2.8967506519984454,-0.3317602574825287,-0.005536555137950927,0.019762308642384596,1.427904050797224,360448,2619,176,11,-143.48909,0.0208189895900432,-0.003873309213668108,5.591973149776459,-137.9855,0.04203573561972007,-0.0031890673519228583,5.644419020414352,,,0.95,0.95,0.26833190287385483,0.2420810672527865,0.7844778645718301,0.0,-157.39365,1045.250256623694
2,1783276757.4431329,,5.28,,5.28,,4.799999999999999,,4.799999999999999,,7.200000000000002,,7.200000000000002,,1.9800000000000002,,1.9800000000000002,,2.759999999999999,,2.759999999999999,,5.657494225539267,,5.356975667178631,,7.854493499617092,,2.278758089058101,,3.074048604350537,-0.3711230158805847,-0.0046668492432218045,0.036550859673297964,1.427433341741562,688128,3270,336,21,-146.15488,0.014826644887216389,-0.0015542417779215612,5.423925301432609,-131.68147,0.01253815945237875,-0.002406882183277048,5.451728251576424,,,0.95,0.95,0.2622643961949967,0.2839844874602771,1.2454706332847754,0.0,-131.46622,1081.4847840095897
3,1783277081.6324825,,5.28,,5.28,,4.799999999999999,,4.799999999999999,,7.200000000000002,,7.200000000000002,,1.9800000000000002,,1.9800000000000002,,2.759999999999999,,2.759999999999999,,4.911955359391868,,4.369655636139214,,6.84625605866313,,1.8393423422967317,,2.6056467719754437,-0.37494635581970215,-0.000664593928377144,0.0706523226108402,1.4202695339918137,1015808,3694,496,31,-138.23907,0.02209992036805488,-0.0012815769645385445,5.100726282596588,-129.00426,0.0051162669304176235,-0.0023689813911914825,4.954533472657204,,,0.95,0.95,0.30158019225969374,0.32278836841626146,1.364694242850827,0.0,-145.53043,1010.7672438210648
4,1783277401.4549975,,5.28,,5.28,,4.799999999999999,,4.799999999999999,,7.200000000000002,,7.200000000000002,,1.9800000000000002,,1.9800000000000002,,2.759999999999999,,2.759999999999999,,5.240274518728256,,5.168461142573506,,7.034129516221583,,2.0110912167019706,,2.7687427820346784,-0.25754314661026,-0.0010465001323609613,0.005850242145243101,1.4048308581113815,1343488,4050,656,41,-132.96008,0.01055692418885883,-0.0011365222482709215,4.674874237179756,-131.90881,0.007664174522506073,-0.003194984659785405,4.586557850241661,,,0.95,0.95,0.320876449366086,0.35916198331286686,0.7899105160293054,0.0,-136.81601,1024.568152229344
5,1783277704.3606722,,5.28,,5.28,,4.799999999999999,,4.799999999999999,,7.200000000000002,,7.200000000000002,,1.9800000000000002,,1.9800000000000002,,2.759999999999999,,2.759999999999999,,5.160320404742379,,4.641511879162863,,6.774005023762584,,1.822767390171066,,2.617986229714006,-0.16050104796886444,-0.008263388677733019,0.16810482094297186,1.4014616385102272,1671168,4373,816,51,-112.85807,0.006126336187298876,-0.0014895828411681578,4.220304834842682,-111.90505,0.00674943392368732,-0.0017285848007304594,4.053318431973457,,,0.95,0.95,0.45124955176490084,0.4146651616368125,2.021676303589436,0.0,-113.96611,1081.7889194372106
6,1783278011.0428536,,5.28,,5.28,,4.799999999999999,,4.799999999999999,,7.200000000000002,,7.200000000000002,,1.9800000000000002,,1.9800000000000002,,2.759999999999999,,2.759999999999999,,5.6490815880242735,,5.189816865553439,,7.831634067930281,,2.2942542897653766,,3.0977724879048765,-0.06991385668516159,-0.00024094121818052372,0.006347695602016756,1.4080245234072208,1998848,4699,976,61,-102.896645,0.005086501037294511,-0.0019209880934795364,3.7380471721291544,-99.310036,0.005825088526762556,-0.001305466386838816,3.578160098195076,,,0.95,0.95,0.51891387720108,0.5374881744004621,0.5712757538745771,0.0,-105.97681,1068.4676520715927
7,1783278319.0019345,,5.28,,5.28,,4.799999999999999,,4.799999999999999,,7.200000000000002,,7.200000000000002,,1.9800000000000002,,1.9800000000000002,,2.759999999999999,,2.759999999999999,,4.733672296220902,,4.146138105541468,,6.746779410750605,,1.6666702641232405,,2.413569531403482,-0.028490614145994186,-0.008943621236539911,0.025465228827670217,1.4131039753556252,2326528,5022,1136,71,-90.80081,0.006691373279318213,-0.0022140927554573863,3.0732594668865203,-89.753685,0.008166268115746788,-0.001456175914790947,3.062445065379143,,,0.95,0.95,0.6352614265593978,0.6007520836586961,0.9105597125146758,0.0,-98.742874,1064.0375145370283
8,1783278639.5458026,,5.28,,5.28,,4.799999999999999,,4.799999999999999,,7.200000000000002,,7.200000000000002,,1.9800000000000002,,1.9800000000000002,,2.759999999999999,,2.759999999999999,,4.97405458195135,,4.632867273874581,,6.854279926978052,,1.9735863431124017,,2.8050778014585376,-0.06409689784049988,-0.005418370338702516,0.008051812008488923,1.404352966696024,2654208,5351,1296,81,-80.26491,0.007550057594198733,-0.0010785929363919422,2.496380963921547,-105.06203,0.01655963383964263,-0.0013067845662590115,2.5320543691515924,,,0.95,0.95,0.6872006447788401,0.753210973818681,0.7268296176902757,0.0,-87.23351,1022.2625278258301
9,1783278945.8012636,,5.28,,5.28,,4.799999999999999,,4.799999999999999,,7.200000000000002,,7.200000000000002,,1.9800000000000002,,1.9800000000000002,,2.759999999999999,,2.759999999999999,,5.28342513134703,,4.762706993613392,,7.05064086150378,,1.8904581544920802,,2.9013267252594233,-0.04695523530244827,-0.008722709186258726,0.015500966052059084,1.4045538380742073,2981888,5680,1456,91,-62.69767,0.0036760997980309186,-0.0009343586367322132,1.8894405320286751,-89.204475,0.01732071691076271,-0.0014740778555278667,2.064201593399048,,,0.95,0.95,0.8898761427944551,0.7408575056270651,0.9348600256338722,0.0,-83.538605,1069.9564438854145
10,1783279248.1975853,,5.28,,5.28,,4.799999999999999,,4.799999999999999,,7.200000000000002,,7.200000000000002,,1.9800000000000002,,1.9800000000000002,,2.759999999999999,,2.759999999999999,,5.206766188610345,,4.914318121998804,,6.992160554043949,,2.040310321841389,,2.671465343446471,0.0070303999818861485,-0.01026512022872339,0.018959753018862102,1.408485371619463,3309568,6004,1616,101,-53.609283,0.00434165659971768,1.963698596227914e-05,1.41900971904397,-81.19377,0.008518452353018801,-0.0016815792259876616,1.5840336702764035,,,0.95,0.95,0.9527916053098554,0.8601432029619147,1.1140297309470313,0.0,-60.255787,1083.6110784278044
11,1783279549.193,,5.28,,5.28,,4.799999999999999,,4.799999999999999,,7.200000000000002,,7.200000000000002,,1.9800000000000002,,1.9800000000000002,,2.759999999999999,,2.759999999999999,,4.428937312215567,,4.36300540342927,,6.666705304756761,,1.7141441504936665,,2.406180457212031,-0.0309261754155159,0.00023924425477162004,0.026904044701950625,1.419220320880413,3637248,6329,1776,111,-47.55593,0.004261621156911133,-0.0006271927661146038,0.987857973203063,-57.796234,0.0059043272194685414,-0.00131377049110597,1.1580431915819644,,,0.95,0.95,1.0623623249103316,1.0363217492473358,0.8921810200807577,0.0,-69.017685,1088.6544479337038
12,1783279851.1673045,,5.28,,5.28,,4.799999999999999,,4.799999999999999,,7.200000000000002,,7.200000000000002,,1.9800000000000002,,1.9800000000000002,,2.759999999999999,,2.759999999999999,,5.810367682483047,,5.249506309395656,,7.702840912854299,,2.183616891503334,,3.0782842091284692,-0.0605069100856781,-0.0008513404754921794,0.01780369516927749,1.4243483878672123,3964928,6657,1936,121,-52.27047,0.006405735046428163,-0.001144661354192067,0.5720607802271843,-63.915577,0.00856282830645796,-0.00054931111226324,0.6963372118771076,,,0.95,0.95,1.0811857770238888,1.1639344313614728,0.9480191969057714,0.0,-71.9944,1085.125435649748
13,1783280187.7973852,,5.28,,5.28,,4.799999999999999,,4.799999999999999,,7.200000000000002,,7.200000000000002,,1.9800000000000002,,1.9800000000000002,,2.759999999999999,,2.759999999999999,,5.273065024055541,,4.99575205653673,,7.370822723838501,,1.9762414938304573,,2.67395548382774,-0.31716588139533997,-0.006272025013458915,0.052456959965638816,1.4393202513456345,4292608,7008,2096,131,-44.642212,0.006280334899201989,0.000582572900748346,0.21645436957478523,-84.820786,0.033195413800422104,0.0001586237776791677,0.4025070421397686,,,0.95,0.95,1.287363429161319,1.3072158293400382,0.8550479844794651,0.0,-64.30322,973.41272177106
14,1783280491.2784715,,5.28,,5.28,,4.799999999999999,,4.799999999999999,,7.200000000000002,,7.200000000000002,,1.9800000000000002,,1.9800000000000002,,2.759999999999999,,2.759999999999999,,5.269402760080993,,5.201308643911034,,7.352674861438572,,2.0318208715179935,,2.8659219598630443,-0.15534105896949768,-0.014019080670550466,0.02238167601171881,1.4344743825495243,4620288,7366,2256,141,-31.741302,0.006686393062409479,-2.5993993040174247e-05,0.04976390823721886,-76.76046,0.02487073900992982,0.0004462344804778695,0.10374759361147881,,,0.95,0.95,1.1800010015618025,1.3469094871030995,0.8879017297632301,0.0,-54.384624,1079.737813362225
15,1783280795.4355304,,5.28,,5.28,,4.799999999999999,,4.799999999999999,,7.200000000000002,,7.200000000000002,,1.9800000000000002,,1.9800000000000002,,2.759999999999999,,2.759999999999999,,5.287848443025723,,4.66561909718439,,7.175472011324018,,1.9079059275100008,,2.74543705877295,-0.1381217986345291,0.00042011190453195013,0.09738372784340754,1.4376767240464687,4947968,7737,2416,151,-45.59811,0.01142212180129718,0.0003506263179588132,-0.08589713573455811,-98.29298,0.020686930272495373,0.00011315704032313078,-0.1115126870572567,,,0.95,0.95,1.302946818077262,1.4144039872324938,1.4248520873049664,0.0,-61.80197,1077.3383245305752
16,1783281097.5752912,,5.28,,5.28,,4.799999999999999,,4.799999999999999,,7.200000000000002,,7.200000000000002,,1.9800000000000002,,1.9800000000000002,,2.759999999999999,,2.759999999999999,,4.440226421691477,,3.9968834165483713,,6.377619968727231,,1.5595648549497128,,2.4093764781719074,-0.18331517279148102,-0.004887770897767041,0.031199489341815934,1.4460245296359062,5275648,8121,2576,161,-79.15539,0.02051047214772552,0.0008145563275320456,-0.2843171425163746,-65.60744,0.021052590827457605,-1.9967133994214237e-05,-0.28657312169671056,,,0.95,0.95,1.3915966275899172,1.4357698724987777,1.2531605784091688,0.0,-67.57184,1084.5310032848072
17,1783281398.9187202,,5.28,,5.28,,4.799999999999999,,4.799999999999999,,7.200000000000002,,7.200000000000002,,1.9800000000000002,,1.9800000000000002,,2.759999999999999,,2.759999999999999,,5.444420292507857,,4.956108685582876,,7.11308063659817,,2.1667084149084985,,2.8675034616608173,-0.19797934591770172,-0.0003029320032510441,0.03251506912056357,1.4450256042182446,5603328,8493,2736,171,-54.21978,0.01974306090269238,0.0002843595269951038,-0.40644856095314025,-69.28072,0.019287708430783822,0.00027709172427421437,-0.4216271869838238,,,0.95,0.95,1.367096891543433,1.4340505718525154,0.8100138344510329,0.0,-62.678688,1087.3971747129053
18,1783281709.8701682,,5.28,,5.28,,4.799999999999999,,4.799999999999999,,7.200000000000002,,7.200000000000002,,1.9800000000000002,,1.9800000000000002,,2.759999999999999,,2.759999999999999,,5.3460030276328325,,4.643450233153999,,7.3491740262834355,,1.9454072436783463,,2.702638248447329,-0.28788235783576965,-0.01725636119954288,0.14513254526536912,1.465107373893261,5931008,8891,2896,181,-77.23188,0.02335052570560947,0.0013511875484255142,-0.5574709996581078,-70.91472,0.02105137857142836,0.0006267368313274347,-0.5993783310055733,,,0.95,0.95,1.4146132254754882,1.5772634385559787,1.6914728376410122,0.0,-54.589275,1053.7979564712505
19,1783282004.0778224,,5.28,,5.28,,4.799999999999999,,4.799999999999999,,7.200000000000002,,7.200000000000002,,1.9800000000000002,,1.9800000000000002,,2.759999999999999,,2.759999999999999,,5.149173040874302,,4.472739251330495,,7.0902351615950465,,1.944535039132461,,2.8089201159600634,-0.4003121852874756,-0.004912656353553757,0.022164565656566992,1.468459963798523,6258688,9267,3056,191,-71.38612,0.019797001598635688,-0.0007455711966031231,-0.7097154028713704,-73.1741,0.018590148753719404,0.00021178480528760701,-0.7470791146159173,,,0.95,0.95,1.3908591149494753,1.5869165959686549,0.7552672374483503,0.0,-83.81682,1113.7711525714412
20,1783282297.2350252,,5.28,,5.28,,4.799999999999999,,4.799999999999999,,7.200000000000002,,7.200000000000002,,1.9800000000000002,,1.9800000000000002,,2.759999999999999,,2.759999999999999,,4.950813526287675,,4.474805874284357,,6.958631160669029,,1.6996660677250475,,2.4688730351626873,-0.16217096149921417,-0.015690877142333193,0.017459705704823136,1.4731035195291042,6586368,9647,3216,201,-76.46347,0.024657546606613324,0.0019711525819730014,-0.8871524713933467,-58.286846,0.018279796582646668,0.0005573721588007175,-0.9213387638330459,,,0.95,0.95,1.6083902120189406,1.4420576682987356,0.6627543738505113,0.0,-82.40305,1117.7620815422065
21,1783282592.265624,,5.28,,5.28,,4.799999999999999,,4.799999999999999,,7.200000000000002,,7.200000000000002,,1.9800000000000002,,1.9800000000000002,,2.759999999999999,,2.759999999999999,,4.653877809178084,,4.346299947472289,,7.076676158001646,,1.7244461707305163,,2.6156085822731256,-0.3857256770133972,-0.0020693574188044295,0.09537980187451467,1.4732480123639107,6914048,10046,3376,211,-53.769775,0.023327882343437523,0.0018661077338038012,-0.9658443957567215,-82.29983,0.03597957133315503,0.0003066420409595594,-0.988327756524086,,,0.95,0.95,1.5364452172529806,1.558173872433198,0.9094144241147402,0.0,-78.17095,1110.6645245983225
22,1783282894.2548838,,5.28,,5.28,,4.799999999999999,,4.799999999999999,,7.200000000000002,,7.200000000000002,,1.9800000000000002,,1.9800000000000002,,2.759999999999999,,2.759999999999999,,5.15390313975513,,4.639167096465826,,7.047899217926897,,1.8013115206267685,,2.7085968293249607,-0.3041270971298218,-0.00046719994861632586,0.042140269695664756,1.4793776161968708,7241728,10431,3536,221,-63.152275,0.019587381405290216,0.0008684515574714169,-0.9896047227084637,-77.55273,0.02268350116792135,0.00047079768919502387,-1.0891907036304473,,,0.95,0.95,1.4971037596357537,1.6242971636771137,1.184571529218816,0.0,-77.30946,1085.0716245139504
23,1783283218.6372488,,5.28,,5.28,,4.799999999999999,,4.799999999999999,,7.200000000000002,,7.200000000000002,,1.9800000000000002,,1.9800000000000002,,2.759999999999999,,2.759999999999999,,5.163089929148555,,4.927183483261615,,6.787037615664303,,1.7981512366095558,,2.7099099730839953,-0.2922285199165344,-0.012538267023046501,0.11404305067844689,1.4850264377892017,7569408,10791,3696,231,-42.89921,0.011988330638268962,-0.0001168681526905857,-1.1413452796638013,-58.316093,0.013896008575102314,0.000993776388349943,-1.2028737194836139,,,0.95,0.95,1.5519060424592421,1.7407571860302808,1.4829745639892926,0.0,-68.37475,1010.1659975131265
24,1783283519.3676462,,5.28,,5.28,,4.799999999999999,,4.799999999999999,,7.200000000000002,,7.200000000000002,,1.9800000000000002,,1.9800000000000002,,2.759999999999999,,2.759999999999999,,5.239634632249363,,4.609048650600016,,7.107497377321124,,1.8943219286156818,,2.819872927851975,-0.16424524784088135,-0.006626762980886269,0.03504424387938343,1.5131083652377129,7897088,11163,3856,241,-86.77259,0.021636604296509175,0.001914727219264023,-1.2869558095932008,-59.404472,0.011784799679298885,0.000571118644438684,-1.3907694339752197,,,0.95,0.95,1.7215531243192395,1.557682669823599,1.0124225399268356,0.0,-96.6855,1089.6137239417674
25,1783283817.014694,,5.28,,5.28,,4.799999999999999,,4.799999999999999,,7.200000000000002,,7.200000000000002,,1.9800000000000002,,1.9800000000000002,,2.759999999999999,,2.759999999999999,,5.54731190064922,,5.028586438085767,,7.685229347553104,,2.1552310425322503,,2.9750849572883453,-0.2762612998485565,-0.0028520566775114276,0.06580536853289232,1.5146094784140587,8224768,11567,4016,251,-85.383095,0.03425191197311506,0.00131195375288371,-1.4992214754223823,-73.357895,0.02524162961053662,0.0012857021007221191,-1.5382443867623805,,,0.95,0.95,1.7315677080278526,1.6807506738806617,0.934407782905143,0.0,-99.086624,1100.9012035018557
26,1783284122.956459,,5.28,,5.28,,4.799999999999999,,4.799999999999999,,7.200000000000002,,7.200000000000002,,1.9800000000000002,,1.9800000000000002,,2.759999999999999,,2.759999999999999,,5.209657392464578,,4.226345097646117,,6.942362390458584,,1.7488029893720523,,2.567857397836633,-0.24126625061035156,-0.007528942867793376,0.03212646720930934,1.520856712013483,8552448,11950,4176,261,-63.349712,0.011592023307457566,0.0009670122046372854,-1.5911624290049076,-34.03297,0.009262187451531645,0.0010466148305567913,-1.6634423553943634,,,0.95,0.95,1.7024131825166093,1.6465012890170343,0.5977996864683031,0.0,-67.527596,1071.0535288023896
27,1783284426.7981305,,5.28,,5.28,,4.799999999999999,,4.799999999999999,,7.200000000000002,,7.200000000000002,,1.9800000000000002,,1.9800000000000002,,2.759999999999999,,2.759999999999999,,5.433932358166203,,4.633453506976366,,6.977179140783846,,1.938704689615406,,2.6229641577228904,-0.28762781620025635,-0.00019359728321433067,0.034133490815293044,1.519702184945345,8880128,12294,4336,271,-55.929913,0.00785577284550527,0.0012560353701701389,-1.756856668740511,-46.920334,0.008679633289284538,0.000291103232302703,-1.819864708930254,,,0.95,0.95,1.7828240945202076,1.695266212431212,0.8702059565716819,0.0,-60.638367,1078.456445085052
28,1783284746.4352438,,5.28,,5.28,,4.799999999999999,,4.799999999999999,,7.200000000000002,,7.200000000000002,,1.9800000000000002,,1.9800000000000002,,2.759999999999999,,2.759999999999999,,4.7843404482118785,,4.200271457433701,,6.921470106146444,,1.7717208166141063,,2.4536594841629267,-0.34460943937301636,-0.0003599340416258201,0.02858590113464743,1.518300335854292,9207808,12637,4496,281,-36.397526,0.00608620178536512,0.0018659776746062563,-1.922633195668459,-28.685934,0.003830521774943918,0.0006006717187119648,-1.9750199399888515,,,0.95,0.95,1.7876708009265634,1.9178501699526478,0.8660790976583652,0.0,-61.47587,1025.162636519923
29,1783285053.619553,,5.28,,5.28,,4.799999999999999,,4.799999999999999,,7.200000000000002,,7.200000000000002,,1.9800000000000002,,1.9800000000000002,,2.759999999999999,,2.759999999999999,,4.913252872414887,,4.4519760357216,,6.800632325001061,,1.8572704110410996,,2.6061628644529264,-0.2230612188577652,-0.01949482831696514,0.019866926042595878,1.5236211232841015,9535488,12962,4656,291,-39.30675,0.006409145788347814,0.0010596434469334782,-2.1131670102477074,-28.263256,0.005948837971664034,0.000622066062351223,-2.2041322946548463,,,0.95,0.95,1.5644907701021424,1.8343435266501633,0.6847425645627321,0.0,-37.0551,1066.721187475421
30,1783285355.0138502,,5.28,,5.28,,4.799999999999999,,4.799999999999999,,7.200000000000002,,7.200000000000002,,1.9800000000000002,,1.9800000000000002,,2.759999999999999,,2.759999999999999,,5.24108945671469,,4.821389887831174,,7.300427700858563,,1.929329060803866,,2.804691056138836,-0.19633615016937256,-0.027071456192061305,0.027001120790373534,1.5349279418587685,9863168,13323,4816,301,-75.89369,0.010208498834981584,0.001999666469055228,-2.328707757592201,-40.6225,0.006964135999442078,0.0015376464725704864,-2.394419838488102,,,0.95,0.95,2.087319953504919,2.0299225446908684,0.7237159529753435,0.0,-57.04361,1087.2135157653033
31,1783285661.573832,,5.28,,5.28,,4.799999999999999,,4.799999999999999,,7.200000000000002,,7.200000000000002,,1.9800000000000002,,1.9800000000000002,,2.759999999999999,,2.759999999999999,,5.124803347047418,,4.6412030309438705,,6.897469867486507,,1.789165981579572,,2.420331221073866,-0.08930329978466034,-0.0157154275875655,0.0500600992818363,1.5424363128840923,10190848,13663,4976,311,-44.435505,0.005379863346752245,0.0022945560049265623,-2.6206638291478157,-34.74826,0.00430241776193725,0.0027117287609144114,-2.5898563459515573,,,0.95,0.95,2.166835881750367,2.183314970939507,0.7945260996805728,0.0,-39.676163,1068.8935716044627
32,1783285969.2351825,,5.28,,5.28,,4.799999999999999,,4.799999999999999,,7.200000000000002,,7.200000000000002,,1.9800000000000002,,1.9800000000000002,,2.759999999999999,,2.759999999999999,,5.281019270885736,,4.599051434313878,,7.1000476606132,,1.90431483683642,,2.6551030596601777,-0.07122545689344406,0.00013962485536467284,0.028489525022450835,1.539895173162222,10518528,14000,5136,321,-46.04522,0.009453144572034944,0.0009337986601167358,-2.8191301345825197,-36.477844,0.0041781021471251735,0.0007537650380982086,-2.793302243947983,,,0.95,0.95,1.8607478491015494,2.2795428844596053,0.5585749884860274,0.0,-22.306108,1065.0671800688717
33,1783286290.862476,,5.28,,5.28,,4.799999999999999,,4.799999999999999,,7.200000000000002,,7.200000000000002,,1.9800000000000002,,1.9800000000000002,,2.759999999999999,,2.759999999999999,,4.766519557451829,,4.534646662999876,,6.769735015172046,,1.8188907569274306,,2.532019977690652,-0.15068048238754272,-0.006531882150738966,0.027814196510007605,1.5421358682215214,10846208,14345,5296,331,-24.00713,0.004704930465959478,0.0019495983913657255,-2.892874003946781,-22.377201,0.0029459774894348813,1.2812452769139782e-05,-2.979333844780922,,,0.95,0.95,2.259380887092326,2.349134949392318,0.6324921907859387,0.0,-36.55126,1018.8189826805676
34,1783286598.5920367,,5.28,,5.28,,4.799999999999999,,4.799999999999999,,7.200000000000002,,7.200000000000002,,1.9800000000000002,,1.9800000000000002,,2.759999999999999,,2.759999999999999,,6.045967695303261,,5.498616606928408,,7.985144290607423,,2.331686475779861,,3.165795763488859,-0.2511689066886902,0.00026713132683653384,0.05992500140564516,1.5496916770935059,11173888,14694,5456,341,-28.50274,0.0053453328087925914,0.0016401915301685222,-3.0698849603533747,-45.46895,0.010980713553726673,0.00030693321605212986,-3.0957132816314696,,,0.95,0.95,2.1774840789059615,1.7822942815149752,0.8289370848884821,0.0,-48.78587,1064.8311034115463
35,1783286883.7255118,,5.28,,5.28,,4.799999999999999,,4.799999999999999,,7.200000000000002,,7.200000000000002,,1.9800000000000002,,1.9800000000000002,,2.759999999999999,,2.759999999999999,,5.101168615743518,,4.4170509609393775,,6.934588454823825,,2.037645304109901,,2.642713095061481,-0.2570881247520447,8.93957621883601e-06,0.028863122512120754,1.5654650814831257,11501568,15031,5616,351,-35.660442,0.00465853686837363,0.0015635679330443964,-3.2254184797406196,-13.059324,0.004328936958336272,0.0016296664005494676,-3.1905249655246735,,,0.95,0.95,2.414753843192558,2.430661803951265,0.6792036399761168,0.0,-63.768677,1149.2161592676023
36,1783287187.4983516,,5.28,,5.28,,4.799999999999999,,4.799999999999999,,7.200000000000002,,7.200000000000002,,1.9800000000000002,,1.9800000000000002,,2.759999999999999,,2.759999999999999,,4.735826821997762,,4.606265523470938,,6.756965424865484,,1.708508504088968,,2.4801743058487773,-0.24758777022361755,-0.007593444344820455,0.03864015283761546,1.5745327323675156,11829248,15358,5776,361,-37.446945,0.00876698245847365,0.0030628935230197383,-3.3198966890573502,-12.905449,0.004386418694775784,0.0019539679764420726,-3.362443412840366,,,0.95,0.95,2.2702129951116703,2.6695150673269548,0.7297306571979512,0.0,-19.802013,1078.700777797183
37,1783287493.1279933,,5.28,,5.28,,4.799999999999999,,4.799999999999999,,7.200000000000002,,7.200000000000002,,1.9800000000000002,,1.9800000000000002,,2.759999999999999,,2.759999999999999,,4.536210688762367,,4.351750660454854,,6.628727474249899,,1.765811050310731,,2.515144322591368,-0.31956130266189575,-0.001439168438082561,0.028256899502594024,1.58349883928895,12156928,15704,5936,371,-26.483536,0.0054740815525292415,0.003099831982399337,-3.464712047576904,-33.936516,0.006226263401913457,2.514748484827578e-05,-3.4373210653662682,,,0.95,0.95,2.514481280240468,2.3831920075371498,0.8174474860708345,0.0,-54.771767,1072.1473190209672
38,1783287827.7398636,,5.28,,5.28,,4.799999999999999,,4.799999999999999,,7.200000000000002,,7.200000000000002,,1.9800000000000002,,1.9800000000000002,,2.759999999999999,,2.759999999999999,,5.223139280453324,,4.821321398965665,,7.200730086420663,,1.7747146671172231,,2.7304828923588502,-0.2419300377368927,-0.005705468953237869,0.01788451409083791,1.5824269577860832,12484608,16058,6096,381,-18.762484,0.005877384202904068,0.0024475645739585163,-3.5523098319768907,-33.32442,0.008835948255728,0.001803580141859129,-3.5491170838475226,,,0.95,0.95,2.936681210137798,2.174244799260959,0.5789631119898357,0.0,-13.331385,979.2838698990771
39,1783288133.8368397,,5.28,,5.28,,4.799999999999999,,4.799999999999999,,7.200000000000002,,7.200000000000002,,1.9800000000000002,,1.9800000000000002,,2.759999999999999,,2.759999999999999,,4.546650083735585,,4.111537410644814,,6.461779210716486,,1.6043390771374106,,2.470701055601239,-0.0503658652305603,3.4054319257847965e-05,0.03903055112459697,1.584876760840416,12812288,16422,6256,391,-64.81682,0.010740973873180338,0.002883690160524566,-3.5846662387251853,-24.439598,0.004441288341331529,0.0021130329361767506,-3.640221785008907,,,0.95,0.95,2.709758674389316,2.5684604633996737,0.9072838655199211,0.0,-11.418584,1070.510379643066
40,1783288440.138038,,5.28,,5.28,,4.799999999999999,,4.799999999999999,,7.200000000000002,,7.200000000000002,,1.9800000000000002,,1.9800000000000002,,2.759999999999999,,2.759999999999999,,5.220242230570875,,4.830308923497796,,7.3131390798371285,,1.894679777447891,,2.7379743973142467,-0.3264651298522949,-0.0045326282270252705,0.016165393783012405,1.5978586040437222,13139968,16753,6416,401,-36.162014,0.007137776570743881,0.003570316381228622,-3.7044872626662255,-26.989002,0.007931035182264169,0.002752795240667183,-3.790344263613224,,,0.95,0.95,2.3972448130020774,2.3196864224002463,0.5839312690937418,0.0,-21.04696,1069.7966692663588
41,1783288743.3312237,,5.28,,5.28,,4.799999999999999,,4.799999999999999,,7.200000000000002,,7.200000000000002,,1.9800000000000002,,1.9800000000000002,,2.759999999999999,,2.759999999999999,,5.449595793150365,,4.672864843159914,,6.754407823551446,,1.7951964737148955,,2.6621522056520917,0.2375238835811615,-0.0007806196954334155,0.38106249435804784,1.5961958169937134,13467648,17085,6576,411,-42.107807,0.009217045719560701,0.002084705140441656,-3.8106566101312636,-30.50359,0.007685867717373185,0.002586547413375229,-3.898804186284542,,,0.95,0.95,2.4761930247498776,2.884628438309734,1.1352311381738582,0.0,-16.307854,1080.7630709954544
42,1783289043.8248482,,5.28,,5.28,,4.799999999999999,,4.799999999999999,,7.200000000000002,,7.200000000000002,,1.9800000000000002,,1.9800000000000002,,2.759999999999999,,2.759999999999999,,5.516040266025811,,5.186947247944772,,7.46159425098449,,2.129129986744374,,2.9216747113969177,-0.19807054102420807,-0.0026256001110596117,0.02393660304369405,1.6125299520790577,13795328,17422,6736,421,-33.30655,0.005155887925502612,0.001124764852283988,-3.921196736395359,-24.58245,0.005811347928829491,0.0005417418040451593,-3.9851694613695146,,,0.95,0.95,2.4706940631001353,2.0962845796575884,0.5345811860535222,0.0,-9.278488,1090.4724005120902
43,1783289354.3858278,,5.28,,5.28,,4.799999999999999,,4.799999999999999,,7.200000000000002,,7.200000000000002,,1.9800000000000002,,1.9800000000000002,,2.759999999999999,,2.759999999999999,,5.267383365891874,,4.78059659851715,,7.021015462931246,,1.8158496711403131,,2.6180217967485078,-0.38735315203666687,-0.013274511526105925,0.12355383540852927,1.6178340800106525,14123008,17760,6896,431,-25.44965,0.006447098628268577,0.0033886137942317875,-4.018622952699661,-6.978419,0.014101313480932732,0.002132818310928997,-4.0611478924751285,,,0.95,0.95,2.519799770557333,2.165423420715023,0.6541796760882381,0.0,-13.799431,1055.1228924549018
44,1783289658.974901,,5.28,,5.28,,4.799999999999999,,4.799999999999999,,7.200000000000002,,7.200000000000002,,1.9800000000000002,,1.9800000000000002,,2.759999999999999,,2.759999999999999,,5.171987971290946,,4.4637829104904085,,6.896754156798124,,2.0071127626288217,,2.6565957424463704,-0.2505550980567932,-0.00046704122723895125,0.01598531339550391,1.6127795986831188,14450688,18111,7056,441,-32.635838,0.006495308084413409,0.0034269392694113777,-4.120219373703003,-10.8221445,0.0025792691474634923,0.002402522708871402,-4.104771512746811,,,0.95,0.95,2.814965840030033,2.9822017036616395,0.6022885552160602,0.0,-9.673168,1075.810088396627
45,1783289964.8963943,,5.28,,5.28,,4.799999999999999,,4.799999999999999,,7.200000000000002,,7.200000000000002,,1.9800000000000002,,1.9800000000000002,,2.759999999999999,,2.759999999999999,,4.894276801496744,,4.423904498340562,,6.9074498056434095,,1.8125459970906377,,2.6579853696748614,-0.01326008141040802,-0.0009946950121957343,0.07643655515857972,1.6218148432672024,14778368,18446,7216,451,-17.046629,0.004721370909828692,0.003044096524536144,-4.1913793087005615,-7.26671,0.0034713294073299037,0.0021988053456880154,-4.195920929312706,,,0.95,0.95,2.877483986878535,2.8564453222827875,0.6499306166629375,0.0,-14.619406,1071.1244712997564
46,1783290266.111592,,5.28,,5.28,,4.799999999999999,,4.799999999999999,,7.200000000000002,,7.200000000000002,,1.9800000000000002,,1.9800000000000002,,2.759999999999999,,2.759999999999999,,4.830058568739332,,4.293498766608536,,7.326253083534539,,1.8268766037072055,,2.5389132876880467,-0.28105640411376953,-0.0035198263576603495,0.04622340470086783,1.6350872702896595,15106048,18771,7376,461,-0.86257553,0.004006050913449144,0.0024434232371277178,-4.257927113771439,-9.9584875,0.002625717840419384,0.0031238722600392065,-4.325444620847702,,,0.95,0.95,2.686014693985654,3.1666135589502677,0.8024401517422328,0.0,-12.575621,1087.8605218879272
47,1783290567.8483093,,5.28,,5.28,,4.799999999999999,,4.799999999999999,,7.200000000000002,,7.200000000000002,,1.9800000000000002,,1.9800000000000002,,2.759999999999999,,2.759999999999999,,5.788939770311117,,5.323088879697025,,7.97105457726866,,2.0912432223558426,,2.9551341462502023,-0.21746480464935303,0.000310422241454944,0.010691529969335534,1.6397393755614758,15433728,19093,7536,471,0.2390629,0.003167743627273012,0.001798635395243764,-4.362871783971786,-7.2643538,0.0020680267465650105,0.0022406194126233458,-4.452984350919723,,,0.95,0.95,2.643785162677147,3.1229146257035056,0.5426609122293815,0.0,-20.165142,1085.9794594548025
48,1783290899.3768325,,5.28,,5.28,,4.799999999999999,,4.799999999999999,,7.200000000000002,,7.200000000000002,,1.9800000000000002,,1.9800000000000002,,2.759999999999999,,2.759999999999999,,5.384964185766876,,4.828663692664122,,7.401310553774238,,2.04443526128307,,2.91019932506606,-0.15447688102722168,-0.0067319362569833174,0.017281765554798767,1.64141159132123,15761408,19415,7696,481,-7.581069,0.0042546278833469845,0.002920782085857354,-4.454465907812119,-4.822741,0.0028634448746743145,0.0012899220193503425,-4.5360113948583605,,,0.95,0.95,2.7289753096326046,2.7936083189369953,0.6040987776532689,0.0,-12.196364,988.3915986800667
49,1783291205.5334024,,5.28,,5.28,,4.799999999999999,,4.799999999999999,,7.200000000000002,,7.200000000000002,,1.9800000000000002,,1.9800000000000002,,2.759999999999999,,2.759999999999999,,4.704722745344043,,4.192702992353588,,6.572894088923931,,1.6531995714176446,,2.460172892548144,-0.17666910588741302,-0.004906821413896978,0.016833656234666705,1.6345649510622025,16089088,19743,7856,491,0.9118287,0.00299232059805945,0.004644373149494641,-4.521038770675659,-11.05108,0.0030873662130034064,0.001990394918539096,-4.572723871469497,,,0.95,0.95,2.903726966192827,2.965546594527776,0.6819441163336238,0.0,-6.068118,1070.3020559548602
50,1783291515.0709727,,5.28,,5.28,,4.799999999999999,,4.799999999999999,,7.200000000000002,,7.200000000000002,,1.9800000000000002,,1.9800000000000002,,2.759999999999999,,2.759999999999999,,5.083314078859985,,4.7273659482598305,,7.104868745198473,,1.8120254176901653,,2.629552547557978,-0.09657089412212372,-0.006446966657676967,0.008986212124000303,1.637249082326889,16416768,20063,8016,501,-15.436331,0.004371873624768341,0.002485533808066975,-4.6279647052288055,-19.723392,0.0029436404700390996,0.0028557093944982627,-4.708650210499764,,,0.95,0.95,2.937667069961877,3.3191075770565086,0.7037388457227876,0.0,-6.1394715,1058.6113603114306
51,1783291823.5716472,,5.28,,5.28,,4.799999999999999,,4.799999999999999,,7.200000000000002,,7.200000000000002,,1.9800000000000002,,1.9800000000000002,,2.759999999999999,,2.759999999999999,,4.662399051710963,,4.408803502097726,,6.42910985276103,,1.6589133441448212,,2.464257206302136,-0.1411636620759964,-0.00015508577234868426,0.03563985708751716,1.642534863203764,16744448,20389,8176,511,-15.45627,0.005106176385015715,0.0036766921111848205,-4.734036052227021,-17.967457,0.00257097317953594,0.0029702936168177984,-4.758960834145546,,,0.95,0.95,2.7763888012168048,3.232236264207298,0.9126562019328759,0.0,-17.401098,1062.16950045299
52,1783292141.554167,,5.28,,5.28,,4.799999999999999,,4.799999999999999,,7.200000000000002,,7.200000000000002,,1.9800000000000002,,1.9800000000000002,,2.759999999999999,,2.759999999999999,,5.267556991733727,,4.987146763596684,,7.069112794823013,,1.836196128744632,,2.6395771760726348,-0.1797732412815094,-0.0027056913677370176,0.009780633597983979,1.6630588434636593,17072128,20714,8336,521,1.971029,0.0031213411300996087,0.0034901372040621937,-4.806091824173928,-19.994059,0.004357005749625387,0.0030223567853681745,-4.828640180826187,,,0.95,0.95,2.7835209418449747,3.1556549413516337,0.5412266739163207,0.0,-14.239962,1030.4969206019368
53,1783292461.6374247,,5.28,,5.28,,4.799999999999999,,4.799999999999999,,7.200000000000002,,7.200000000000002,,1.9800000000000002,,1.9800000000000002,,2.759999999999999,,2.759999999999999,,5.854676166549325,,5.136749595170841,,7.663082535145804,,2.177683681482449,,3.0101835024543107,-0.15325088798999786,0.0008086564703262411,0.004916250501992181,1.6788531132042408,17399808,21037,8496,531,2.1267765,0.003232841528370045,0.0036825330957071857,-4.869349110126495,-7.91091,0.002376311660918873,0.0014748072324437089,-4.8894081771373745,,,0.95,0.95,3.0109338120015328,3.0800855098756985,0.6062497832775258,0.0,-18.763441,1023.733641070091
54,1783292766.098703,,5.28,,5.28,,4.799999999999999,,4.799999999999999,,7.200000000000002,,7.200000000000002,,1.9800000000000002,,1.9800000000000002,,2.759999999999999,,2.759999999999999,,5.641133223194629,,4.947194038890302,,7.794698743906338,,2.256636055186391,,3.0147840376012027,-0.17404226958751678,-0.00270209006339428,0.012420271450537257,1.6921627633273602,17727488,21373,8656,541,2.6042907,0.0037525562365772203,0.004993989676586352,-4.944354173541069,-4.2989893,0.004871222315705382,0.001253727584844455,-4.946710434556008,,,0.95,0.95,3.0949149413619517,2.3787644551697715,0.4868863272147658,0.0,-12.3518505,1076.26162709837
55,1783293076.4037771,,5.28,,5.28,,4.799999999999999,,4.799999999999999,,7.200000000000002,,7.200000000000002,,1.9800000000000002,,1.9800000000000002,,2.759999999999999,,2.759999999999999,,5.680589260649867,,5.1700002535944805,,7.319328404031694,,2.15131902648136,,2.925843680743128,-0.13261356949806213,-0.0028327154577709734,0.0069086062285350636,1.6895626969635487,18055168,21696,8816,551,-3.2007148,0.004737498299800791,0.003285124700050801,-5.0033914655447,-8.275755,0.002224145836225944,0.003595828570541926,-5.022379118204117,,,0.95,0.95,3.215413362630792,3.495809362507515,0.40030792657737924,0.0,-7.6420794,1055.9930391159835
56,1783293383.479115,,5.28,,5.28,,4.799999999999999,,4.799999999999999,,7.200000000000002,,7.200000000000002,,1.9800000000000002,,1.9800000000000002,,2.759999999999999,,2.759999999999999,,5.406892877945211,,4.5322810468496755,,7.259227961709257,,2.0293154059909284,,2.7096312288194895,-0.0899062231183052,-0.011279988815658726,0.03555750081432052,1.68816701695323,18382848,22022,8976,561,-5.1604023,0.004493892905156826,0.00335864619264612,-5.024577072262764,-23.276127,0.007307297777879284,0.002237367250199895,-5.100514701008796,,,0.95,0.95,2.872205475412454,2.9105270447394163,0.720277462288401,0.0,-0.41985807,1067.0997086079992
57,1783293692.486593,,5.28,,5.28,,4.799999999999999,,4.799999999999999,,7.200000000000002,,7.200000000000002,,1.9800000000000002,,1.9800000000000002,,2.759999999999999,,2.759999999999999,,4.75525761989411,,4.384450476849452,,6.915931367664598,,1.843865916132927,,2.6133904671296477,-0.4402651786804199,-0.0025276763044530526,0.15588448429480195,1.6883281655609608,18710528,22349,9136,571,3.8506598,0.003406106230977457,0.004636395155102946,-5.088591775298118,-30.156479,0.013720979637582786,0.002074444584286539,-5.124661585688591,,,0.95,0.95,3.216032721879702,2.920563148470547,0.8785135880997323,0.0,-10.631705,1060.4274427486469
58,1783294005.377764,,5.28,,5.28,,4.799999999999999,,4.799999999999999,,7.200000000000002,,7.200000000000002,,1.9800000000000002,,1.9800000000000002,,2.759999999999999,,2.759999999999999,,5.390658535994589,,5.109334995049721,,7.426855034660548,,2.1265752273611724,,2.846668131649494,-0.1356857419013977,-0.0003697288688044864,0.012663571134908125,1.6848622597754002,19038208,22669,9296,581,4.1223326,0.003982231027475791,0.0028511710188467987,-5.11137059032917,-17.161106,0.005095277501823148,0.002760529574879911,-5.181370922923088,,,0.95,0.95,2.9383548508474617,2.488549958278784,0.5728558873770688,0.0,-12.235292,1047.265047645093
59,1783294307.31896,,5.28,,5.28,,4.799999999999999,,4.799999999999999,,7.200000000000002,,7.200000000000002,,1.9800000000000002,,1.9800000000000002,,2.759999999999999,,2.759999999999999,,5.783029326703399,,5.357719256542623,,7.623058776371181,,2.282460877671838,,2.8553010977339,-0.051618367433547974,-0.0028858180448878556,0.0038597346501774155,1.6784275509417057,19365888,22994,9456,591,-11.963912,0.006222323735710233,0.0036590654810424892,-5.145456904172898,-12.04389,0.003266224822436925,0.0035188861802453175,-5.241300716996193,,,0.95,0.95,2.9283204023983926,3.408567830753218,0.6325738140977385,0.0,-6.255853,1085.2444690016773
60,1783294616.0951157,,5.28,,5.28,,4.799999999999999,,4.799999999999999,,7.200000000000002,,7.200000000000002,,1.9800000000000002,,1.9800000000000002,,2.759999999999999,,2.759999999999999,,4.9550139885395765,,4.653526778100058,,6.83294687140733,,1.75057778658811,,2.640928939275909,-0.03318965435028076,-0.007233205236843787,0.08628403596230783,1.690631989389658,19693568,23320,9616,601,4.6590757,0.00468425130675314,0.004096035219845362,-5.144957089424134,-26.625057,0.007842120247369166,0.0021357274599722587,-5.185597705841064,,,0.95,0.95,3.0141112557452248,3.2005749801032954,0.6457096246079458,0.0,-13.783216,1061.2219477967972
61,1783294927.010006,,5.28,,5.28,,4.799999999999999,,4.799999999999999,,7.200000000000002,,7.200000000000002,,1.9800000000000002,,1.9800000000000002,,2.759999999999999,,2.759999999999999,,5.4890790628269315,,4.962571190204471,,7.429159556049854,,1.9652603575959802,,2.6775319093139838,-0.05478423833847046,-0.010736237402397819,0.0060877408941450994,1.6918655298650265,20021248,23648,9776,611,-21.247318,0.005549312264338369,0.0022020460455678403,-5.138764733076096,-2.0927086,0.0028306474785495086,0.00207104982691817,-5.244450157880783,,,0.95,0.95,3.0064989806881903,3.128316964431396,0.6022155035035082,0.0,-0.09082742,1053.921730686697
62,1783295256.0231442,,5.28,,5.28,,4.799999999999999,,4.799999999999999,,7.200000000000002,,7.200000000000002,,1.9800000000000002,,1.9800000000000002,,2.759999999999999,,2.759999999999999,,5.8251549787819386,,5.078705010470003,,7.700882131350227,,2.136182268615812,,3.1119062318466604,-0.23345759510993958,-0.0006641750514972955,0.07618186200852506,1.7032101340591908,20348928,23971,9936,621,-3.5073724,0.006005749044561526,0.003838825052662287,-5.232058125734329,-1.2089139,0.009895442537526833,0.0013573593576438725,-5.243565878272056,,,0.95,0.95,2.7974203726154334,2.2218978262443234,0.6544965799302446,0.0,-11.30681,995.9482680486196
63,1783295570.2160857,,5.28,,5.28,,4.799999999999999,,4.799999999999999,,7.200000000000002,,7.200000000000002,,1.9800000000000002,,1.9800000000000002,,2.759999999999999,,2.759999999999999,,5.613393684907351,,5.398099699988961,,7.471050686435774,,2.0897885287413374,,2.8554404498427175,-0.18446961045265198,-0.0007332452951231971,0.019509684527292848,1.697276957333088,20676608,24294,10096,631,4.8696,0.004708071383356582,0.003262645647919271,-5.230518183112144,-3.2413025,0.00534293535965844,0.00245204155362444,-5.272725677490234,,,0.95,0.95,2.7754217857661083,2.7761575604263995,0.4242145909949802,0.0,-2.680391,1042.9257940764287
64,1783295873.9624007,,5.28,,5.28,,4.799999999999999,,4.799999999999999,,7.200000000000002,,7.200000000000002,,1.9800000000000002,,1.9800000000000002,,2.759999999999999,,2.759999999999999,,5.136449296493083,,4.830395017052069,,6.651679158210754,,1.868144168984145,,2.777974365511909,-0.14999908208847046,-0.0011951536289416254,0.013680329800990876,1.6987234391272068,21004288,24621,10256,641,-0.74918014,0.004258851394843078,0.0035435774334473535,-5.24564661681652,-9.72964,0.004719432340061757,0.004513311658229213,-5.238150268793106,,,0.95,0.95,3.0774846471957495,3.3562241120070118,0.5420003133864332,0.0,-8.335691,1078.79499103128
65,1783296181.6305454,,5.28,,5.28,,4.799999999999999,,4.799999999999999,,7.200000000000002,,7.200000000000002,,1.9800000000000002,,1.9800000000000002,,2.759999999999999,,2.759999999999999,,4.693341075617354,,4.340287146624178,,6.604706755373627,,1.8407789543271065,,2.610662894323468,-0.008540581911802292,-0.005059012633864768,0.03746398803195916,1.708225093781948,21331968,24942,10416,651,4.4170313,0.004036767955403775,0.004903453831502702,-5.269817206263542,-5.7533913,0.0034937030992296058,0.0024115687177982182,-5.310040500760079,,,0.95,0.95,3.0026714072486733,3.3848134436266775,0.4682863776214622,0.0,-8.010872,1065.0436377866733
66,1783296488.564694,,5.28,,5.28,,4.799999999999999,,4.799999999999999,,7.200000000000002,,7.200000000000002,,1.9800000000000002,,1.9800000000000002,,2.759999999999999,,2.759999999999999,,4.835675043985248,,4.168755769729614,,7.0587064257561,,1.7394729352090508,,2.497097235172987,-0.13431714475154877,-0.00022750304196961224,0.006006305178743787,1.7120644822716713,21659648,25272,10576,661,-14.331357,0.0074541686626616865,0.0032686565107724165,-5.32835767865181,-8.943736,0.0028776518363883953,0.002804922939685639,-5.320302292704582,,,0.95,0.95,3.3473898264694677,3.2376874042053077,0.39267490036068575,0.0,-5.179668,1067.590571509566
67,1783296796.2651038,,5.28,,5.28,,4.799999999999999,,4.799999999999999,,7.200000000000002,,7.200000000000002,,1.9800000000000002,,1.9800000000000002,,2.759999999999999,,2.759999999999999,,5.338421700522304,,4.559762435499579,,7.340018778573722,,1.8570361346937716,,2.614466133993119,-0.11949723958969116,-0.00041796181540121324,0.007116161577869207,1.7029806822538376,21987328,25594,10736,671,1.003402,0.005652510370418895,0.003486695572792087,-5.385572949051857,-2.9964802,0.003919227819278603,0.002188327148905955,-5.415541556477547,,,0.95,0.95,3.1663377018955345,3.0568140063481573,0.4520498975939965,0.0,-4.4091005,1064.9319519448957
68,1783297135.7386782,,5.28,,5.28,,4.799999999999999,,4.799999999999999,,7.200000000000002,,7.200000000000002,,1.9800000000000002,,1.9800000000000002,,2.759999999999999,,2.759999999999999,,5.505139037035406,,4.670028166845441,,7.067578510381281,,1.8682668084511533,,2.6736975982785225,-0.03982784226536751,-0.01007563533494249,0.011096731905126944,1.7091565988957882,22315008,25921,10896,681,5.6482882,0.005243174747738522,0.003152720519574359,-5.516635632514953,-14.800583,0.005172025026695337,0.002061630587559193,-5.435399278998375,,,0.95,0.95,3.2586776360788194,3.1945686482497093,0.424219203111846,0.0,-2.4385314,965.259209608204
69,1783297445.3949003,,5.28,,5.28,,4.799999999999999,,4.799999999999999,,7.200000000000002,,7.200000000000002,,1.9800000000000002,,1.9800000000000002,,2.759999999999999,,2.759999999999999,,5.662027302663773,,5.289965291507542,,7.426923566672485,,2.1952492666896433,,2.906267083599232,-0.09946990013122559,-0.0005904955323785543,0.008647035720059648,1.7025339230895042,22642688,26241,11056,691,5.577782,0.005564702503761509,0.002244559307291638,-5.5478466093540195,-3.2599082,0.003803813364356756,0.0020108595490455627,-5.527301722764969,,,0.95,0.95,3.0592520987617773,2.825034292280661,0.6726254827551736,0.0,-3.396228,1058.205781897242
70,1783297750.708778,,5.28,,5.28,,4.799999999999999,,4.799999999999999,,7.200000000000002,,7.200000000000002,,1.9800000000000002,,1.9800000000000002,,2.759999999999999,,2.759999999999999,,4.698379328008741,,3.9269672594964504,,6.494904970750213,,1.6809518672525883,,2.313715746626258,-0.10199171304702759,-0.0032550939358770847,0.013900639823987149,1.6885569170117378,22970368,26571,11216,701,5.4638567,0.005239808173064376,0.003394714294699952,-5.581654182076454,-38.72488,0.00833808176976163,0.002132529253140092,-5.556160578131676,,,0.95,0.95,3.020363039633989,3.4005644391416987,0.6841798870022061,0.0,-16.518003,1073.2562010706415
71,1783298055.527641,,5.28,,5.28,,4.799999999999999,,4.799999999999999,,7.200000000000002,,7.200000000000002,,1.9800000000000002,,1.9800000000000002,,2.759999999999999,,2.759999999999999,,5.088185660541058,,4.489022640045732,,6.825347185600549,,1.8354313080199063,,2.7290266131749377,-0.04899432882666588,-0.008804973331280053,0.003866571671096608,1.6772992573678493,23298048,26892,11376,711,5.2269316,0.0035733210224861978,0.003449451082269661,-5.621418598294258,-6.458898,0.0033787470936658794,0.002181901058065705,-5.601570251584053,,,0.95,0.95,3.296160691244914,3.3263146152627003,0.5617368566245073,0.0,-6.283412,1074.9992638927504
72,1783298392.551166,,5.28,,5.28,,4.799999999999999,,4.799999999999999,,7.200000000000002,,7.200000000000002,,1.9800000000000002,,1.9800000000000002,,2.759999999999999,,2.759999999999999,,4.75354240834713,,4.299078989773989,,6.451164242811501,,1.7700469358824193,,2.54058595886454,-0.022975321859121323,-0.005424781960755354,0.0033401933942514006,1.6731361746788025,23625728,27216,11536,721,-11.908721,0.009285011103202123,0.002688716776901856,-5.697291892766953,-1.3764855,0.002493816774949664,0.005312023227452301,-5.7181498348712925,,,0.95,0.95,3.172583958328752,3.5356049177529982,0.5938193679254384,0.0,-11.9453745,972.2761646835845
73,1783298701.241827,,5.28,,5.28,,4.799999999999999,,4.799999999999999,,7.200000000000002,,7.200000000000002,,1.9800000000000002,,1.9800000000000002,,2.759999999999999,,2.759999999999999,,4.5761957205832005,,4.071086211595684,,6.467640988761559,,1.6652988602872938,,2.5086280166578945,0.1354757398366928,0.0005651345709338784,0.025657606151071377,1.6927800998091698,23953408,27540,11696,731,6.7950006,0.0049865152876009235,0.002726592317048926,-5.781868970394134,-6.9195414,0.0032178482062590772,0.0027335641469107943,-5.807353445887566,,,0.95,0.95,3.136827963593579,3.636740269575347,0.7758830255929361,0.0,-13.252255,1061.5157707254284
74,1783299010.4060133,,5.28,,5.28,,4.799999999999999,,4.799999999999999,,7.200000000000002,,7.200000000000002,,1.9800000000000002,,1.9800000000000002,,2.759999999999999,,2.759999999999999,,6.014583227224648,,5.112135170958936,,7.742278687655926,,2.1582350907847285,,3.118236636481015,0.07220640033483505,7.847353117540479e-06,0.006987680892052595,1.6754603646695614,24281088,27864,11856,741,5.7874327,0.0043634103574731855,0.002990566095104441,-5.783829975128174,-12.789337,0.002044027132797055,0.0020008159248391167,-5.838794213533402,,,0.95,0.95,3.1188921174524102,3.449547192172382,0.4929892311304256,0.0,-2.091647,1059.889935407319
75,1783299320.0884218,,5.28,,5.28,,4.799999999999999,,4.799999999999999,,7.200000000000002,,7.200000000000002,,1.9800000000000002,,1.9800000000000002,,2.759999999999999,,2.759999999999999,,5.053998565301299,,4.574886051181238,,7.039016936440021,,1.7428918997757137,,2.4645936339511536,0.037036869674921036,-0.011569824971957132,0.01537206021748716,1.665096689015627,24608768,28184,12016,751,-19.77541,0.007694562697724905,0.0029421812010696157,-5.880056211352349,-15.843671,0.0027013895713025706,0.003099098765596864,-5.883213919401169,,,0.95,0.95,3.3271518889763607,3.480871634308168,0.7719103486473664,0.0,-9.374563,1058.1162375143301
76,1783299630.2595887,,5.28,,5.28,,4.799999999999999,,4.799999999999999,,7.200000000000002,,7.200000000000002,,1.9800000000000002,,1.9800000000000002,,2.759999999999999,,2.759999999999999,,5.892897059209645,,5.377979654527735,,7.991844792850316,,2.3398401495069265,,3.186635848134756,-0.035840727388858795,-0.0005477020458783954,0.02739176851537195,1.6703738905489445,24936448,28506,12176,761,-29.89661,0.007587350865651388,0.0024233229196397588,-5.909063169360161,-12.66803,0.005599919915403007,0.0008555757318390534,-5.9132896810770035,,,0.95,0.95,3.4704794616053802,2.644991606119502,0.7008897109418036,0.0,-0.09160557,1056.4489577172224
77,1783299938.5830305,,5.28,,5.28,,4.799999999999999,,4.799999999999999,,7.200000000000002,,7.200000000000002,,1.9800000000000002,,1.9800000000000002,,2.759999999999999,,2.759999999999999,,5.465348027646542,,5.432076019234955,,7.3233597374055535,,2.2528011879185215,,2.956902496283874,0.07531960308551788,0.0006165902523207478,0.014474179624812678,1.6747280769050121,25264128,28827,12336,771,-11.83566,0.005726212302397471,0.0023191073865746147,-5.90941604077816,-9.441164,0.002484778682264732,0.0038030208874261008,-5.984917488694191,,,0.95,0.95,3.2266862191018233,3.520534922453463,0.7042645494898148,0.0,-11.444038,1062.7800379554544
78,1783300259.680107,,5.28,,5.28,,4.799999999999999,,4.799999999999999,,7.200000000000002,,7.200000000000002,,1.9800000000000002,,1.9800000000000002,,2.759999999999999,,2.759999999999999,,4.7530926605686545,,4.28621020144783,,6.993597771041095,,1.8384438678913284,,2.6490656277164817,0.03397577255964279,-0.01955667664151406,0.0015943165908538504,1.674438986927271,25591808,29147,12496,781,-11.128827,0.006629993834940251,0.0028707688732538374,-5.954100838303566,-6.476012,0.00331543120846618,0.004807173897279427,-5.972516795992851,,,0.95,0.95,3.755055454577865,3.5885200028698714,0.6141117589917842,0.0,-13.831853,1020.5013831517998
79,1783300560.0869167,,5.28,,5.28,,4.799999999999999,,4.799999999999999,,7.200000000000002,,7.200000000000002,,1.9800000000000002,,1.9800000000000002,,2.759999999999999,,2.759999999999999,,4.396440307726152,,3.828609086573124,,6.22604213654995,,1.5689857243560255,,2.3101462768390775,0.12151342630386353,0.002473508910043165,0.013952488741779234,1.6647239699959755,25919488,29467,12656,791,-2.898376,0.0043427976321254395,0.0037345530436141416,-6.046685218811035,-10.049757,0.0027762824422097763,0.0018934733467176556,-6.043359246850014,,,0.95,0.95,3.3925299993581013,3.8099664384796066,1.2675509300256613,0.0,-14.602961,1090.787489399381
80,1783300866.6080756,,5.28,,5.28,,4.799999999999999,,4.799999999999999,,7.200000000000002,,7.200000000000002,,1.9800000000000002,,1.9800000000000002,,2.759999999999999,,2.759999999999999,,6.062466973438859,,5.49395015090704,,8.021227362565696,,2.332832891959697,,3.163992420420982,0.11575394868850708,0.0003848708111036103,0.0063104569126153365,1.6671180464327335,26247168,29788,12816,801,6.5242066,0.0038354272393917197,0.005871885985834524,-6.052684158086777,-9.035971,0.0028083675024390686,0.004352853006275836,-6.086311197280883,,,0.95,0.95,3.6558927247263275,3.956109154463408,0.7494788465345459,0.0,-20.28505,1069.028962851507
81,1783301182.4100902,,5.28,,5.28,,4.799999999999999,,4.799999999999999,,7.200000000000002,,7.200000000000002,,1.9800000000000002,,1.9800000000000002,,2.759999999999999,,2.759999999999999,,4.71635727211833,,4.170862531289458,,6.537099642911926,,1.654235577210784,,2.3653390663675964,0.10252922773361206,0.0021339814993552864,0.01595628188988485,1.67108691111207,26574848,30109,12976,811,5.994611,0.0048244189129036386,0.006395894056913676,-6.113481971621513,-4.8175955,0.0032968154315312858,0.0033480612997664138,-6.166445168852806,,,0.95,0.95,4.0967693807048935,4.1965533271331825,0.8750932722737559,0.0,-20.31044,1037.6121348663282
82,1783301493.8562412,,5.28,,5.28,,4.799999999999999,,4.799999999999999,,7.200000000000002,,7.200000000000002,,1.9800000000000002,,1.9800000000000002,,2.759999999999999,,2.759999999999999,,5.287953788531013,,4.749964851420373,,7.351493594236672,,1.9927471014671028,,2.745155306052766,0.061493050307035446,-0.004135425537242554,0.0010909894390351838,1.6730665229260921,26902528,30429,13136,821,6.936461,0.004255056836700533,0.003741770700435154,-6.154913020133972,-2.1825275,0.0031443373787624295,0.004108608113892842,-6.178679114580154,,,0.95,0.95,3.4933999736738057,3.5383223736286746,0.5142350818870645,0.0,-7.9283347,1052.1240752271742
83,1783301797.1579049,,5.28,,5.28,,4.799999999999999,,4.799999999999999,,7.200000000000002,,7.200000000000002,,1.9800000000000002,,1.9800000000000002,,2.759999999999999,,2.759999999999999,,6.079042416065931,,5.561045832931995,,8.120993413031101,,2.3777314461767673,,3.195831259712577,0.07879357784986496,-0.0032352264097426087,0.0077361271032714285,1.6783211156725883,27230208,30749,13296,831,7.352408,0.004011038716998883,0.003780213976278901,-6.175007897615433,-5.3510256,0.0029069825519400182,0.0031770910049090163,-6.22807851433754,,,0.95,0.95,3.455317912309391,3.7155110934764495,0.9236582102733943,0.0,-3.5919456,1080.3765490278035
84,1783302106.2810338,,5.28,,5.28,,4.799999999999999,,4.799999999999999,,7.200000000000002,,7.200000000000002,,1.9800000000000002,,1.9800000000000002,,2.759999999999999,,2.759999999999999,,5.282674232497811,,4.228734157979488,,6.6896148102823645,,1.9297368039842695,,2.5275614126585424,0.07695933431386948,-0.00290474746725522,0.011605041414441075,1.668285559862852,27557888,31069,13456,841,7.6632624,0.003987901948130456,0.004400512928259559,-6.2261607348918915,-12.125357,0.003245149814756587,0.0015295346311177127,-6.3382554918527605,,,0.95,0.95,3.658434798399959,3.7894382986999604,0.5289190170953466,0.0,-5.672972,1060.0306663222518
85,1783302411.3883677,,5.28,,5.28,,4.799999999999999,,4.799999999999999,,7.200000000000002,,7.200000000000002,,1.9800000000000002,,1.9800000000000002,,2.759999999999999,,2.759999999999999,,6.230302512645721,,5.745923224836588,,7.852786974050105,,2.4601813685148954,,3.247131397947669,-0.062425266951322556,0.0034933954884763807,0.005725125654862495,1.6701485700905323,27885568,31391,13616,851,7.8876634,0.004101874701882479,0.005881015048362315,-6.2679036289453505,-27.573343,0.004566608406457817,0.0021909486138611102,-6.327584245800972,,,0.95,0.95,3.97563901383666,3.679863942732929,1.571613935351806,0.0,-4.3473625,1073.9827316072722
86,1783302720.111164,,5.28,,5.28,,4.799999999999999,,4.799999999999999,,7.200000000000002,,7.200000000000002,,1.9800000000000002,,1.9800000000000002,,2.759999999999999,,2.759999999999999,,6.096026028506458,,5.670467477291822,,8.031204348197207,,2.4111978432629257,,3.1463338287721854,0.061364591121673584,4.355666533228941e-05,0.017101684868976008,1.6883490979671478,28213248,31715,13776,861,-3.7571359,0.006223220830725041,0.003967408565222286,-6.3004752695560455,-1.9344248,0.003662432536657434,0.004400018582236953,-6.321508115530014,,,0.95,0.95,4.020543644109899,3.8737487494587888,0.8953231491298851,0.0,-15.334401,1061.405297341845
87,1783303024.342031,,5.28,,5.28,,4.799999999999999,,4.799999999999999,,7.200000000000002,,7.200000000000002,,1.9800000000000002,,1.9800000000000002,,2.759999999999999,,2.759999999999999,,4.511647970881313,,4.255531555507332,,6.33227158896625,,1.5673826639540493,,2.3554869275540113,-0.08442111313343048,0.001009154919302091,0.048995206132531166,1.6938195079565048,28540928,32040,13936,871,8.181128,0.004896958909375826,0.0029874926622142084,-6.289087015390396,-48.46942,0.013154820646741427,0.002872550870233681,-6.336746883392334,,,0.95,0.95,3.517731403729978,3.965416516426379,0.9474002752338475,0.0,-21.705404,1077.0767211675743
88,1783303341.8323843,,5.28,,5.28,,4.799999999999999,,4.799999999999999,,7.200000000000002,,7.200000000000002,,1.9800000000000002,,1.9800000000000002,,2.759999999999999,,2.759999999999999,,4.5454272124916315,,3.924956800416112,,6.276649390114471,,1.511796023696661,,2.29965896345675,0.27871042490005493,0.0034606701747179613,0.1549821400658402,1.6921280547976494,28868608,32362,14096,881,0.35774842,0.0054331168612407055,0.006000301598396618,-6.314105847477913,-2.4111214,0.004560796500300057,0.002895026972691994,-6.307511183619499,,,0.95,0.95,3.966080706935017,4.3029385711805705,1.1153054756788308,0.0,-2.9684176,1032.0943400320223
89,1783303642.9482877,,5.28,,5.28,,4.799999999999999,,4.799999999999999,,7.200000000000002,,7.200000000000002,,1.9800000000000002,,1.9800000000000002,,2.759999999999999,,2.759999999999999,,4.492882996797562,,4.185598329640925,,6.5541882324032485,,1.57215126324445,,2.487080727354623,0.13156887888908386,-0.004027152404887602,0.06596161190827843,1.7069668509066105,29196288,32700,14256,891,-0.4923975,0.005862216825335054,0.0035327882156707346,-6.284558919072151,-5.9979815,0.006682175362948328,0.004732821608195081,-6.326169687509537,,,0.95,0.95,3.47618299068265,4.152353319583363,0.6783568405692588,0.0,0.65627444,1088.2188348123505
90,1783303950.100648,,5.28,,5.28,,4.799999999999999,,4.799999999999999,,7.200000000000002,,7.200000000000002,,1.9800000000000002,,1.9800000000000002,,2.759999999999999,,2.759999999999999,,4.931170540861785,,4.579061483964324,,6.915525944554247,,1.841033031232655,,2.559101940598339,0.01644449681043625,-2.174580004066229e-05,0.005842085967742605,1.720573652535677,29523968,33023,14416,901,8.500911,0.004738828410336282,0.004601709837152157,-6.274656850099563,-28.837948,0.006545967995771207,0.004699662000348326,-6.311770102381706,,,0.95,0.95,3.8483727527821054,3.950075699953161,0.4478508000591147,0.0,-13.486028,1066.832123696033
91,1783304264.0710618,,5.28,,5.28,,4.799999999999999,,4.799999999999999,,7.200000000000002,,7.200000000000002,,1.9800000000000002,,1.9800000000000002,,2.759999999999999,,2.759999999999999,,5.1931248479522765,,4.638068085536361,,6.863885160768405,,1.9585390711399668,,2.7683044159784913,-0.06420238316059113,-0.009923290810547769,0.012458990666345926,1.7246595844626427,29851648,33348,14576,911,-9.782786,0.006750323000596836,0.001353976721293293,-6.276517906785012,-5.0498977,0.004920624152146047,0.0030743188341148197,-6.325874862074852,,,0.95,0.95,3.3002530379818373,3.7221787287312096,0.4659074373745987,0.0,-6.7632637,1043.6652475494734
92,1783304576.225016,,5.28,,5.28,,4.799999999999999,,4.799999999999999,,7.200000000000002,,7.200000000000002,,1.9800000000000002,,1.9800000000000002,,2.759999999999999,,2.759999999999999,,5.387208062689751,,4.684723469661549,,7.5387369161471725,,1.9692201800644398,,2.899495862890035,0.0353734977543354,0.00040484723285771906,0.002754886625552899,1.7249456644058228,30179328,33668,14736,921,8.633944,0.004942084450885886,0.0031107158269151115,-6.31377763748169,0.648361,0.0040206906247476585,0.006079681850678753,-6.376577144861221,,,0.95,0.95,3.524923907507713,4.041741923171808,0.6132865977910925,0.0,-2.497348,1049.7383784113028
93,1783304883.310038,,5.28,,5.28,,4.799999999999999,,4.799999999999999,,7.200000000000002,,7.200000000000002,,1.9800000000000002,,1.9800000000000002,,2.759999999999999,,2.759999999999999,,6.099799930118024,,5.6887551113031805,,8.168451599776745,,2.370189963723533,,3.1626230739057064,0.06441928446292877,0.00038562865847779904,0.009412331535713747,1.7221915125846863,30507008,33989,14896,931,8.780764,0.0048025210708146915,0.00556647174526006,-6.331083333492279,3.2171178,0.003654313955485122,0.0025302891313913277,-6.367335316538811,,,0.95,0.95,3.6768976599808596,3.7734730437840796,0.8270950707302136,0.0,-3.297072,1067.066063490506
94,1783305190.9309623,,5.28,,5.28,,4.799999999999999,,4.799999999999999,,7.200000000000002,,7.200000000000002,,1.9800000000000002,,1.9800000000000002,,2.759999999999999,,2.759999999999999,,6.120853026397526,,5.727912183851004,,8.01258306519594,,2.3807404433609918,,3.1798477413103683,-0.058296214789152145,-0.0007886280218372121,0.0370359225635184,1.7253285758197308,30834688,34309,15056,941,8.521627,0.0056348533944401424,0.0032096142531372607,-6.334749415516853,-2.8700325,0.003236925033706939,0.0021940755774267017,-6.38524232506752,,,0.95,0.95,3.414784394870135,3.889990184093919,0.7520571812788481,0.0,-10.792749,1065.207148529274
95,1783305494.1813617,,5.28,,5.28,,4.799999999999999,,4.799999999999999,,7.200000000000002,,7.200000000000002,,1.9800000000000002,,1.9800000000000002,,2.759999999999999,,2.759999999999999,,6.074448047380429,,5.306232323870063,,7.961271254345775,,2.362627221562434,,3.0347527320263907,0.003110123798251152,-0.00029716007702518255,0.002550077917476301,1.7213164381682873,31162368,34629,15216,951,8.700759,0.004896072470000945,0.00434916922240518,-6.356484135985374,3.4148388,0.004216740671836305,0.00393676391831832,-6.40051979124546,,,0.95,0.95,3.978195203211348,3.822738858665821,0.4798947856863214,0.0,-2.1336799,1080.5592156826551
96,1783305803.593308,,5.28,,5.28,,4.799999999999999,,4.799999999999999,,7.200000000000002,,7.200000000000002,,1.9800000000000002,,1.9800000000000002,,2.759999999999999,,2.759999999999999,,5.836177872493863,,5.33292284142226,,7.679492183029652,,2.2332396941492334,,2.970920848660171,0.010141583159565926,-0.008579246190492995,0.009459988905291539,1.7132636159658432,31490048,34949,15376,961,-0.09057798,0.005278864063438959,0.0044816102643380875,-6.3341685950756075,0.04211259,0.0038768134130805266,0.003662399447057396,-6.375614470243454,,,0.95,0.95,3.871880547487413,3.582571796178757,0.5132040782430969,0.0,-12.041765,1059.0412441076674
97,1783306106.1939344,,5.28,,5.28,,4.799999999999999,,4.799999999999999,,7.200000000000002,,7.200000000000002,,1.9800000000000002,,1.9800000000000002,,2.759999999999999,,2.759999999999999,,5.180094433948398,,4.642862835898995,,6.806468088179827,,1.8653149664751254,,2.6489776941016316,0.23111441731452942,-0.016659294939017855,0.074518310604617,1.720226913690567,31817728,35269,15536,971,-0.04400873,0.00553898868165561,0.00402872912818566,-6.325676050782204,-11.222334,0.006206413562176749,0.0016899231384741142,-6.398619011044502,,,0.95,0.95,3.7113853887368435,4.171367935310431,0.5475735108274551,0.0,-30.363642,1082.8794468325866
98,1783306428.8332396,,5.28,,5.28,,4.799999999999999,,4.799999999999999,,7.200000000000002,,7.200000000000002,,1.9800000000000002,,1.9800000000000002,,2.759999999999999,,2.759999999999999,,5.448708683252335,,4.983037740690634,,7.252952646173071,,1.9926868742331862,,2.742439973168075,0.09092821180820465,-0.020670873927883804,0.0077497343700088095,1.7169409543275833,32145408,35589,15696,981,6.743524,0.005052652592712548,0.00448211188922869,-6.364373910427093,-3.8956325,0.003052204665073077,0.0032654003167408518,-6.436800181865692,,,0.95,0.95,3.6276694765300035,3.7566857207583184,0.4091518035078173,0.0,-0.8598078,1015.6232100671158
99,1783306730.4470718,,5.28,,5.28,,4.799999999999999,,4.799999999999999,,7.200000000000002,,7.200000000000002,,1.9800000000000002,,1.9800000000000002,,2.759999999999999,,2.759999999999999,,4.838970071170479,,4.408079436863773,,6.876696266233921,,1.8702984288102016,,2.6427442827261984,-0.04030117392539978,-0.0020658060384448618,0.01581153400184121,1.718874130398035,32473088,35910,15856,991,0.4429906,0.005745800065051298,0.0031387477793032303,-6.410247546434403,-28.927927,0.00836766600550618,0.001984304875077214,-6.419769847393036,,,0.95,0.95,3.780690658911231,3.6384330668871256,0.426463913310674,0.0,-11.051573,1086.4223462781326
100,1783307038.0093129,,5.28,,5.28,,4.799999999999999,,4.799999999999999,,7.200000000000002,,7.200000000000002,,1.9800000000000002,,1.9800000000000002,,2.759999999999999,,2.759999999999999,,4.395487453788519,,3.8633758006617427,,6.224442206323147,,1.501055495813489,,2.3095364931505173,0.1666441559791565,0.00047132659892668016,0.09661220247653546,1.7206330820918083,32800768,36233,16016,1001,0.9523657,0.0072013077122392135,0.0015810372162377462,-6.408154335618019,-6.0911913,0.004386515641817823,0.0025538433576002715,-6.453838264942169,,,0.95,0.95,3.7409927322508123,4.121131962158503,1.420078769424291,0.0,-2.6796155,1065.4103534477752
101,1783307348.4002786,,5.28,,5.28,,4.799999999999999,,4.799999999999999,,7.200000000000002,,7.200000000000002,,1.9800000000000002,,1.9800000000000002,,2.759999999999999,,2.759999999999999,,4.608118196949363,,4.079492492601275,,6.334417639300227,,1.6260732100345194,,2.3875286779366434,-0.07522472739219666,-0.0018815322546288371,0.010407576810393948,1.7354319095611572,33128448,36555,16176,1011,-4.0275755,0.005892802252492402,0.0039058596550603395,-6.359859019517899,-8.395468,0.005740262295876164,0.00178308017202653,-6.38220007121563,,,0.95,0.95,3.8134294490464398,3.3804025166342258,0.6071780565983371,0.0,-17.086216,1055.700866104121
102,1783307649.4987822,,5.28,,5.28,,4.799999999999999,,4.799999999999999,,7.200000000000002,,7.200000000000002,,1.9800000000000002,,1.9800000000000002,,2.759999999999999,,2.759999999999999,,5.093956715893,,4.262963681016117,,6.9146499168127775,,1.824025955516845,,2.554199167043407,0.06365568935871124,-0.005018655676394701,0.035285358637338504,1.7377327494323254,33456128,36876,16336,1021,9.11351,0.010460145649267361,0.004138369552674703,-6.34406875371933,-21.414125,0.006172466010320931,0.0007757945961202495,-6.3592387527227405,,,0.95,0.95,4.539878543825857,3.591912331800279,0.5800778782298677,0.0,-10.238152,1088.2816592376894
103,1783307954.271867,,5.28,,5.28,,4.799999999999999,,4.799999999999999,,7.200000000000002,,7.200000000000002,,1.9800000000000002,,1.9800000000000002,,2.759999999999999,,2.759999999999999,,6.225259434431791,,5.588613852858543,,7.983669485896826,,2.341424639336765,,3.185601540841162,0.09648337215185165,-0.001111771329306066,0.01484016039466951,1.7430749796330929,33783808,37196,16496,1031,4.5580626,0.005672575517382939,0.0019128442334476858,-6.310661277174949,1.4798708,0.004034013261843938,0.003385284435353242,-6.362747293710709,,,0.95,0.95,3.1913041760151417,3.507756538312548,0.9683059199827331,0.0,-1.5706666,1075.1605818728453
104,1783308258.1737072,,5.28,,5.28,,4.799999999999999,,4.799999999999999,,7.200000000000002,,7.200000000000002,,1.9800000000000002,,1.9800000000000002,,2.759999999999999,,2.759999999999999,,4.546465959399939,,3.9783082185313106,,6.3910495694726706,,1.5733392601832747,,2.3670438225381076,0.07036587595939636,0.0008136695541907102,0.004480016781599261,1.749214868992567,34111488,37516,16656,1041,8.751507,0.005118381350621348,0.002510187387815677,-6.311983916163444,-4.9530573,0.003649819191196002,0.001708213915117085,-6.404532182216644,,,0.95,0.95,3.413786676557706,3.597972665893306,0.7779802736224797,0.0,-18.430027,1078.2429052438088
105,1783308561.6159132,,5.28,,5.28,,4.799999999999999,,4.799999999999999,,7.200000000000002,,7.200000000000002,,1.9800000000000002,,1.9800000000000002,,2.759999999999999,,2.759999999999999,,4.373168545076624,,4.076259974070126,,6.456549629569054,,1.594501193612814,,2.4230581540614367,0.33789730072021484,-0.0007482862420147285,0.22310869689681567,1.7533007077872753,34439168,37837,16816,1051,8.610885,0.005604968231637031,0.0032461601542308925,-6.353258022665978,-1.5189192,0.004769242439215305,0.002400426546228118,-6.456649002432823,,,0.95,0.95,3.918517253224215,4.132153065724512,0.7880558992610727,0.0,-3.5682938,1079.876124283452
106,1783308864.1330683,,5.28,,5.28,,4.799999999999999,,4.799999999999999,,7.200000000000002,,7.200000000000002,,1.9800000000000002,,1.9800000000000002,,2.759999999999999,,2.759999999999999,,6.240347176790237,,5.6252627074718475,,7.966833081096411,,2.4211743862833828,,3.1618001759052277,-0.017350228503346443,-0.0009598738979548216,0.03166379281174159,1.7554870136082172,34766848,38157,16976,1061,0.9109241,0.007225393154658377,0.00263277203484904,-6.324087247252464,-15.485346,0.005023662780149607,0.0019613703436334616,-6.373928743600845,,,0.95,0.95,3.5432377653354905,3.4948610085564127,0.9899674957227802,0.0,-0.44129172,1083.1782474233457
107,1783309171.5628352,,5.28,,5.28,,4.799999999999999,,4.799999999999999,,7.200000000000002,,7.200000000000002,,1.9800000000000002,,1.9800000000000002,,2.759999999999999,,2.759999999999999,,4.349001057446003,,3.964890146628022,,6.242283813655376,,1.534658226184547,,2.475669177249074,0.020006854087114334,-7.511250441893935e-05,0.0015402225108118728,1.7604819312691689,35094528,38479,17136,1071,-8.547197,0.006556823582650395,0.002556309656938538,-6.299585908651352,-3.1296592,0.005229943028825801,0.002406058684573509,-6.320779007673264,,,0.95,0.95,3.5793252970757097,3.4383186239887253,0.704399363136917,0.0,-12.465596,1065.8694612340246
108,1783309501.0051095,,5.28,,5.28,,4.799999999999999,,4.799999999999999,,7.200000000000002,,7.200000000000002,,1.9800000000000002,,1.9800000000000002,,2.759999999999999,,2.759999999999999,,5.2219712398946285,,4.879227061181155,,7.3161837856750935,,2.0045208141673356,,3.001558736898005,-0.24145494401454926,-0.0015878041085670702,0.14009824165259488,1.778566099703312,35422208,38804,17296,1081,0.6703008,0.006605021214636508,0.0038105997955426574,-6.273102235794068,-19.108631,0.006424605567008257,0.0036820333945797755,-6.2889753639698025,,,0.95,0.95,3.446531705214575,4.118094209680708,0.580359867293875,0.0,-24.90336,994.6507428038552
109,1783309803.7348106,,5.28,,5.28,,4.799999999999999,,4.799999999999999,,7.200000000000002,,7.200000000000002,,1.9800000000000002,,1.9800000000000002,,2.759999999999999,,2.759999999999999,,4.332969045266509,,3.8764821514487267,,6.312058236449957,,1.5563635975122452,,2.297111563384533,-0.21183975040912628,-1.8407910829409957e-05,0.12483396368043032,1.790937714278698,35749888,39132,17456,1091,-0.38315076,0.007186208208440803,0.002044746221508831,-6.240369862318039,-11.399457,0.013536303237196989,0.0017735496774548664,-6.248574653267861,,,0.95,0.95,3.833014833867922,3.7556651070489777,0.86216092492169,0.0,-5.3391943,1082.41775198022
110,1783310100.3203037,,5.28,,5.28,,4.799999999999999,,4.799999999999999,,7.200000000000002,,7.200000000000002,,1.9800000000000002,,1.9800000000000002,,2.759999999999999,,2.759999999999999,,4.372155783697963,,4.018842907673388,,6.449316817335784,,1.5700650997459888,,2.37659582355991,0.021421968936920166,-0.000615822005784139,0.020363186165923253,1.8018955513834953,36077568,39461,17616,1101,-0.65941036,0.010174036477110349,0.0009025897816172801,-6.198196017742157,-13.878784,0.007109076355118304,0.0002654050163982902,-6.23091824054718,,,0.95,0.95,4.29849125553189,3.5713509783688844,0.6899136874097551,0.0,-46.142162,1104.8416749414464
111,1783310434.0455327,,5.28,,5.28,,4.799999999999999,,4.799999999999999,,7.200000000000002,,7.200000000000002,,1.9800000000000002,,1.9800000000000002,,2.759999999999999,,2.759999999999999,,4.692788403481245,,4.073382486589253,,6.384607158601284,,1.6884059361182153,,2.5075292652472854,-0.35420799255371094,-0.002130183542249142,0.13583289906091522,1.8177063912153244,36405248,39807,17776,1111,-7.7351403,0.009472993027884513,0.003182753740111366,-6.130844900012017,-37.930832,0.019017467566300184,0.004801246496208477,-6.160421860218048,,,0.95,0.95,3.4907520219482935,4.087044791167204,0.47662600954754014,0.0,-42.02681,981.8855852994191
112,1783310734.0846379,,5.28,,5.28,,4.799999999999999,,4.799999999999999,,7.200000000000002,,7.200000000000002,,1.9800000000000002,,1.9800000000000002,,2.759999999999999,,2.759999999999999,,5.766385179886129,,4.827920328360051,,7.604222216643393,,2.2274482883512974,,3.038405624218285,-0.02455557882785797,-0.011314355244394392,0.005291477762511931,1.8138368837535381,36732928,40159,17936,1121,-43.790874,0.012721518345642835,-0.0003038731520064175,-6.047424867749214,-28.53919,0.007118783670011908,0.0008524903198122047,-6.131578344106674,,,0.95,0.95,3.490359284003131,3.3717917514034057,0.39115060699811127,0.0,-42.72587,1092.1242613393786
113,1783311041.6587622,,5.28,,5.28,,4.799999999999999,,4.799999999999999,,7.200000000000002,,7.200000000000002,,1.9800000000000002,,1.9800000000000002,,2.759999999999999,,2.759999999999999,,4.72766547370702,,4.135279911570251,,6.444589205086231,,1.5736606309656054,,2.434536622837186,-0.06365951150655746,0.00029634087695740163,0.11117424833355471,1.8229254595935345,37060608,40490,18096,1131,9.165786,0.008164079033304007,0.0032886449444049504,-6.102426826953888,-0.5056432,0.005587198025023099,0.0015013996278867125,-6.155117034912109,,,0.95,0.95,3.585811084911478,3.6294813247168536,0.7200058127163812,0.0,-2.3305812,1065.3692245385805
114,1783311343.1718743,,5.28,,5.28,,4.799999999999999,,4.799999999999999,,7.200000000000002,,7.200000000000002,,1.9800000000000002,,1.9800000000000002,,2.759999999999999,,2.759999999999999,,4.318511303514242,,3.8191751576960087,,6.412314498797059,,1.4955766405910254,,2.278284812346101,0.1635969877243042,0.00031445169588550925,0.10310506301175337,1.8223007805645466,37388288,40812,18256,1141,0.098023415,0.008312376732646953,0.0010102003783686087,-6.059204623103142,-5.501235,0.0063287117642175875,3.21478204568848e-05,-6.116380894184113,,,0.95,0.95,3.4454623056476494,3.4786774119675883,0.9287185478794484,0.0,-14.892736,1086.7852307154544
115,1783311648.5846577,,5.28,,5.28,,4.799999999999999,,4.799999999999999,,7.200000000000002,,7.200000000000002,,1.9800000000000002,,1.9800000000000002,,2.759999999999999,,2.759999999999999,,4.471585748717189,,4.051273832767038,,6.235642738640308,,1.5653490079566836,,2.280829168856144,0.10988057404756546,0.0005722560017602518,0.008240877061325591,1.8350302949547768,37715968,41135,18416,1151,-9.006926,0.010462922460283153,0.002841696364339441,-6.0188062459230425,-8.102892,0.005158156395191326,8.141687139868736e-05,-6.096486139297485,,,0.95,0.95,3.6173536920694978,3.1251649913571433,0.9675427957154632,0.0,-0.35383883,1072.9086010063518
116,1783311955.0213237,,5.28,,5.28,,4.799999999999999,,4.799999999999999,,7.200000000000002,,7.200000000000002,,1.9800000000000002,,1.9800000000000002,,2.759999999999999,,2.759999999999999,,5.918820766732097,,5.236889690160751,,7.358012847369537,,2.1289072192739695,,3.0026835119351745,-0.05952861160039902,8.46983166411519e-05,0.10541585297323763,1.8460752293467522,38043648,41466,18576,1161,-8.186091,0.006694180351041723,0.001858044773689471,-6.030400553345681,-55.637787,0.014271205945988186,0.0009600312390830368,-6.091463774442673,,,0.95,0.95,3.362898243245057,3.1709572302910125,0.47614482411187303,0.0,-2.3141549,1069.3237167431246
117,1783312272.230001,,5.28,,5.28,,4.799999999999999,,4.799999999999999,,7.200000000000002,,7.200000000000002,,1.9800000000000002,,1.9800000000000002,,2.759999999999999,,2.759999999999999,,5.459379082312807,,4.727870125323534,,7.444963124580681,,1.950799306621775,,2.762655866332352,0.046363528817892075,-0.011977273068623617,0.019187681406037882,1.8464876413345337,38371328,41795,18736,1171,-25.393385,0.010381872770085464,0.001220466147060506,-6.0447182148695,-18.83385,0.007958238289575092,-0.0006923591397935524,-6.126003846526146,,,0.95,0.95,3.808605218631702,2.9419031161459634,0.4106763831358447,0.0,-33.302567,1033.0108647585803
118,1783312570.1449907,,5.28,,5.28,,4.799999999999999,,4.799999999999999,,7.200000000000002,,7.200000000000002,,1.9800000000000002,,1.9800000000000002,,2.759999999999999,,2.759999999999999,,5.6234903041040525,,5.156253597699106,,7.369649880565703,,1.9589147483929992,,2.8738981927745044,0.10459071397781372,0.00031912527992972173,0.04475706021185033,1.8469817712903023,38699008,42185,18896,1181,-53.912712,0.019065357296494768,0.0027791749074822293,-6.025499728322029,-18.40031,0.006279584174626507,0.0020903602155158294,-6.040390253067017,,,0.95,0.95,4.385241452556666,3.589057075334722,0.5249301961817289,0.0,-32.60022,1099.9110879578714
119,1783312873.884339,,5.28,,5.28,,4.799999999999999,,4.799999999999999,,7.200000000000002,,7.200000000000002,,1.9800000000000002,,1.9800000000000002,,2.759999999999999,,2.759999999999999,,4.834104012697935,,4.151058846153319,,6.748545853421092,,1.6097209877334535,,2.4851589396130294,0.363636314868927,0.00016877782763913274,0.0376528250053525,1.8561630100011826,39026688,42541,19056,1191,-12.818347,0.012842187317437493,0.0016278603929094971,-6.107721960544586,-11.393277,0.006354124903009506,-0.0001942084258189425,-6.0953819960355755,,,0.95,0.95,4.3817965795963705,3.5224026051200132,0.5056030008381331,0.0,-9.186347,1078.819709659742
120,1783313180.2903957,,5.28,,5.28,,4.799999999999999,,4.799999999999999,,7.200000000000002,,7.200000000000002,,1.9800000000000002,,1.9800000000000002,,2.759999999999999,,2.759999999999999,,5.145293479785323,,4.870151034556329,,7.4031762992963195,,2.0312122665927745,,2.9086858797818422,0.337549090385437,-0.005507872177986428,0.03622848528902978,1.8588174656033516,39354368,42903,19216,1201,-8.183287,0.008716577815357595,0.0024699008761672305,-6.17851577103138,-0.75192183,0.006729317302961136,0.0003882759308908135,-6.1560978353023526,,,0.95,0.95,3.764243573528179,3.193987835828761,0.4348630795950768,0.0,-7.6952677,1069.4306278855315
121,1783313498.290366,,5.28,,5.28,,4.799999999999999,,4.799999999999999,,7.200000000000002,,7.200000000000002,,1.9800000000000002,,1.9800000000000002,,2.759999999999999,,2.759999999999999,,5.629401001147926,,5.158396531827748,,7.453084934968501,,2.002349218215386,,2.923521113814786,0.5991201400756836,3.034417750313878e-05,0.3378761042258702,1.858568198978901,39682048,43232,19376,1211,-9.547249,0.010461323722847738,0.0012178755801869555,-6.175282120704651,-24.39032,0.013888666054117493,0.0009090643899980933,-6.207120162248612,,,0.95,0.95,4.256684705735802,3.551355501482557,0.3865266604205387,0.0,-7.117546,1030.4403047285164
122,1783313796.2019374,,5.28,,5.28,,4.799999999999999,,4.799999999999999,,7.200000000000002,,7.200000000000002,,1.9800000000000002,,1.9800000000000002,,2.759999999999999,,2.759999999999999,,5.233372230781242,,4.619018602068536,,7.321733217846486,,1.8860924951732159,,2.6756539358757436,0.1381308138370514,-0.005162293731700629,0.05367063044104725,1.8450310565531254,40009728,43577,19536,1221,5.514175,0.00789172430668259,0.0030064326216233893,-6.176692226529122,-9.603526,0.007641987306124065,0.0017736208028509282,-6.17557138800621,,,0.95,0.95,4.140903595504855,3.4338741043345933,0.4336909388383029,0.0,-22.96653,1099.9237007989332
123,1783314102.2797246,,5.28,,5.28,,4.799999999999999,,4.799999999999999,,7.200000000000002,,7.200000000000002,,1.9800000000000002,,1.9800000000000002,,2.759999999999999,,2.759999999999999,,4.4031386324204504,,3.8736136946827173,,6.207765806466341,,1.495734192430973,,2.369237750535831,0.09933429211378098,0.0003820060446741991,0.015768831966852304,1.839806228876114,40337408,43909,19696,1231,-0.062274456,0.006996923068072647,0.002821141461026855,-6.102306914329529,-10.6287775,0.00707782048266381,0.000584846397396177,-6.161526724696159,,,0.95,0.95,3.401719043170688,3.307096970087379,0.9547869767778214,0.0,5.458455,1070.5775155151573
124,1783314403.3041909,,5.28,,5.28,,4.799999999999999,,4.799999999999999,,7.200000000000002,,7.200000000000002,,1.9800000000000002,,1.9800000000000002,,2.759999999999999,,2.759999999999999,,4.415512022562325,,3.924950521439314,,6.413561013760045,,1.496108802035451,,2.285548041574657,0.16793522238731384,0.0007298957061721012,0.12440751338726841,1.8596501052379608,40665088,44246,19856,1241,-2.179999,0.005587691604159772,0.0027164868035470134,-6.04356878399849,-29.673376,0.010073021345306188,0.0007204347959486768,-6.0535114169120785,,,0.95,0.95,4.25391400104333,3.4802646949881195,0.9141268734432402,0.0,2.0551803,1088.549368029482
125,1783314709.2875369,,5.28,,5.28,,4.799999999999999,,4.799999999999999,,7.200000000000002,,7.200000000000002,,1.9800000000000002,,1.9800000000000002,,2.759999999999999,,2.759999999999999,,5.117712059058249,,5.197944640181959,,7.33401364274323,,2.2170857256278396,,2.8999770546797663,0.1893661916255951,-0.008015995001187548,0.02541417178872507,1.869078528136015,40992768,44577,20016,1251,8.864596,0.006388557904574555,0.0015555072750430554,-6.0403779566288,-0.14219789,0.004236812761519104,0.0021492346189916135,-6.086721354722977,,,0.95,0.95,3.8044311423959187,3.399115548094275,0.5009960049371467,0.0,6.4388876,1070.908099313985
126,1783315016.2713735,,5.28,,5.28,,4.799999999999999,,4.799999999999999,,7.200000000000002,,7.200000000000002,,1.9800000000000002,,1.9800000000000002,,2.759999999999999,,2.759999999999999,,5.902043699519709,,5.398829759098589,,7.380196189275011,,2.2465273869165685,,3.034500169567764,-0.03046307899057865,-0.005874255772141623,0.043102391915454064,1.8833097480237484,41320448,44902,20176,1261,8.840285,0.005689234654710162,0.0041541800426784905,-6.004896730184555,-2.6865096,0.00659413300891174,0.0011341896024532616,-6.072082754969597,,,0.95,0.95,3.3227257382708375,3.258042132848466,0.3176476805685793,0.0,-9.495199,1067.4176400795436
127,1783315344.8444686,,5.28,,5.28,,4.799999999999999,,4.799999999999999,,7.200000000000002,,7.200000000000002,,1.9800000000000002,,1.9800000000000002,,2.759999999999999,,2.759999999999999,,4.514095962047577,,4.320707133971155,,6.59965892881155,,1.6160044837743044,,2.377455512061715,0.2403535544872284,0.0002578603889560327,0.15226866025477648,1.8954740203917027,41648128,45237,20336,1271,9.132235,0.009194210254645441,0.0010482560959644617,-6.011991637945175,-51.900543,0.015389128460083158,-0.00015681573713663966,-6.08588330745697,,,0.95,0.95,3.8564932921010744,3.5920396529438037,0.5858964027080558,0.0,-15.415364,997.2819293587451
128,1783315644.8508146,,5.28,,5.28,,4.799999999999999,,4.799999999999999,,7.200000000000002,,7.200000000000002,,1.9800000000000002,,1.9800000000000002,,2.759999999999999,,2.759999999999999,,4.581825132481754,,4.034890424460173,,6.264254143461585,,1.5294695496559143,,2.4421799182891846,0.24160027503967285,-0.004574734557536431,0.056919695634860545,1.9075868241488934,41975808,45570,20496,1281,4.8849883,0.006577069318882423,0.0034937067233840936,-6.038483569025994,-0.3925001,0.008013422421936412,0.0016244335114606657,-6.036485868692398,,,0.95,0.95,4.097368208284949,3.7697277377055607,1.0046704682814376,0.0,0.12891102,1092.2435418782115
129,1783315943.4719977,,5.28,,5.28,,4.799999999999999,,4.799999999999999,,7.200000000000002,,7.200000000000002,,1.9800000000000002,,1.9800000000000002,,2.759999999999999,,2.759999999999999,,6.049277467653155,,5.6405613496899605,,8.017999712377787,,2.359996792860329,,3.155074486916419,0.18833771347999573,0.0005992033347865799,0.027899495093151927,1.9131864421069622,42303488,45893,20656,1291,9.440429,0.0058408563992998095,0.004946472635492682,-6.036654984951019,-1.0327523,0.004897238151170313,0.0009783122775843367,-6.119448181986809,,,0.95,0.95,3.3839336924388363,3.27719099134328,0.7048693777323595,0.0,-19.200943,1097.3099473501745
130,1783316229.9181058,,5.28,,5.28,,4.799999999999999,,4.799999999999999,,7.200000000000002,,7.200000000000002,,1.9800000000000002,,1.9800000000000002,,2.759999999999999,,2.759999999999999,,5.2923054858110845,,4.449928941205144,,6.866864913143218,,1.9453971618786454,,2.6899836675729603,0.19800841808319092,-0.005166412360267714,0.01972051852499135,1.9231030195951462,42631168,46222,20816,1301,-7.366212,0.012579538181307725,0.0020203595486236736,-6.052626085281372,-24.658134,0.007738320594944526,0.0004075539909536019,-6.086470854282379,,,0.95,0.95,3.383988878515653,3.0337384286205387,0.3913223519099802,0.0,-44.950714,1143.9498889204428
131,1783316552.1513512,,5.28,,5.28,,4.799999999999999,,4.799999999999999,,7.200000000000002,,7.200000000000002,,1.9800000000000002,,1.9800000000000002,,2.759999999999999,,2.759999999999999,,4.516084436327219,,4.1204764768481255,,6.484620633535087,,1.5878670243546367,,2.4951165029779077,0.1275797039270401,-0.0032553653727518395,0.012588394747581333,1.9324344135820866,42958848,46544,20976,1311,9.055876,0.00583617085867445,0.0035389266820857303,-6.034595268964767,-11.425907,0.004615709841891658,0.0024749418866122142,-6.0783580362796785,,,0.95,0.95,3.2290457230346306,3.593494734541694,0.5167979925829193,0.0,-8.236704,1016.9031584871526
132,1783316852.0115895,,5.28,,5.28,,4.799999999999999,,4.799999999999999,,7.200000000000002,,7.200000000000002,,1.9800000000000002,,1.9800000000000002,,2.759999999999999,,2.759999999999999,,4.428957296535373,,3.9590645991265774,,6.479402448982,,1.5693546403199434,,2.4197332616895437,0.002707378938794136,-0.0007446451372743468,0.005226059212873224,1.927625235170126,43286528,46873,21136,1321,-1.0235686,0.0068743487281608395,0.0017382431149599142,-6.076344391703605,-33.825245,0.007582565439224709,0.001969321121578105,-6.018437561392784,,,0.95,0.95,3.5249783454763133,3.500615608882407,0.6260011081726353,0.0,-2.7478263,1092.7757421604567
133,1783317154.1319165,,5.28,,5.28,,4.799999999999999,,4.799999999999999,,7.200000000000002,,7.200000000000002,,1.9800000000000002,,1.9800000000000002,,2.759999999999999,,2.759999999999999,,4.829144097864628,,4.3886253531090915,,6.328997657634318,,1.6704702896531671,,2.3943052561953664,0.7542524337768555,-0.0024039003474172205,0.5003356425149832,1.9441954717040062,43614208,47201,21296,1331,9.098502,0.005712192221835721,0.0023657267782255078,-6.05543951690197,-0.7606907,0.009913136609247886,0.00045266665110830215,-6.060246056318283,,,0.95,0.95,3.36393346217285,3.9773625361181253,0.7274380335633367,0.0,-6.634259,1084.6009750978542
134,1783317457.3455124,,5.28,,5.28,,4.799999999999999,,4.799999999999999,,7.200000000000002,,7.200000000000002,,1.9800000000000002,,1.9800000000000002,,2.759999999999999,,2.759999999999999,,4.327352900058031,,4.178923511644825,,6.280583254992962,,1.4895126931369305,,2.3334066066890955,0.1272420734167099,0.0004928406269755214,0.013243529770988971,1.9590962119400501,43941888,47521,21456,1341,0.047020245,0.005877931069699116,0.003321146508096717,-6.0777996480464935,-1.9858112,0.006211283784068655,0.00210087149462197,-6.148826023936271,,,0.95,0.95,3.512474303850587,3.5555542194049132,1.0637826877413412,0.0,2.9738905,1080.6903388763496
135,1783317765.0331004,,5.28,,5.28,,4.799999999999999,,4.799999999999999,,7.200000000000002,,7.200000000000002,,1.9800000000000002,,1.9800000000000002,,2.759999999999999,,2.759999999999999,,6.127682922407985,,5.7480965703725815,,8.069394629448652,,2.3698812006041408,,3.2041125814430416,0.07494950294494629,-0.0001758270664140582,0.008437025724560954,1.9657118394970894,44269568,47843,21616,1351,8.545386,0.005382962082512677,0.004804196670011152,-6.100922629237175,-2.1600134,0.003971380679286085,0.0021613775999867356,-6.165210503339767,,,0.95,0.95,4.019321278692228,3.517659384783795,0.7642294185045229,0.0,-13.554274,1064.9763559133876
136,1783318069.2032297,,5.28,,5.28,,4.799999999999999,,4.799999999999999,,7.200000000000002,,7.200000000000002,,1.9800000000000002,,1.9800000000000002,,2.759999999999999,,2.759999999999999,,4.332288648933172,,3.884547472000122,,6.463582489639521,,1.5424581924453378,,2.3695365260355175,0.10154291242361069,0.0004822137125302106,0.01550465339096263,1.9616461619734764,44597248,48166,21776,1361,8.819333,0.005661958233395126,0.002053142480144743,-6.185073953866959,2.25847,0.005103938972752076,0.0031235757254762576,-6.24303629398346,,,0.95,0.95,3.3854384120055507,4.043587628274156,0.8912483494597784,0.0,-16.227283,1077.2918342426303
137,1783318382.1218681,,5.28,,5.28,,4.799999999999999,,4.799999999999999,,7.200000000000002,,7.200000000000002,,1.9800000000000002,,1.9800000000000002,,2.759999999999999,,2.759999999999999,,4.74466887768358,,4.470995652489364,,6.787734731828095,,1.76702766912058,,2.6580289776902646,0.11121207475662231,-0.0015577259227939066,0.04442062090674881,1.958743579685688,44924928,48489,21936,1371,4.1080394,0.0074305689195171,0.0017301839747233317,-6.23533644080162,-6.4586363,0.006589268770767376,0.0024740549517446196,-6.292393612861633,,,0.95,0.95,4.622301137136086,3.9254690492244735,0.44228737475530727,0.0,-2.370898,1047.1731544283941
138,1783318682.7129679,,5.28,,5.28,,4.799999999999999,,4.799999999999999,,7.200000000000002,,7.200000000000002,,1.9800000000000002,,1.9800000000000002,,2.759999999999999,,2.759999999999999,,4.3659966588020325,,3.916789349867031,,6.326534736901522,,1.5956927174702287,,2.3445356108713895,0.43413177132606506,0.00040083903877530247,0.2182315834943438,1.964476652443409,45252608,48813,22096,1381,-27.811401,0.01003621962154284,0.0026612268819008024,-6.293527263402939,-1.8774004,0.003944743175816256,0.0009030365938087926,-6.327467069029808,,,0.95,0.95,3.8101854743205386,4.253379478175217,0.5071207541638004,0.0,-1.0459832,1090.118784071753
139,1783318989.6349008,,5.28,,5.28,,4.799999999999999,,4.799999999999999,,7.200000000000002,,7.200000000000002,,1.9800000000000002,,1.9800000000000002,,2.759999999999999,,2.759999999999999,,4.2912259213626385,,3.9270281866192818,,6.219793006777763,,1.5830206614919007,,2.265292989090085,0.13913607597351074,-0.0010658724131644703,0.011164901763550006,1.9624058231711388,45580288,49138,22256,1391,-7.8935585,0.007030828091956209,0.00300523990590591,-6.2430626392364506,-15.352577,0.006640906717802863,0.0022581935685593636,-6.3189748376607895,,,0.95,0.95,3.810127234266214,4.017095930835123,0.7687212062310939,0.0,2.7213244,1067.6330237705397
140,1783319289.8824222,,5.28,,5.28,,4.799999999999999,,4.799999999999999,,7.200000000000002,,7.200000000000002,,1.9800000000000002,,1.9800000000000002,,2.759999999999999,,2.759999999999999,,5.952091630548239,,5.405258802231401,,7.994948780164123,,2.164803951047361,,2.88502508867532,0.03042498044669628,4.33228378824424e-05,0.011085146717960015,1.9602252580225468,45907968,49470,22416,1401,-0.46835083,0.00611176350430469,0.0023855833220295607,-6.265391591191292,-27.543222,0.007593110915331635,0.002376727214141283,-6.2986116230487825,,,0.95,0.95,3.6273937082178294,3.323725900480479,0.39094632497362936,0.0,-21.551754,1091.3662694691006
141,1783319598.2806528,,5.28,,5.28,,4.799999999999999,,4.799999999999999,,7.200000000000002,,7.200000000000002,,1.9800000000000002,,1.9800000000000002,,2.759999999999999,,2.759999999999999,,6.024251581169665,,5.633245130098658,,7.783921220339835,,2.354083268204704,,3.1426373976282775,-0.03593294695019722,-0.007053684792481363,0.008487645944114774,1.970433585345745,46235648,49804,22576,1411,-27.577002,0.010380520808394068,0.001081718795467168,-6.295720645785332,-14.303554,0.009947687103704084,0.001278515851299744,-6.343549454212189,,,0.95,0.95,4.292180554274789,3.371599999257049,0.5234898753319878,0.0,-14.059751,1062.522291222202
142,1783319896.7859643,,5.28,,5.28,,4.799999999999999,,4.799999999999999,,7.200000000000002,,7.200000000000002,,1.9800000000000002,,1.9800000000000002,,2.759999999999999,,2.759999999999999,,4.780613397248089,,4.069679476320744,,6.530538342427462,,1.5729971178807318,,2.346537041477859,-0.04469902068376541,0.0005049229221185669,0.03312079120951239,1.9754004552960396,46563328,50133,22736,1421,-0.005613327,0.00742564720712835,0.0008285604839329608,-6.262765407562256,-11.71332,0.012742797553073615,0.001227735134307295,-6.310844424366951,,,0.95,0.95,3.4994974692763408,3.7369265902370485,0.6033413861090121,0.0,-28.56434,1097.7358717822308
143,1783320194.70462,,5.28,,5.28,,4.799999999999999,,4.799999999999999,,7.200000000000002,,7.200000000000002,,1.9800000000000002,,1.9800000000000002,,2.759999999999999,,2.759999999999999,,5.2971169868833385,,4.8749977755360305,,7.440645837690681,,2.1725472286343575,,2.9990876000374556,-0.08980126678943634,-0.007436946703819558,0.03504849466844462,1.971223060041666,46891008,50460,22896,1431,-8.595658,0.010001601115800441,0.0017366120155202225,-6.292459309101105,-23.855099,0.008260685838467906,0.0008710635243915022,-6.317298009991646,,,0.95,0.95,3.9000060564507315,3.798389525163995,0.4380947740934854,0.0,-13.738623,1099.8975964574863
144,1783320498.914318,,5.28,,5.28,,4.799999999999999,,4.799999999999999,,7.200000000000002,,7.200000000000002,,1.9800000000000002,,1.9800000000000002,,2.759999999999999,,2.759999999999999,,6.223568599671125,,5.779997173696756,,8.154205162078142,,2.438687304034829,,3.2319977786391973,0.04068061709403992,0.0011625951265159529,0.012595372136274818,1.9636064134538174,47218688,50802,23056,1441,0.77593195,0.008145127844181843,0.0025799801864195616,-6.267138177156449,-12.100623,0.005949211587721948,0.001591694801754784,-6.310946926474571,,,0.95,0.95,3.766183908400527,3.877619310636342,0.9045620063208619,0.0,-5.2422934,1077.1516829471966
145,1783320803.9743056,,5.28,,5.28,,4.799999999999999,,4.799999999999999,,7.200000000000002,,7.200000000000002,,1.9800000000000002,,1.9800000000000002,,2.759999999999999,,2.759999999999999,,4.897824790328741,,4.3185397405177355,,6.582609241362661,,1.5665836355183274,,2.3833889621309936,-0.405600368976593,-0.0038900451127119595,0.19486873841378838,1.9430292509496212,47546368,51136,23216,1451,-17.211826,0.01130118859873619,0.0008555252847145311,-6.296747067570687,-59.90386,0.023462960909819232,0.0013425498036667705,-6.34137659072876,,,0.95,0.95,4.494627919821544,3.7156691542379567,0.8027518975228749,0.0,-1.6126392,1074.1493857334488
146,1783321110.6990783,,5.28,,5.28,,4.799999999999999,,4.799999999999999,,7.200000000000002,,7.200000000000002,,1.9800000000000002,,1.9800000000000002,,2.759999999999999,,2.759999999999999,,4.295945055782795,,3.806481409817934,,6.227358087897301,,1.5529888290911913,,2.2746652215719223,0.04976319521665573,0.0018681632936932147,0.027410194219555706,1.9559883438050747,47874048,51460,23376,1461,-8.0281725,0.006908687493705656,0.0004056763864355162,-6.302378007769585,-8.095357,0.007910758361686022,0.0018895731045631692,-6.281633812189102,,,0.95,0.95,3.228814798805496,3.4424953078647107,1.296751921705176,0.0,-21.323868,1068.319372419051
147,1783321431.4116857,,5.28,,5.28,,4.799999999999999,,4.799999999999999,,7.200000000000002,,7.200000000000002,,1.9800000000000002,,1.9800000000000002,,2.759999999999999,,2.759999999999999,,5.969046612270176,,5.483011680247728,,7.690169341862202,,2.2696941550821066,,2.8822717869188637,-0.014482922852039337,-0.0030024788193259155,0.06209095103258733,1.9648560844361782,48201728,51787,23536,1471,10.36368,0.009078382214647717,-0.00040378078556386755,-6.271581619977951,-1.4452654,0.0047055781920789744,0.0016673924998030997,-6.237622851133347,,,0.95,0.95,3.6483637111864944,3.6588412296201076,0.5972232841575149,0.0,2.809004,1021.7246878683657
148,1783321738.4029799,,5.28,,5.28,,4.799999999999999,,4.799999999999999,,7.200000000000002,,7.200000000000002,,1.9800000000000002,,1.9800000000000002,,2.759999999999999,,2.759999999999999,,6.231845419853926,,5.656465012580156,,8.177104279398918,,2.4768865164369345,,3.2456539012491703,-0.39866095781326294,0.0006041296292096376,0.1663798555964604,1.9667486362159252,48529408,52117,23696,1481,-7.902765,0.006836967849812936,0.0024548999179387467,-6.173800233006477,-12.710829,0.01588206224841997,0.0035956145700765775,-6.204826688766479,,,0.95,0.95,3.430632658272902,3.3653043460062824,0.8180313378533878,0.0,0.4469282,1067.391847959876
149,1783322044.401537,,5.28,,5.28,,4.799999999999999,,4.799999999999999,,7.200000000000002,,7.200000000000002,,1.9800000000000002,,1.9800000000000002,,2.759999999999999,,2.759999999999999,,4.45269145257771,,4.030015391297638,,6.579228349030018,,1.5721213640645146,,2.4741811957210302,-0.12894591689109802,-0.0005267884989734739,0.04835378334973939,1.9634799286723137,48857088,52443,23856,1491,-0.39685935,0.0070477060013217855,0.0027647796043311244,-6.133480799198151,-3.386263,0.0035591976440628057,0.001054984521761071,-6.206718906760216,,,0.95,0.95,3.6620416243391083,3.7709630338686266,0.8012455937098429,0.0,-12.215887,1070.8546991880335
150,1783322340.3306673,,5.28,,5.28,,4.799999999999999,,4.799999999999999,,7.200000000000002,,7.200000000000002,,1.9800000000000002,,1.9800000000000002,,2.759999999999999,,2.759999999999999,,6.2648568488657475,,5.787631865590811,,8.103568458929658,,2.4477260392159224,,3.1501857878174633,-0.0230073481798172,0.00116488995263353,0.007954402077302802,1.9764651916921139,49184768,52768,24016,1501,-35.754326,0.00795049527368974,0.002902046122471802,-6.149303281307221,-5.1698656,0.008466085158579518,0.0016779026642325333,-6.168208336830139,,,0.95,0.95,3.662515287184622,3.4101475264155203,1.1891289320195195,0.0,-25.27444,1107.292155284812
151,1783322665.3580842,,5.28,,5.28,,4.799999999999999,,4.799999999999999,,7.200000000000002,,7.200000000000002,,1.9800000000000002,,1.9800000000000002,,2.759999999999999,,2.759999999999999,,4.351105121895671,,3.9592520985752344,,6.410661165602505,,1.5873141195625067,,2.385295482352376,-0.03823274001479149,0.0009781741246115416,0.04950689521501772,1.9736930429935455,49512448,53117,24176,1511,9.073769,0.00727512203011429,0.0014459149679169059,-6.1530159085989,-20.997873,0.008782766587683,0.00022004711645422502,-6.213466432690621,,,0.95,0.95,3.5145363380538206,3.1523130026681234,0.6196975469953144,0.0,-10.009071,1008.1610875216367
152,1783322969.7836773,,5.28,,5.28,,4.799999999999999,,4.799999999999999,,7.200000000000002,,7.200000000000002,,1.9800000000000002,,1.9800000000000002,,2.759999999999999,,2.759999999999999,,6.2732016406953335,,5.790345463901758,,8.029955905862153,,2.3980937311425805,,3.209884136915207,0.004556414671242237,0.0005273345741443336,0.017445363555452786,1.9854141399264336,49840128,53447,24336,1521,0.2816742,0.007599748580832966,0.002541930560255423,-6.1462806224822994,-23.017979,0.012100182288850191,-0.00030843481654301285,-6.198885312676429,,,0.95,0.95,3.668061174704215,3.002748858341115,1.249837182162695,0.0,2.322228,1076.3878364438112
153,1783323108.856748,,5.28,,5.28,,4.799999999999999,,4.799999999999999,,7.200000000000002,,7.200000000000002,,1.9800000000000002,,1.9800000000000002,,2.759999999999999,,2.759999999999999,,6.1639014929533005,,5.793223392218351,,8.179983638226986,,2.4763535019010305,,3.2505434937775135,-0.09469079226255417,0.001226983113156166,0.06614649403491057,1.99470541998744,49971200,53582,24400,1525,9.502378,0.008328111973241903,0.0013298745747306385,-6.11955056488514,-5.318834,0.01560799284343375,0.0010434566502226517,-6.187275719642639,,,0.95,0.95,3.3946592494119643,2.9206053911457683,0.9870123544386711,0.0,-16.552977,2356.1714503661024
