# _tick,_time,plr_track_ground_roughness,track_ground_roughness,plr_track_pit_gap_low,track_pit_gap_low,plr_track_pit_gap_high,track_pit_gap_high,plr_track_stump_height_low,track_stump_height_low,plr_track_stump_height_high,track_stump_height_high,mean_env_return,adversary_env_pg_loss,adversary_env_value_loss,adversary_env_dist_entropy,steps,total_episodes,total_seeds,total_student_grad_updates,mean_agent_return,agent_value_loss,agent_pg_loss,agent_dist_entropy,mean_adversary_agent_return,adversary_value_loss,adversary_pg_loss,adversary_dist_entropy,kl_loss_advagent_agent,kl_loss_agent_advagent,agent_grad_norm,adversary_grad_norm,adversary_env_grad_norm,solved_rate:BipedalWalker-MADS-POET-Rose-2a-Eval-v0,test_returns:BipedalWalker-MADS-POET-Rose-2a-Eval-v0,target_agent_return,target_solved_rate,sps
0,1784256123.2727,,7.200000000000002,,5.599999999999999,,7.200000000000002,,1.9800000000000002,,2.82,0.0,0.0,0.0,0.0,32768,51,67,1,-165.2977,0.14904460567049682,-0.0019093996888841502,5.666835308074951,0,0.0,0.0,0.0,,,0.3600378751005545,0,0,0.0,-187.08151,-187.08151245117188,0.0,491.8359137774877
1,1784256332.7466233,,7.200000000000002,,5.599999999999999,,7.200000000000002,,1.9800000000000002,,2.82,0.0,0.0,0.0,0.0,196608,205,301,6,-169.4451,0.008475110167637467,-0.0029084294961648992,5.5839473634958265,0,0.0,0.0,0.0,,,0.3478275044602933,0,0,0.0,-136.7056,-136.70559692382812,0.0,782.14981978276
2,1784256569.3027606,,7.200000000000002,,5.599999999999999,,7.200000000000002,,1.9800000000000002,,2.82,0.0,0.0,0.0,0.0,360448,295,471,11,-142.0918,0.01571887992322445,-0.003315964568173513,5.450642064213753,0,0.0,0.0,0.0,,,0.3228834476318416,0,0,0.0,-158.09262,-158.09262084960938,0.0,692.6051332143421
3,1784256769.2332506,,7.200000000000002,,5.599999999999999,,7.200000000000002,,1.9800000000000002,,2.82,0.0,0.0,0.0,0.0,524288,378,634,16,-153.35574,0.01700769188464619,-0.0061288265453185884,5.2365374058485035,0,0.0,0.0,0.0,,,0.3458693356321725,0,0,0.0,-156.72495,-156.72494506835938,0.0,819.484784033217
4,1784256982.160729,,7.200000000000002,,5.599999999999999,,7.200000000000002,,1.9800000000000002,,2.82,0.0,0.0,0.0,0.0,688128,486,822,21,-136.35579,0.017251772299641744,-0.002891280158655718,5.078382948040963,0,0.0,0.0,0.0,,,0.4222555855259144,0,0,0.0,-140.44705,-140.44705200195312,0.0,769.4639401026121
5,1784257207.7123778,,7.200000000000002,,5.599999999999999,,7.200000000000002,,1.9800000000000002,,2.82,0.0,0.0,0.0,0.0,851968,587,1003,26,-137.9635,0.019082110963063316,-0.0023015440034214406,4.893062964081764,0,0.0,0.0,0.0,,,0.41878431570454255,0,0,0.0,-158.59131,-158.59130859375,0.0,726.3967781502173
6,1784257451.4895353,,7.200000000000002,,5.599999999999999,,7.200000000000002,,1.9800000000000002,,2.82,0.0,0.0,0.0,0.0,1015808,689,1185,31,-148.38115,0.02061418995144777,-0.0025907667790306733,4.703734612464904,0,0.0,0.0,0.0,,,0.4345848644887891,0,0,0.0,-139.64104,-139.6410369873047,0.0,672.0892369924732
7,1784257668.8851984,,7.200000000000002,,5.599999999999999,,7.200000000000002,,1.9800000000000002,,2.82,0.0,0.0,0.0,0.0,1179648,788,1364,36,-136.66373,0.023772346193436534,-0.001734214069438167,4.559347847104073,0,0.0,0.0,0.0,,,0.46156565072134476,0,0,0.0,-135.90411,-135.90411376953125,0.0,753.6488922907166
8,1784257901.7141774,,7.200000000000002,,5.599999999999999,,7.200000000000002,,1.9800000000000002,,2.82,0.0,0.0,0.0,0.0,1343488,884,1540,41,-142.98743,0.02426120709278621,-0.0010588905744953081,4.367444524168969,0,0.0,0.0,0.0,,,0.48952898672406314,0,0,0.0,-160.98245,-160.98245239257812,0.0,703.6925041968105
9,1784258135.1416883,,7.200000000000002,,5.599999999999999,,7.200000000000002,,1.9800000000000002,,2.82,0.0,0.0,0.0,0.0,1507328,969,1705,46,-137.19684,0.014257833489682525,-0.0007229559851111844,4.169463330507279,0,0.0,0.0,0.0,,,0.5330131447988731,0,0,0.0,-125.45486,-125.4548568725586,0.0,701.8880903793148
10,1784258354.711873,,7.200000000000002,,5.599999999999999,,7.200000000000002,,1.9800000000000002,,2.82,0.0,0.0,0.0,0.0,1671168,1055,1871,51,-155.83905,0.011301528796320782,-0.0009950479870894924,3.9928973734378816,0,0.0,0.0,0.0,,,0.5632157356483285,0,0,0.0,-139.95389,-139.95388793945312,0.0,746.1851273031322
11,1784258590.0551274,,7.200000000000002,,5.599999999999999,,7.200000000000002,,1.9800000000000002,,2.82,0.0,0.0,0.0,0.0,1835008,1136,2032,56,-117.651146,0.009211567876627668,-0.0018037092595477588,3.762942284345627,0,0.0,0.0,0.0,,,0.5594055201375003,0,0,0.0,-158.2739,-158.27389526367188,0.0,696.1745999978922
12,1784258834.7020981,,7.200000000000002,,5.599999999999999,,7.200000000000002,,1.9800000000000002,,2.82,0.0,0.0,0.0,0.0,1998848,1217,2193,61,-114.11908,0.009317774663213641,-0.000993840818409808,3.516245199739933,0,0.0,0.0,0.0,,,0.6318149113940552,0,0,0.0,-114.74131,-114.7413101196289,0.0,669.6996813637963
13,1784259087.4314206,,7.200000000000002,,5.599999999999999,,7.200000000000002,,1.9800000000000002,,2.82,0.0,0.0,0.0,0.0,2162688,1303,2359,66,-111.549706,0.01640275819809176,-0.0015497833970584906,3.3231135115027426,0,0.0,0.0,0.0,,,0.6690782051185602,0,0,0.0,-142.89706,-142.89706420898438,0.0,648.2825020921531
14,1784259317.5959225,,7.200000000000002,,5.599999999999999,,7.200000000000002,,1.9800000000000002,,2.82,0.0,0.0,0.0,0.0,2326528,1383,2519,71,-111.22133,0.007845268727396614,-0.0008501592979882844,3.1065311029553415,0,0.0,0.0,0.0,,,0.7830327068977543,0,0,0.0,-107.03908,-107.03907775878906,0.0,711.8387516263573
15,1784259541.7173967,,7.200000000000002,,5.599999999999999,,7.200000000000002,,1.9800000000000002,,2.82,0.0,0.0,0.0,0.0,2490368,1466,2682,76,-133.0997,0.012479203593102284,-0.0011829362381831742,2.891924026608467,0,0.0,0.0,0.0,,,0.7687894171004583,0,0,0.0,-107.47279,-107.47279357910156,0.0,731.032109472724
16,1784259790.107785,,7.200000000000002,,5.599999999999999,,7.200000000000002,,1.9800000000000002,,2.82,0.0,0.0,0.0,0.0,2654208,1547,2843,81,-110.56384,0.010226180008612574,-0.00039285436505451796,2.6441956385970116,0,0.0,0.0,0.0,,,0.7693133952849017,0,0,0.0,-142.7669,-142.76690673828125,0.0,659.6068451325746
17,1784260041.63549,,7.200000000000002,,5.599999999999999,,7.200000000000002,,1.9800000000000002,,2.82,0.0,0.0,0.0,0.0,2818048,1628,3004,86,-101.59452,0.007226654040277935,-0.0005924495402723551,2.4055004969239233,0,0.0,0.0,0.0,,,0.9430548649081405,0,0,0.0,-99.986,-99.98600006103516,0.0,651.3795344026412
18,1784260279.0475404,,7.200000000000002,,5.599999999999999,,7.200000000000002,,1.9800000000000002,,2.82,0.0,0.0,0.0,0.0,2981888,1711,3167,91,-95.87832,0.012007308570900932,-0.0007553569274023175,2.2076235368847845,0,0.0,0.0,0.0,,,0.8757529806459374,0,0,0.0,-132.97772,-132.97772216796875,0.0,690.1082222366738
19,1784260529.1604934,,7.200000000000002,,5.599999999999999,,7.200000000000002,,1.9800000000000002,,2.82,0.0,0.0,0.0,0.0,3145728,1797,3333,96,-101.79914,0.009392766043310985,0.00041183351422660055,2.0555410593748094,0,0.0,0.0,0.0,,,1.063355177327191,0,0,0.0,-120.21678,-120.21678161621094,0.0,655.0640304869552
20,1784260782.6306353,,7.200000000000002,,5.599999999999999,,7.200000000000002,,1.9800000000000002,,2.82,0.0,0.0,0.0,0.0,3309568,1878,3494,101,-102.748024,0.008484283601865173,-2.3877935018390416e-05,1.819862899929285,0,0.0,0.0,0.0,,,1.1085228372033213,0,0,0.0,-87.61721,-87.6172103881836,0.0,646.3877717563532
21,1784261042.4100513,,7.200000000000002,,5.599999999999999,,7.200000000000002,,1.9800000000000002,,2.82,0.0,0.0,0.0,0.0,3473408,1960,3656,106,-113.789536,0.010817445075372235,-0.0012292463652556762,1.6143577687442303,0,0.0,0.0,0.0,,,1.0950341585381829,0,0,0.0,-74.383224,-74.38322448730469,0.0,630.6888933223881
22,1784261230.748395,,7.200000000000002,,5.599999999999999,,7.200000000000002,,1.9800000000000002,,2.82,0.0,0.0,0.0,0.0,3637248,2041,3817,111,-93.79578,0.009495495181181469,-0.0002860843960661441,1.3755329087376595,0,0.0,0.0,0.0,,,1.29774846420597,0,0,0.0,-94.137924,-94.13792419433594,0.0,869.9237886478066
23,1784261343.1306996,,7.200000000000002,,5.599999999999999,,7.200000000000002,,1.9800000000000002,,2.82,0.0,0.0,0.0,0.0,3801088,2124,3980,116,-93.63558,0.009364142373669893,0.000721587278530933,1.1933135993778705,0,0.0,0.0,0.0,,,1.3565545204892655,0,0,0.0,-68.8539,-68.85389709472656,0.0,1457.8804694024916
24,1784261454.670042,,7.200000000000002,,5.599999999999999,,7.200000000000002,,1.9800000000000002,,2.82,0.0,0.0,0.0,0.0,3964928,2204,4140,121,-94.13942,0.01050585052871611,-0.0002178155627916567,1.0398398868739605,0,0.0,0.0,0.0,,,1.2821486768720087,0,0,0.0,-101.57678,-101.5767822265625,0.0,1468.898799107134
25,1784261562.2874715,,7.200000000000002,,5.599999999999999,,7.200000000000002,,1.9800000000000002,,2.82,0.0,0.0,0.0,0.0,4128768,2285,4301,126,-75.9379,0.00750830707984278,-0.0004923155618598684,0.8934356868267059,0,0.0,0.0,0.0,,,1.33226415050482,0,0,0.0,-69.60813,-69.6081314086914,0.0,1522.4301815674446
26,1784261663.962443,,7.200000000000002,,5.599999999999999,,7.200000000000002,,1.9800000000000002,,2.82,0.0,0.0,0.0,0.0,4292608,2368,4464,131,-81.056595,0.007577558470075019,-0.0006522743715322576,0.67109534740448,0,0.0,0.0,0.0,,,1.5324563639620699,0,0,0.0,-66.0152,-66.01519775390625,0.0,1611.4092449873854
27,1784261769.942618,,7.200000000000002,,5.599999999999999,,7.200000000000002,,1.9800000000000002,,2.82,0.0,0.0,0.0,0.0,4456448,2448,4624,136,-83.865036,0.007450745237292722,0.00034930754627566786,0.4632529020309448,0,0.0,0.0,0.0,,,1.6401233281010323,0,0,0.0,-86.840225,-86.84022521972656,0.0,1545.9499575632692
28,1784261881.4618182,,7.200000000000002,,5.599999999999999,,7.200000000000002,,1.9800000000000002,,2.82,0.0,0.0,0.0,0.0,4620288,2532,4788,141,-76.789185,0.009172891330672428,0.0015769680554512887,0.2639599032700062,0,0.0,0.0,0.0,,,1.8615289876316736,0,0,0.0,-94.48131,-94.48130798339844,0.0,1469.1636413376439
29,1784261990.045956,,7.200000000000002,,5.599999999999999,,7.200000000000002,,1.9800000000000002,,2.82,0.0,0.0,0.0,0.0,4784128,2615,4951,146,-73.127914,0.009873924776911736,-5.619258881779387e-05,0.1057544618844986,0,0.0,0.0,0.0,,,1.7536534948729916,0,0,0.0,-72.86743,-72.867431640625,0.0,1508.8760434783546
30,1784262093.6741598,,7.200000000000002,,5.599999999999999,,7.200000000000002,,1.9800000000000002,,2.82,0.0,0.0,0.0,0.0,4947968,2697,5113,151,-60.890938,0.008385404039290733,0.0004167971259448677,-0.03746652901172638,0,0.0,0.0,0.0,,,1.7641142748574474,0,0,0.0,-69.922554,-69.92255401611328,0.0,1581.0367239787902
31,1784262201.377174,,7.200000000000002,,5.599999999999999,,7.200000000000002,,1.9800000000000002,,2.82,0.0,0.0,0.0,0.0,5111808,2780,5276,156,-65.76634,0.012944410915952175,0.0008291733480291441,-0.12975060418248177,0,0.0,0.0,0.0,,,1.7543591089297332,0,0,0.0,-81.68814,-81.68814086914062,0.0,1521.2202173552785
32,1784262305.0037956,,7.200000000000002,,5.599999999999999,,7.200000000000002,,1.9800000000000002,,2.82,0.0,0.0,0.0,0.0,5275648,2867,5443,161,-71.04531,0.010106109527987428,0.0005507146299351007,-0.2700387887656689,0,0.0,0.0,0.0,,,1.9125021784346063,0,0,0.0,-60.031055,-60.03105545043945,0.0,1581.0612190878535
33,1784262530.5119765,,7.200000000000002,,5.599999999999999,,7.200000000000002,,1.9800000000000002,,2.82,0.0,0.0,0.0,0.0,5439488,2949,5605,166,-75.23698,0.011827545615960843,0.0011850462091388182,-0.35808698162436486,0,0.0,0.0,0.0,,,1.97871887091759,0,0,0.0,-81.51811,-81.51811218261719,0.0,726.5368534121634
34,1784262753.074293,,7.200000000000002,,5.599999999999999,,7.200000000000002,,1.9800000000000002,,2.82,0.0,0.0,0.0,0.0,5603328,3038,5774,171,-60.963768,0.013646669482113793,3.339033864904195e-05,-0.500909223407507,0,0.0,0.0,0.0,,,2.0999738615176335,0,0,0.0,-66.15437,-66.15437316894531,0.0,736.1533024969524
35,1784262983.3707519,,7.200000000000002,,5.599999999999999,,7.200000000000002,,1.9800000000000002,,2.82,0.0,0.0,0.0,0.0,5767168,3126,5942,176,-67.79436,0.014678243527305313,0.0015261333988746627,-0.6057764768600464,0,0.0,0.0,0.0,,,2.176994019589093,0,0,0.0,-51.704018,-51.704017639160156,0.0,711.4308244293055
36,1784263222.2599719,,7.200000000000002,,5.599999999999999,,7.200000000000002,,1.9800000000000002,,2.82,0.0,0.0,0.0,0.0,5931008,3211,6107,181,-72.8353,0.010608327962108888,0.0017621739891183097,-0.6780970379710197,0,0.0,0.0,0.0,,,2.2891434541420366,0,0,0.0,-55.699055,-55.69905471801758,0.0,685.840898865071
37,1784263454.0904245,,7.200000000000002,,5.599999999999999,,7.200000000000002,,1.9800000000000002,,2.82,0.0,0.0,0.0,0.0,6094848,3297,6273,186,-61.05946,0.012091457840870134,0.0025788094237213953,-0.8147343382239342,0,0.0,0.0,0.0,,,2.379081292559139,0,0,0.0,-52.058388,-52.058387756347656,0.0,706.723368191112
38,1784263661.2126024,,7.200000000000002,,5.599999999999999,,7.200000000000002,,1.9800000000000002,,2.82,0.0,0.0,0.0,0.0,6258688,3383,6439,191,-47.05416,0.008581082509772386,0.001139854632492643,-0.9278989627957344,0,0.0,0.0,0.0,,,2.4099196520006223,0,0,0.0,-68.881485,-68.88148498535156,0.0,791.0307084578232
39,1784263900.9492373,,7.200000000000002,,5.599999999999999,,7.200000000000002,,1.9800000000000002,,2.82,0.0,0.0,0.0,0.0,6422528,3467,6603,196,-58.878967,0.009640231309458614,0.0016641340975183994,-1.0447809666395187,0,0.0,0.0,0.0,,,2.2827823068732793,0,0,0.0,-50.846397,-50.846397399902344,0.0,683.4166507442035
40,1784264110.6876473,,7.200000000000002,,5.599999999999999,,7.200000000000002,,1.9800000000000002,,2.82,0.0,0.0,0.0,0.0,6586368,3556,6772,201,-51.647778,0.009348504021181725,0.0031744376072310844,-1.1200638823211193,0,0.0,0.0,0.0,,,2.47382997509433,0,0,0.0,-67.28366,-67.28366088867188,0.0,781.1635036935553
41,1784264335.803856,,7.200000000000002,,5.599999999999999,,7.200000000000002,,1.9800000000000002,,2.82,0.0,0.0,0.0,0.0,6750208,3642,6938,206,-55.86158,0.008341097843367607,0.0010947052272967995,-1.2130756370723248,0,0.0,0.0,0.0,,,2.2963738915216267,0,0,0.0,-62.4887,-62.48870086669922,0.0,727.8018674255579
42,1784264582.2652476,,7.200000000000002,,5.599999999999999,,7.200000000000002,,1.9800000000000002,,2.82,0.0,0.0,0.0,0.0,6914048,3726,7102,211,-43.917076,0.007200236612698063,0.0012012023158604278,-1.3444963909685612,0,0.0,0.0,0.0,,,2.4836442702509083,0,0,0.0,-47.648464,-47.64846420288086,0.0,664.7694354027045
43,1784264802.2586668,,7.200000000000002,,5.599999999999999,,7.200000000000002,,1.9800000000000002,,2.82,0.0,0.0,0.0,0.0,7077888,3810,7266,216,-60.21535,0.009877357890945859,0.002976741440943442,-1.4053255803883076,0,0.0,0.0,0.0,,,2.4980424251633373,0,0,0.0,-57.817352,-57.817352294921875,0.0,744.7495654954581
44,1784265034.1917357,,7.200000000000002,,5.599999999999999,,7.200000000000002,,1.9800000000000002,,2.82,0.0,0.0,0.0,0.0,7241728,3899,7435,221,-64.27989,0.008209464739775286,0.003267295782279689,-1.46346917450428,0,0.0,0.0,0.0,,,2.6458642791927236,0,0,0.0,-46.75437,-46.754371643066406,0.0,706.4106978876493
45,1784265236.0243022,,7.200000000000002,,5.599999999999999,,7.200000000000002,,1.9800000000000002,,2.82,0.0,0.0,0.0,0.0,7405568,3985,7601,226,-37.54732,0.008167886908631771,0.002667962305713445,-1.5576953947544099,0,0.0,0.0,0.0,,,2.740275461357494,0,0,0.0,-45.181908,-45.181907653808594,0.0,811.7619944136835
46,1784265459.6795883,,7.200000000000002,,5.599999999999999,,7.200000000000002,,1.9800000000000002,,2.82,0.0,0.0,0.0,0.0,7569408,4078,7774,231,-49.568207,0.009929869305051398,0.0028667330596363174,-1.6228448525071144,0,0.0,0.0,0.0,,,2.548614675514817,0,0,0.0,-53.36087,-53.360870361328125,0.0,732.5559307714036
47,1784265697.1451657,,7.200000000000002,,5.599999999999999,,7.200000000000002,,1.9800000000000002,,2.82,0.0,0.0,0.0,0.0,7733248,4163,7939,236,-40.206154,0.007070614463009406,0.0015813725272892042,-1.6861293144524097,0,0.0,0.0,0.0,,,2.6728305143235476,0,0,0.0,-50.563965,-50.56396484375,0.0,689.9525655588466
48,1784265919.5114362,,7.200000000000002,,5.599999999999999,,7.200000000000002,,1.9800000000000002,,2.82,0.0,0.0,0.0,0.0,7897088,4244,8100,241,-47.82825,0.007862580429355148,0.0031440291029866787,-1.738489780575037,0,0.0,0.0,0.0,,,2.8709721488728306,0,0,0.0,-52.05486,-52.05485916137695,0.0,736.80244015293
49,1784266129.1342564,,7.200000000000002,,5.599999999999999,,7.200000000000002,,1.9800000000000002,,2.82,0.0,0.0,0.0,0.0,8060928,4326,8262,246,-49.3487,0.010460716957459227,0.003559603006578982,-1.7997296676039696,0,0.0,0.0,0.0,,,2.845097869175734,0,0,0.0,-67.37291,-67.37290954589844,0.0,781.5943038795174
50,1784266358.1609707,,7.200000000000002,,5.599999999999999,,7.200000000000002,,1.9800000000000002,,2.82,0.0,0.0,0.0,0.0,8224768,4416,8432,251,-52.912914,0.012971580977318809,0.0016045226977439598,-1.815392079949379,0,0.0,0.0,0.0,,,2.574866748805556,0,0,0.0,-48.80868,-48.80868148803711,0.0,715.3750074447936
51,1784266571.7926495,,7.200000000000002,,5.599999999999999,,7.200000000000002,,1.9800000000000002,,2.82,0.0,0.0,0.0,0.0,8388608,4498,8594,256,-57.521893,0.012381506283418275,0.003053233661921695,-1.9052687242627144,0,0.0,0.0,0.0,,,2.8228616013882246,0,0,0.0,-72.240295,-72.24029541015625,0.0,766.9275497175006
52,1784266808.278464,,7.200000000000002,,5.599999999999999,,7.200000000000002,,1.9800000000000002,,2.82,0.0,0.0,0.0,0.0,8552448,4579,8755,261,-39.9978,0.007565909165714401,0.0014935034618247301,-1.9510454818606378,0,0.0,0.0,0.0,,,2.679827785332268,0,0,0.0,-39.15217,-39.15216827392578,0.0,692.8110497420748
53,1784267048.662897,,7.200000000000002,,5.599999999999999,,7.200000000000002,,1.9800000000000002,,2.82,0.0,0.0,0.0,0.0,8716288,4666,8922,266,-32.63464,0.007084503684018273,0.0012885497912066058,-1.9706550270318985,0,0.0,0.0,0.0,,,2.717001708470092,0,0,0.0,-26.829065,-26.829065322875977,0.0,681.574928634035
54,1784267278.960389,,7.200000000000002,,5.599999999999999,,7.200000000000002,,1.9800000000000002,,2.82,0.0,0.0,0.0,0.0,8880128,4751,9087,271,-49.60957,0.006225973658729345,0.002344495574652683,-2.0590796649456022,0,0.0,0.0,0.0,,,2.8208306636530067,0,0,0.0,-57.32604,-57.3260383605957,0.0,711.4276201948286
55,1784267516.8674004,,7.200000000000002,,5.599999999999999,,7.200000000000002,,1.9800000000000002,,2.82,0.0,0.0,0.0,0.0,9043968,4834,9250,276,-37.787792,0.00800772841757862,0.0013353419562918134,-2.1130579143762587,0,0.0,0.0,0.0,,,2.9610201400735052,0,0,0.0,-32.32615,-32.326148986816406,0.0,688.6724442590101
56,1784267655.9494758,,7.200000000000002,,5.599999999999999,,7.200000000000002,,1.9800000000000002,,2.82,0.0,0.0,0.0,0.0,9207808,4915,9411,281,-26.629711,0.00529349564894801,0.002527135706623085,-2.1721663266420363,0,0.0,0.0,0.0,,,2.989884263369382,0,0,0.0,-66.98282,-66.98281860351562,0.0,1178.0093965130734
57,1784267755.4567225,,7.200000000000002,,5.599999999999999,,7.200000000000002,,1.9800000000000002,,2.82,0.0,0.0,0.0,0.0,9371648,4998,9574,286,-47.910267,0.008857854740926995,0.0010115061915712432,-2.237391935288906,0,0.0,0.0,0.0,,,2.879685376265428,0,0,0.0,-43.159397,-43.15939712524414,0.0,1646.5133250613392
58,1784267845.3069158,,7.200000000000002,,5.599999999999999,,7.200000000000002,,1.9800000000000002,,2.82,0.0,0.0,0.0,0.0,9535488,5084,9740,291,-57.41799,0.009444343594077509,0.004203410320042167,-2.3075768992304804,0,0.0,0.0,0.0,,,2.864202293173242,0,0,0.0,-67.42304,-67.42304229736328,0.0,1823.4794491444152
59,1784267943.63911,,7.200000000000002,,5.599999999999999,,7.200000000000002,,1.9800000000000002,,2.82,0.0,0.0,0.0,0.0,9699328,5165,9901,296,-35.704144,0.0076983162376564,0.0020627309757401237,-2.3811464324593543,0,0.0,0.0,0.0,,,3.306778702676253,0,0,0.0,-52.347115,-52.34711456298828,0.0,1666.1890033485267
60,1784268054.8955235,,7.200000000000002,,5.599999999999999,,7.200000000000002,,1.9800000000000002,,2.82,0.0,0.0,0.0,0.0,9863168,5246,10062,301,-23.16513,0.004998063067614566,0.002086434785451274,-2.4366386741399766,0,0.0,0.0,0.0,,,3.1194704512637266,0,0,0.0,-22.42903,-22.42902946472168,0.0,1472.6344036411972
61,1784268156.8319304,,7.200000000000002,,5.599999999999999,,7.200000000000002,,1.9800000000000002,,2.82,0.0,0.0,0.0,0.0,10027008,5326,10222,306,-28.636547,0.008412681304616854,0.000902144169958774,-2.5171572253108025,0,0.0,0.0,0.0,,,2.878378310746201,0,0,0.0,-40.375324,-40.37532424926758,0.0,1607.2760622182752
62,1784268263.7309916,,7.200000000000002,,5.599999999999999,,7.200000000000002,,1.9800000000000002,,2.82,0.0,0.0,0.0,0.0,10190848,5409,10385,311,-44.876633,0.008679286790720653,0.003725370089523494,-2.5857299357652663,0,0.0,0.0,0.0,,,3.7316239947912946,0,0,0.0,-37.00018,-37.000179290771484,0.0,1532.6609190237753
63,1784268355.1895952,,7.200000000000002,,5.599999999999999,,7.200000000000002,,1.9800000000000002,,2.82,0.0,0.0,0.0,0.0,10354688,5494,10550,316,-55.598885,0.007809253185405396,0.003166678056004457,-2.6596138328313828,0,0.0,0.0,0.0,,,3.1394869961005094,0,0,0.0,-65.07672,-65.07672119140625,0.0,1791.4118123864273
64,1784268463.3670616,,7.200000000000002,,5.599999999999999,,7.200000000000002,,1.9800000000000002,,2.82,0.0,0.0,0.0,0.0,10518528,5575,10711,321,-34.952538,0.006048006108903792,0.0016870802282937802,-2.6585773557424544,0,0.0,0.0,0.0,,,3.201339124985308,0,0,0.0,-17.731731,-17.731731414794922,0.0,1514.5485153965371
65,1784268545.2199476,,7.200000000000002,,5.599999999999999,,7.200000000000002,,1.9800000000000002,,2.82,0.0,0.0,0.0,0.0,10682368,5659,10875,326,-58.115307,0.013233932084403932,0.0017446838115574791,-2.698628094792366,0,0.0,0.0,0.0,,,2.9623139103511176,0,0,0.0,-79.94238,-79.9423828125,0.0,2001.6384347382814
66,1784268645.6596727,,7.200000000000002,,5.599999999999999,,7.200000000000002,,1.9800000000000002,,2.82,0.0,0.0,0.0,0.0,10846208,5749,11045,331,-49.21485,0.021948532166425137,0.003994841464736965,-2.7171165838837625,0,0.0,0.0,0.0,,,3.3822574300375194,0,0,0.0,-33.18889,-33.18888854980469,0.0,1631.2278726669526
67,1784268739.2642617,,7.200000000000002,,5.599999999999999,,7.200000000000002,,1.9800000000000002,,2.82,0.0,0.0,0.0,0.0,11010048,5840,11216,336,-31.726267,0.006584190792636946,0.002311662572901696,-2.7305877417325974,0,0.0,0.0,0.0,,,3.500098161236626,0,0,0.0,-64.492226,-64.49222564697266,0.0,1750.3414624093327
68,1784268971.063656,,7.200000000000002,,5.599999999999999,,7.200000000000002,,1.9800000000000002,,2.82,0.0,0.0,0.0,0.0,11173888,5927,11383,341,-48.885445,0.010445905604865403,0.0034418607901898213,-2.7194381088018416,0,0.0,0.0,0.0,,,3.3161429752859144,0,0,0.0,-45.198254,-45.1982536315918,0.0,706.8180405071714
69,1784269212.1808798,,7.200000000000002,,5.599999999999999,,7.200000000000002,,1.9800000000000002,,2.82,0.0,0.0,0.0,0.0,11337728,6015,11551,346,-52.776802,0.007786014016892296,0.0030884385872923304,-2.7508300453424455,0,0.0,0.0,0.0,,,3.321468368058769,0,0,0.0,-33.71442,-33.714420318603516,0.0,679.5034995305386
70,1784269445.046596,,7.200000000000002,,5.599999999999999,,7.200000000000002,,1.9800000000000002,,2.82,0.0,0.0,0.0,0.0,11501568,6105,11721,351,-30.30923,0.005856923520332203,0.0021389798959717153,-2.7845650643110273,0,0.0,0.0,0.0,,,3.1574131922122257,0,0,0.0,-32.50538,-32.50537872314453,0.0,703.5815200666582
71,1784269655.4204454,,7.200000000000002,,5.599999999999999,,7.200000000000002,,1.9800000000000002,,2.82,0.0,0.0,0.0,0.0,11665408,6197,11893,356,-35.558487,0.010218042126507499,0.002559037222818006,-2.8354819804430007,0,0.0,0.0,0.0,,,3.2918873113925513,0,0,0.0,-55.292725,-55.292724609375,0.0,778.804035475735
72,1784269863.9211454,,7.200000000000002,,5.599999999999999,,7.200000000000002,,1.9800000000000002,,2.82,0.0,0.0,0.0,0.0,11829248,6286,12062,361,-51.593544,0.012268263267469593,0.0026279701400198975,-2.8671723023056983,0,0.0,0.0,0.0,,,3.2710735893751433,0,0,0.0,-55.226196,-55.2261962890625,0.0,785.8006572366994
73,1784270092.7449613,,7.200000000000002,,5.599999999999999,,7.200000000000002,,1.9800000000000002,,2.82,0.0,0.0,0.0,0.0,11993088,6380,12236,366,-32.681145,0.010702537126780954,0.0005336795351468026,-2.8936347648501397,0,0.0,0.0,0.0,,,3.026817531954628,0,0,0.0,-46.350487,-46.350486755371094,0.0,716.0093847468219
74,1784270314.0347755,,7.200000000000002,,5.599999999999999,,7.200000000000002,,1.9800000000000002,,2.82,0.0,0.0,0.0,0.0,12156928,6470,12406,371,-29.292599,0.007730091284611262,0.0019311094452859833,-2.9004859432578085,0,0.0,0.0,0.0,,,3.2343780166587437,0,0,0.0,-31.891575,-31.89157485961914,0.0,740.3865250688466
75,1784270512.0938525,,7.200000000000002,,5.599999999999999,,7.200000000000002,,1.9800000000000002,,2.82,0.0,0.0,0.0,0.0,12320768,6559,12575,376,-59.083782,0.013068706780904904,0.0006758851683116518,-2.9485720962285997,0,0.0,0.0,0.0,,,3.5706671535649037,0,0,0.0,-84.68996,-84.68995666503906,0.0,827.2279215845815
76,1784270732.4008226,,7.200000000000002,,5.599999999999999,,7.200000000000002,,1.9800000000000002,,2.82,0.0,0.0,0.0,0.0,12484608,6659,12755,381,-53.00434,0.01164903884055093,0.0023730995642836207,-2.9457981318235396,0,0.0,0.0,0.0,,,3.416070420150666,0,0,0.0,-34.569157,-34.569156646728516,0.0,743.6895999107782
77,1784270943.0046945,,7.200000000000002,,5.599999999999999,,7.200000000000002,,1.9800000000000002,,2.82,0.0,0.0,0.0,0.0,12648448,6767,12943,386,-56.566437,0.015285913320258259,0.002650532611005474,-2.950480480492115,0,0.0,0.0,0.0,,,3.5445307383847386,0,0,0.0,-53.27888,-53.27888107299805,0.0,777.9534460537686
78,1784271153.2566514,,7.200000000000002,,5.599999999999999,,7.200000000000002,,1.9800000000000002,,2.82,0.0,0.0,0.0,0.0,12812288,6852,13108,391,-22.149311,0.004400493814318907,0.0013562007021391763,-3.0157139629125593,0,0.0,0.0,0.0,,,3.792207279242183,0,0,0.0,-55.60628,-55.60628128051758,0.0,779.2554907226472
79,1784271375.7036388,,7.200000000000002,,5.599999999999999,,7.200000000000002,,1.9800000000000002,,2.82,0.0,0.0,0.0,0.0,12976128,6953,13289,396,-47.64012,0.007621637992269825,0.003213683288777247,-3.027131602168083,0,0.0,0.0,0.0,,,3.7293411639570238,0,0,0.0,-30.722168,-30.72216796875,0.0,736.5350622101832
80,1784271586.3588355,,7.200000000000002,,5.599999999999999,,7.200000000000002,,1.9800000000000002,,2.82,0.0,0.0,0.0,0.0,13139968,7046,13462,401,-67.46547,0.013144595830817707,0.0025163322061416693,-3.0851728677749635,0,0.0,0.0,0.0,,,3.5054802656282122,0,0,0.0,-61.53823,-61.538230895996094,0.0,777.7638408898679
81,1784271792.72799,,7.200000000000002,,5.599999999999999,,7.200000000000002,,1.9800000000000002,,2.82,0.0,0.0,0.0,0.0,13303808,7142,13638,406,-28.893742,0.008738169969001319,0.0018389282340649515,-3.119467507302761,0,0.0,0.0,0.0,,,3.6767089606333414,0,0,0.0,-53.97992,-53.97991943359375,0.0,793.9170939374142
82,1784271999.7517686,,7.200000000000002,,5.599999999999999,,7.200000000000002,,1.9800000000000002,,2.82,0.0,0.0,0.0,0.0,13467648,7232,13808,411,-44.149063,0.008306288163294085,0.0027187898696865885,-3.1868151262402535,0,0.0,0.0,0.0,,,4.584305270807308,0,0,0.0,-53.19414,-53.19414138793945,0.0,791.4066982628033
83,1784272208.0076177,,7.200000000000002,,5.599999999999999,,7.200000000000002,,1.9800000000000002,,2.82,0.0,0.0,0.0,0.0,13631488,7320,13976,416,-42.582333,0.008122930614626966,0.0037959252862492577,-3.271387016773224,0,0.0,0.0,0.0,,,4.297539745411104,0,0,0.0,-55.92927,-55.92927169799805,0.0,786.724603150088
84,1784272435.8091831,,7.200000000000002,,5.599999999999999,,7.200000000000002,,1.9800000000000002,,2.82,0.0,0.0,0.0,0.0,13795328,7415,14151,421,-29.075857,0.007341003287001513,0.0033184106476255694,-3.3152009010314942,0,0.0,0.0,0.0,,,4.703321571379052,0,0,0.0,-31.61004,-31.61004066467285,0.0,719.222436695508
85,1784272670.6907163,,7.200000000000002,,5.599999999999999,,7.200000000000002,,1.9800000000000002,,2.82,0.0,0.0,0.0,0.0,13959168,7500,14316,426,-35.50332,0.006146356048702728,0.0027680112165398897,-3.3900373056530952,0,0.0,0.0,0.0,,,4.102652499334678,0,0,0.0,-30.783585,-30.783584594726562,0.0,697.543130544282
86,1784272907.565579,,7.200000000000002,,5.599999999999999,,7.200000000000002,,1.9800000000000002,,2.82,0.0,0.0,0.0,0.0,14123008,7590,14486,431,-39.24256,0.0074024072746397,0.003551754981162958,-3.45362738519907,0,0.0,0.0,0.0,,,4.4778751307424995,0,0,0.0,-14.38785,-14.387849807739258,0.0,691.6732453817557
87,1784273148.3079216,,7.200000000000002,,5.599999999999999,,7.200000000000002,,1.9800000000000002,,2.82,0.0,0.0,0.0,0.0,14286848,7673,14649,436,-31.736567,0.006255633968976326,0.0031632479862309993,-3.4749042227864266,0,0.0,0.0,0.0,,,4.238094152079787,0,0,0.0,-17.86721,-17.867210388183594,0.0,680.5615994487376
88,1784273368.6958265,,7.200000000000002,,5.599999999999999,,7.200000000000002,,1.9800000000000002,,2.82,0.0,0.0,0.0,0.0,14450688,7753,14809,441,-20.982655,0.0035367787779250646,0.005605945315619465,-3.544941806793213,0,0.0,0.0,0.0,,,4.694012736232961,0,0,0.0,-23.177797,-23.177797317504883,0.0,743.4164650318721
89,1784273584.035842,,7.200000000000002,,5.599999999999999,,7.200000000000002,,1.9800000000000002,,2.82,0.0,0.0,0.0,0.0,14614528,7836,14972,446,-35.305073,0.005490237606863957,0.0036697998672025277,-3.5881401121616365,0,0.0,0.0,0.0,,,4.338722753033341,0,0,0.0,-44.94058,-44.94057846069336,0.0,760.8432625660964
90,1784273802.0961223,,7.200000000000002,,5.599999999999999,,7.200000000000002,,1.9800000000000002,,2.82,0.0,0.0,0.0,0.0,14778368,7919,15135,451,-36.056053,0.006057555896404665,0.004891581308038439,-3.6180009871721266,0,0.0,0.0,0.0,,,4.251625752101704,0,0,0.0,-30.345545,-30.345544815063477,0.0,751.3519061229522
91,1784274027.0853484,,7.200000000000002,,5.599999999999999,,7.200000000000002,,1.9800000000000002,,2.82,0.0,0.0,0.0,0.0,14942208,8005,15301,456,-41.34817,0.006648930942174047,0.0021756610381999052,-3.637944442033768,0,0.0,0.0,0.0,,,4.171360360929291,0,0,0.0,-19.778671,-19.778671264648438,0.0,728.2126146102258
92,1784274122.6095095,,7.200000000000002,,5.599999999999999,,7.200000000000002,,1.9800000000000002,,2.82,0.0,0.0,0.0,0.0,15106048,8091,15467,461,-27.300852,0.00473147434531711,0.0030035244410100857,-3.660370020568371,0,0.0,0.0,0.0,,,4.551503335568144,0,0,0.0,-82.90734,-82.90734100341797,0.0,1715.1681571834847
93,1784274218.0114632,,7.200000000000002,,5.599999999999999,,7.200000000000002,,1.9800000000000002,,2.82,0.0,0.0,0.0,0.0,15269888,8180,15636,466,-33.026245,0.010367531589872669,0.0029414077376713975,-3.7055466681718827,0,0.0,0.0,0.0,,,4.0334210049391555,0,0,0.0,-44.98905,-44.989051818847656,0.0,1717.365426023778
94,1784274315.0259514,,7.200000000000002,,5.599999999999999,,7.200000000000002,,1.9800000000000002,,2.82,0.0,0.0,0.0,0.0,15433728,8281,15817,471,-74.03811,0.014616957172984257,0.003368743005557917,-3.7150181785225866,0,0.0,0.0,0.0,,,4.628692112164399,0,0,0.0,-29.862194,-29.862194061279297,0.0,1688.8200915699897
95,1784274413.8984256,,7.200000000000002,,5.599999999999999,,7.200000000000002,,1.9800000000000002,,2.82,0.0,0.0,0.0,0.0,15597568,8371,15987,476,-60.4461,0.011747992417076603,0.0050957339990418404,-3.804999916255474,0,0.0,0.0,0.0,,,5.073353338459377,0,0,0.0,-28.624725,-28.624725341796875,0.0,1657.083173805748
96,1784274512.222139,,7.200000000000002,,5.599999999999999,,7.200000000000002,,1.9800000000000002,,2.82,0.0,0.0,0.0,0.0,15761408,8458,16154,481,-37.06333,0.010133137591765262,0.003041663194017019,-3.865560029447079,0,0.0,0.0,0.0,,,4.894309462363391,0,0,0.0,-27.910946,-27.910945892333984,0.0,1666.3330207047043
97,1784274610.0888767,,7.200000000000002,,5.599999999999999,,7.200000000000002,,1.9800000000000002,,2.82,0.0,0.0,0.0,0.0,15925248,8541,16317,486,-53.541084,0.007707643778121565,0.004895617070724256,-3.8827661007642744,0,0.0,0.0,0.0,,,4.478458890601949,0,0,0.0,-50.542976,-50.54297637939453,0.0,1674.113088844423
98,1784274698.873682,,7.200000000000002,,5.599999999999999,,7.200000000000002,,1.9800000000000002,,2.82,0.0,0.0,0.0,0.0,16089088,8628,16484,491,-37.396965,0.00873266952985432,0.003474174403527286,-3.9023348942399023,0,0.0,0.0,0.0,,,3.9838680384304155,0,0,0.0,-38.60605,-38.606048583984375,0.0,1845.360985258496
99,1784274780.8158326,,7.200000000000002,,5.599999999999999,,7.200000000000002,,1.9800000000000002,,2.82,0.0,0.0,0.0,0.0,16252928,8711,16647,496,-50.08674,0.009886495952378027,0.001956013249582611,-3.8908322140574456,0,0.0,0.0,0.0,,,3.911550867274658,0,0,0.0,-35.839504,-35.83950424194336,0.0,1999.4589582669985
100,1784274864.67916,,7.200000000000002,,5.599999999999999,,7.200000000000002,,1.9800000000000002,,2.82,0.0,0.0,0.0,0.0,16416768,8802,16818,501,-68.48918,0.017527253995649517,0.00543323602178134,-3.865540462732315,0,0.0,0.0,0.0,,,4.583422802648186,0,0,0.0,-28.349874,-28.34987449645996,0.0,1953.655148665727
101,1784274948.5245118,,7.200000000000002,,5.599999999999999,,7.200000000000002,,1.9800000000000002,,2.82,0.0,0.0,0.0,0.0,16580608,8886,16982,506,-20.866426,0.004895626019424526,0.002718727408500854,-3.9395436480641366,0,0.0,0.0,0.0,,,4.4935350765515825,0,0,0.0,-46.376884,-46.37688446044922,0.0,1954.0743308209874
102,1784275031.8500285,,7.200000000000002,,5.599999999999999,,7.200000000000002,,1.9800000000000002,,2.82,0.0,0.0,0.0,0.0,16744448,8970,17146,511,-38.051914,0.006677513565227855,0.002123915009724442,-4.026424491405487,0,0.0,0.0,0.0,,,4.433832689106089,0,0,0.0,-35.138165,-35.13816452026367,0.0,1966.2642009670094
103,1784275115.3273423,,7.200000000000002,,5.599999999999999,,7.200000000000002,,1.9800000000000002,,2.82,0.0,0.0,0.0,0.0,16908288,9054,17310,516,-49.14221,0.006650455114140641,0.002341042904299684,-4.045251649618149,0,0.0,0.0,0.0,,,4.581483363630282,0,0,0.0,-29.383839,-29.383838653564453,0.0,1962.6890713576172
104,1784275288.982635,,7.200000000000002,,5.599999999999999,,7.200000000000002,,1.9800000000000002,,2.82,0.0,0.0,0.0,0.0,17072128,9141,17477,521,-26.094845,0.00727243727305904,0.0059709898341679946,-4.049958819150925,0,0.0,0.0,0.0,,,6.0052488095245495,0,0,0.0,-48.54491,-48.5449104309082,0.0,943.4782593538919
105,1784275488.421536,,7.200000000000002,,5.599999999999999,,7.200000000000002,,1.9800000000000002,,2.82,0.0,0.0,0.0,0.0,17235968,9223,17639,526,-19.603556,0.003571655135601759,0.005702927932725288,-4.09318722486496,0,0.0,0.0,0.0,,,5.710733336515706,0,0,0.0,-36.31301,-36.313011169433594,0.0,821.5047016117915
106,1784275678.6848347,,7.200000000000002,,5.599999999999999,,7.200000000000002,,1.9800000000000002,,2.82,0.0,0.0,0.0,0.0,17399808,9312,17808,531,-43.49735,0.012172959082818124,0.005777132924413309,-4.130212503671646,0,0.0,0.0,0.0,,,4.96844218072634,0,0,0.0,-82.630585,-82.63058471679688,0.0,861.1224561032398
107,1784275869.4992871,,7.200000000000002,,5.599999999999999,,7.200000000000002,,1.9800000000000002,,2.82,0.0,0.0,0.0,0.0,17563648,9394,17970,536,-27.134699,0.007728556654183194,0.00394536517560482,-4.127562695741654,0,0.0,0.0,0.0,,,4.807466915771462,0,0,0.0,-26.554987,-26.55498695373535,0.0,858.635207067641
108,1784276050.2269745,,7.200000000000002,,5.599999999999999,,7.200000000000002,,1.9800000000000002,,2.82,0.0,0.0,0.0,0.0,17727488,9477,18133,541,-18.008165,0.004354700410476653,0.00392522952897707,-4.141923949122429,0,0.0,0.0,0.0,,,5.346586466126649,0,0,0.0,-54.851147,-54.85114669799805,0.0,906.5573023734925
109,1784276240.1591763,,7.200000000000002,,5.599999999999999,,7.200000000000002,,1.9800000000000002,,2.82,0.0,0.0,0.0,0.0,17891328,9567,18303,546,-56.137703,0.016808932163985445,0.004231422836892307,-4.159798064827919,0,0.0,0.0,0.0,,,5.313229820942285,0,0,0.0,-26.571941,-26.571941375732422,0.0,862.6235899183833
110,1784276435.6470938,,7.200000000000002,,5.599999999999999,,7.200000000000002,,1.9800000000000002,,2.82,0.0,0.0,0.0,0.0,18055168,9652,18468,551,-15.244435,0.010826745320810006,0.0032037959128501823,-4.253307935595513,0,0.0,0.0,0.0,,,3.8415481058244856,0,0,0.0,-40.828926,-40.82892608642578,0.0,838.1080477214307
111,1784276632.2152278,,7.200000000000002,,5.599999999999999,,7.200000000000002,,1.9800000000000002,,2.82,0.0,0.0,0.0,0.0,18219008,9737,18633,556,-14.985464,0.0059268720986437986,0.002906135201919824,-4.283707144856453,0,0.0,0.0,0.0,,,4.138992932953209,0,0,0.0,-38.916893,-38.916893005371094,0.0,833.5023527927943
112,1784276837.9152687,,7.200000000000002,,5.599999999999999,,7.200000000000002,,1.9800000000000002,,2.82,0.0,0.0,0.0,0.0,18382848,9818,18794,561,-13.329816,0.0030419267757679338,0.003941331595706287,-4.332490608096123,0,0.0,0.0,0.0,,,5.703041874924398,0,0,0.0,-23.732506,-23.732505798339844,0.0,796.4995768145294
113,1784277057.2928135,,7.200000000000002,,5.599999999999999,,7.200000000000002,,1.9800000000000002,,2.82,0.0,0.0,0.0,0.0,18546688,9899,18955,566,-20.204721,0.0035592718144471292,0.006973289929737803,-4.406524384021759,0,0.0,0.0,0.0,,,5.784323787964607,0,0,0.0,-3.7619152,-3.7619152069091797,0.0,746.8403183740718
114,1784277256.7160676,,7.200000000000002,,5.599999999999999,,7.200000000000002,,1.9800000000000002,,2.82,0.0,0.0,0.0,0.0,18710528,9983,19119,571,-34.7958,0.010358753745094873,0.004080292108119466,-4.42352423965931,0,0.0,0.0,0.0,,,5.080086216966012,0,0,0.0,-53.923653,-53.92365264892578,0.0,821.5697089747924
115,1784277449.925509,,7.200000000000002,,5.599999999999999,,7.200000000000002,,1.9800000000000002,,2.82,0.0,0.0,0.0,0.0,18874368,10070,19286,576,-41.700287,0.009453540563117712,0.005690403950575273,-4.434755808115005,0,0.0,0.0,0.0,,,5.106556759300991,0,0,0.0,-53.01825,-53.01824951171875,0.0,847.991296556793
116,1784277651.5612628,,7.200000000000002,,5.599999999999999,,7.200000000000002,,1.9800000000000002,,2.82,0.0,0.0,0.0,0.0,19038208,10158,19454,581,-41.44099,0.009548274299595505,0.0030366431252332403,-4.503266510367394,0,0.0,0.0,0.0,,,4.483588250450732,0,0,0.0,-33.895195,-33.89519500732422,0.0,812.5542077791403
117,1784277863.4498239,,7.200000000000002,,5.599999999999999,,7.200000000000002,,1.9800000000000002,,2.82,0.0,0.0,0.0,0.0,19202048,10243,19619,586,-21.972065,0.0033394490092177875,0.007274165019043721,-4.524391600489617,0,0.0,0.0,0.0,,,5.63607500415978,0,0,0.0,-4.0380626,-4.038062572479248,0.0,773.2366083116755
118,1784278070.713622,,7.200000000000002,,5.599999999999999,,7.200000000000002,,1.9800000000000002,,2.82,0.0,0.0,0.0,0.0,19365888,10326,19782,591,-35.12018,0.006078569382952992,0.005833844261360355,-4.519552853703499,0,0.0,0.0,0.0,,,4.780569262868537,0,0,0.0,-6.8912864,-6.891286373138428,0.0,790.4902293382835
119,1784278262.6264014,,7.200000000000002,,5.599999999999999,,7.200000000000002,,1.9800000000000002,,2.82,0.0,0.0,0.0,0.0,19529728,10409,19945,596,-44.31332,0.0059736422204878185,0.006388898759905714,-4.551090344786644,0,0.0,0.0,0.0,,,5.321107973171388,0,0,0.0,-50.795673,-50.79567337036133,0.0,853.7211369262072
120,1784278455.6401904,,7.200000000000002,,5.599999999999999,,7.200000000000002,,1.9800000000000002,,2.82,0.0,0.0,0.0,0.0,19693568,10513,20129,601,-40.888954,0.009176627756096423,0.00465784026455367,-4.596118855476379,0,0.0,0.0,0.0,,,5.448607767716096,0,0,0.0,-36.214794,-36.21479415893555,0.0,848.8512467560906
121,1784278655.4749641,,7.200000000000002,,5.599999999999999,,7.200000000000002,,1.9800000000000002,,2.82,0.0,0.0,0.0,0.0,19857408,10611,20307,606,-32.022606,0.0036670718720415605,0.003249037859495729,-4.60970715880394,0,0.0,0.0,0.0,,,5.7943813427551465,0,0,0.0,-2.6113896,-2.611389636993408,0.0,819.8773532145105
122,1784278852.0976796,,7.200000000000002,,5.599999999999999,,7.200000000000002,,1.9800000000000002,,2.82,0.0,0.0,0.0,0.0,20021248,10696,20472,611,-37.472847,0.0038646125904051587,0.006803080608369783,-4.641079390048981,0,0.0,0.0,0.0,,,6.246212251482558,0,0,0.0,-38.204826,-38.20482635498047,0.0,833.2709515814765
123,1784279055.0315547,,7.200000000000002,,5.599999999999999,,7.200000000000002,,1.9800000000000002,,2.82,0.0,0.0,0.0,0.0,20185088,10783,20639,616,-42.545326,0.004509955359390005,0.0035125568698276765,-4.608506926894188,0,0.0,0.0,0.0,,,5.1916931502548405,0,0,0.0,-39.074684,-39.074684143066406,0.0,807.3567283088497
124,1784279258.6585612,,7.200000000000002,,5.599999999999999,,7.200000000000002,,1.9800000000000002,,2.82,0.0,0.0,0.0,0.0,20348928,10887,20823,621,-18.612307,0.0082502594566904,0.0028902987905894406,-4.570307749509811,0,0.0,0.0,0.0,,,4.765911526156126,0,0,0.0,-28.742123,-28.742122650146484,0.0,804.6082603021422
125,1784279460.4963498,,7.200000000000002,,5.599999999999999,,7.200000000000002,,1.9800000000000002,,2.82,0.0,0.0,0.0,0.0,20512768,10981,20997,626,-19.482283,0.006040599037078209,0.005040025105699897,-4.599049434065819,0,0.0,0.0,0.0,,,5.856738071230937,0,0,0.0,-42.942486,-42.94248580932617,0.0,811.7409705020892
126,1784279669.719352,,7.200000000000002,,5.599999999999999,,7.200000000000002,,1.9800000000000002,,2.82,0.0,0.0,0.0,0.0,20676608,11063,21159,631,-9.225892,0.0031798871386854444,0.0035338046291144565,-4.6593223214149475,0,0.0,0.0,0.0,,,5.339221159263092,0,0,0.0,-3.5339952,-3.5339951515197754,0.0,783.0879503897821
127,1784279874.3237,,7.200000000000002,,5.599999999999999,,7.200000000000002,,1.9800000000000002,,2.82,0.0,0.0,0.0,0.0,20840448,11143,21319,636,-4.819585,0.003290574718994321,0.006444057659246027,-4.693015623092651,0,0.0,0.0,0.0,,,6.577311557389498,0,0,0.0,-23.045107,-23.045106887817383,0.0,800.7652528279223
128,1784280078.821693,,7.200000000000002,,5.599999999999999,,7.200000000000002,,1.9800000000000002,,2.82,0.0,0.0,0.0,0.0,21004288,11224,21480,641,-33.482048,0.0036675421724794433,0.004228463131585159,-4.7503728657960895,0,0.0,0.0,0.0,,,5.354890512111986,0,0,0.0,-25.459324,-25.45932388305664,0.0,801.1811365970835
129,1784280290.6437001,,7.200000000000002,,5.599999999999999,,7.200000000000002,,1.9800000000000002,,2.82,0.0,0.0,0.0,0.0,21168128,11304,21640,646,-16.275955,0.003126034399610944,0.005120486789382994,-4.793618255853653,0,0.0,0.0,0.0,,,5.936171369212818,0,0,0.0,-7.61098,-7.610980033874512,0.0,773.4795964510952
130,1784280373.850052,,7.200000000000002,,5.599999999999999,,7.200000000000002,,1.9800000000000002,,2.82,0.0,0.0,0.0,0.0,21331968,11387,21803,651,-18.679464,0.006987565490271663,0.005208723858231679,-4.852100566029549,0,0.0,0.0,0.0,,,5.111838788655285,0,0,0.0,-30.291775,-30.29177474975586,0.0,1969.08040068134
131,1784280461.7618873,,7.200000000000002,,5.599999999999999,,7.200000000000002,,1.9800000000000002,,2.82,0.0,0.0,0.0,0.0,21495808,11479,21975,656,-44.682655,0.009299791585362982,0.004414033639477566,-4.913201713562012,0,0.0,0.0,0.0,,,5.2521272149308365,0,0,0.0,-20.83144,-20.831439971923828,0.0,1863.6854787498125
132,1784280550.73572,,7.200000000000002,,5.599999999999999,,7.200000000000002,,1.9800000000000002,,2.82,0.0,0.0,0.0,0.0,21659648,11563,22139,661,-57.14972,0.01227947564329952,0.002817597589455545,-4.959618666768074,0,0.0,0.0,0.0,,,5.020462935808037,0,0,0.0,-16.9916,-16.991600036621094,0.0,1841.4402314956433
133,1784280635.6080496,,7.200000000000002,,5.599999999999999,,7.200000000000002,,1.9800000000000002,,2.82,0.0,0.0,0.0,0.0,21823488,11647,22303,666,-12.395034,0.005458036127674859,0.005939887504791841,-5.020055070519447,0,0.0,0.0,0.0,,,6.470068297935488,0,0,0.0,-28.460957,-28.460956573486328,0.0,1930.4287377060818
134,1784280720.4784014,,7.200000000000002,,5.599999999999999,,7.200000000000002,,1.9800000000000002,,2.82,0.0,0.0,0.0,0.0,21987328,11728,22464,671,-27.436031,0.005033264880330535,0.0038607672875514256,-5.047239989042282,0,0.0,0.0,0.0,,,6.23937156057568,0,0,0.0,-24.097599,-24.097599029541016,0.0,1930.4740628352247
135,1784280809.8721585,,7.200000000000002,,5.599999999999999,,7.200000000000002,,1.9800000000000002,,2.82,0.0,0.0,0.0,0.0,22151168,11808,22624,676,-5.8914275,0.0026282926126441454,0.005942694463010411,-5.104002964496613,0,0.0,0.0,0.0,,,6.205090746519987,0,0,0.0,-8.045538,-8.045537948608398,0.0,1832.7902499505115
136,1784280892.7483835,,7.200000000000002,,5.599999999999999,,7.200000000000002,,1.9800000000000002,,2.82,0.0,0.0,0.0,0.0,22315008,11888,22784,681,-9.253043,0.0034017740515992047,0.007671757217030973,-5.135539111495018,0,0.0,0.0,0.0,,,6.569516589137505,0,0,0.0,-48.392326,-48.39232635498047,0.0,1976.9236349528157
137,1784280974.8984919,,7.200000000000002,,5.599999999999999,,7.200000000000002,,1.9800000000000002,,2.82,0.0,0.0,0.0,0.0,22478848,11968,22944,686,-4.802284,0.0025144566963717805,0.007016333607316483,-5.167184856534004,0,0.0,0.0,0.0,,,6.914445186839989,0,0,0.0,-31.781437,-31.781436920166016,0.0,1994.3982637795982
138,1784281058.6016395,,7.200000000000002,,5.599999999999999,,7.200000000000002,,1.9800000000000002,,2.82,0.0,0.0,0.0,0.0,22642688,12048,23104,691,-3.359895,0.0025909959513228387,0.007253149252210278,-5.231047609448433,0,0.0,0.0,0.0,,,6.8241303905556645,0,0,0.0,-22.333126,-22.333126068115234,0.0,1957.395799014893
139,1784281148.5360546,,7.200000000000002,,5.599999999999999,,7.200000000000002,,1.9800000000000002,,2.82,0.0,0.0,0.0,0.0,22806528,12129,23265,696,-17.96468,0.004135583416791632,0.008839780432754196,-5.224122536182404,0,0.0,0.0,0.0,,,6.978765688879273,0,0,0.0,-1.6552229,-1.6552228927612305,0.0,1821.7697925268617
140,1784281247.28374,,7.200000000000002,,5.599999999999999,,7.200000000000002,,1.9800000000000002,,2.82,0.0,0.0,0.0,0.0,22970368,12209,23425,701,-10.444071,0.0023153281945269555,0.0067072972218738865,-5.27077583372593,0,0.0,0.0,0.0,,,6.394055377580108,0,0,0.0,-7.8970423,-7.897042274475098,0.0,1659.1782850542193
141,1784281342.9012742,,7.200000000000002,,5.599999999999999,,7.200000000000002,,1.9800000000000002,,2.82,0.0,0.0,0.0,0.0,23134208,12289,23585,706,-12.255678,0.0032755497901234775,0.0038735719310352577,-5.277011346817017,0,0.0,0.0,0.0,,,7.233016264171941,0,0,0.0,-6.0399675,-6.0399675369262695,0.0,1713.4933606414525
142,1784281484.7204072,,7.200000000000002,,5.599999999999999,,7.200000000000002,,1.9800000000000002,,2.82,0.0,0.0,0.0,0.0,23298048,12369,23745,711,-13.426511,0.003474348326562904,0.006884481536690146,-5.320950645208359,0,0.0,0.0,0.0,,,6.58803456918252,0,0,0.0,-24.808107,-24.808107376098633,0.0,1155.274155355343
143,1784281693.6661634,,7.200000000000002,,5.599999999999999,,7.200000000000002,,1.9800000000000002,,2.82,0.0,0.0,0.0,0.0,23461888,12449,23905,716,-3.63322,0.0030300458856800105,0.008970868498727214,-5.378204563260079,0,0.0,0.0,0.0,,,7.290376364034282,0,0,0.0,-2.632028,-2.632028102874756,0.0,784.1270344880414
144,1784281902.5764172,,7.200000000000002,,5.599999999999999,,7.200000000000002,,1.9800000000000002,,2.82,0.0,0.0,0.0,0.0,23625728,12529,24065,721,-4.246133,0.0029654338912223467,0.005216801923234015,-5.416050651669503,0,0.0,0.0,0.0,,,6.66008821404387,0,0,0.0,-22.707787,-22.707786560058594,0.0,784.2601658415083
145,1784282102.5234096,,7.200000000000002,,5.599999999999999,,7.200000000000002,,1.9800000000000002,,2.82,0.0,0.0,0.0,0.0,23789568,12610,24226,726,-4.6528425,0.0040310553835297466,0.006125856633298099,-5.422944664955139,0,0.0,0.0,0.0,,,6.497906022988897,0,0,0.0,-29.411505,-29.4115047454834,0.0,819.417191601182
146,1784282303.1161098,,7.200000000000002,,5.599999999999999,,7.200000000000002,,1.9800000000000002,,2.82,0.0,0.0,0.0,0.0,23953408,12691,24387,731,-14.3441515,0.002449910613358952,0.007541567360749468,-5.459032273292541,0,0.0,0.0,0.0,,,7.0937808858230555,0,0,0.0,-28.542303,-28.54230308532715,0.0,816.7794858644553
147,1784282493.7825623,,7.200000000000002,,5.599999999999999,,7.200000000000002,,1.9800000000000002,,2.82,0.0,0.0,0.0,0.0,24117248,12772,24548,736,-14.95434,0.004338109209493268,0.0045721537244389765,-5.459478506445885,0,0.0,0.0,0.0,,,7.373722981350295,0,0,0.0,-32.26528,-32.265281677246094,0.0,859.3016419352723
148,1784282687.8285816,,7.200000000000002,,5.599999999999999,,7.200000000000002,,1.9800000000000002,,2.82,0.0,0.0,0.0,0.0,24281088,12853,24709,741,-10.703276,0.0034756344874040225,0.0050702965672826394,-5.506143736839294,0,0.0,0.0,0.0,,,6.8420733481338285,0,0,0.0,-38.04882,-38.04882049560547,0.0,844.3357898875521
149,1784282900.842182,,7.200000000000002,,5.599999999999999,,7.200000000000002,,1.9800000000000002,,2.82,0.0,0.0,0.0,0.0,24444928,12934,24870,746,-18.658686,0.003184087029512739,0.00447376110823825,-5.549842792749405,0,0.0,0.0,0.0,,,6.8253871369288674,0,0,0.0,1.1617485,1.1617485284805298,0.0,769.1527443012698
150,1784283120.1086762,,7.200000000000002,,5.599999999999999,,7.200000000000002,,1.9800000000000002,,2.82,0.0,0.0,0.0,0.0,24608768,13014,25030,751,-12.279707,0.003160995063808514,0.005923543902463279,-5.5474923402071,0,0.0,0.0,0.0,,,7.031194083713373,0,0,0.0,-1.2402519,-1.240251898765564,0.0,747.2186117103854
151,1784283311.571338,,7.200000000000002,,5.599999999999999,,7.200000000000002,,1.9800000000000002,,2.82,0.0,0.0,0.0,0.0,24772608,13094,25190,756,-4.278535,0.0033840233692899345,0.005848952043015743,-5.568049970269203,0,0.0,0.0,0.0,,,6.846316261792739,0,0,0.0,-43.86654,-43.866539001464844,0.0,855.7281723252922
152,1784283502.0103657,,7.200000000000002,,5.599999999999999,,7.200000000000002,,1.9800000000000002,,2.82,0.0,0.0,0.0,0.0,24936448,13175,25351,761,-2.2145162,0.004294284272327786,0.006658074381994084,-5.5924353182315825,0,0.0,0.0,0.0,,,6.305819546177574,0,0,0.0,-17.75533,-17.755329132080078,0.0,860.3278713918486
153,1784283694.770927,,7.200000000000002,,5.599999999999999,,7.200000000000002,,1.9800000000000002,,2.82,0.0,0.0,0.0,0.0,25100288,13255,25511,766,-11.158944,0.0035988900177471804,0.006217718504194636,-5.588184431195259,0,0.0,0.0,0.0,,,6.956181359921155,0,0,0.0,-18.126755,-18.126754760742188,0.0,849.9664299914208
154,1784283901.727807,,7.200000000000002,,5.599999999999999,,7.200000000000002,,1.9800000000000002,,2.82,0.0,0.0,0.0,0.0,25264128,13337,25673,771,-6.6017504,0.004231015884579392,0.007106228564225603,-5.590408381819725,0,0.0,0.0,0.0,,,6.9132033844307275,0,0,0.0,-5.5007887,-5.500788688659668,0.0,791.6624713735442
155,1784284111.7072816,,7.200000000000002,,5.599999999999999,,7.200000000000002,,1.9800000000000002,,2.82,0.0,0.0,0.0,0.0,25427968,13417,25833,776,-2.017631,0.0033639034401858224,0.00958021317201201,-5.559569552540779,0,0.0,0.0,0.0,,,7.5985665044130615,0,0,0.0,0.51399577,0.5139957666397095,0.0,780.2667481603366
156,1784284319.4263022,,7.200000000000002,,5.599999999999999,,7.200000000000002,,1.9800000000000002,,2.82,0.0,0.0,0.0,0.0,25591808,13498,25994,781,-5.9329333,0.00341362280305475,0.004129784507676959,-5.546647855639458,0,0.0,0.0,0.0,,,6.556144938254583,0,0,0.0,-0.98350513,-0.983505129814148,0.0,788.7577820509089
157,1784284532.609602,,7.200000000000002,,5.599999999999999,,7.200000000000002,,1.9800000000000002,,2.82,0.0,0.0,0.0,0.0,25755648,13578,26154,786,-4.01295,0.0036710053616843654,0.005542198540933896,-5.5667091518640515,0,0.0,0.0,0.0,,,6.452032893015492,0,0,0.0,-5.2437615,-5.2437615394592285,0.0,768.5405759836998
158,1784284745.675236,,7.200000000000002,,5.599999999999999,,7.200000000000002,,1.9800000000000002,,2.82,0.0,0.0,0.0,0.0,25919488,13659,26315,791,1.6617749,0.0029472893413185373,0.006553992845874745,-5.5638278186321255,0,0.0,0.0,0.0,,,7.258394462001417,0,0,0.0,-4.3963575,-4.396357536315918,0.0,768.9648502059788
159,1784284965.3865795,,7.200000000000002,,5.599999999999999,,7.200000000000002,,1.9800000000000002,,2.82,0.0,0.0,0.0,0.0,26083328,13740,26476,796,-24.817616,0.0028118033609644045,0.008618906835909,-5.627525013685227,0,0.0,0.0,0.0,,,7.331283261269538,0,0,0.0,-12.139587,-12.13958740234375,0.0,745.7056904904795
160,1784285178.8430984,,7.200000000000002,,5.599999999999999,,7.200000000000002,,1.9800000000000002,,2.82,0.0,0.0,0.0,0.0,26247168,13820,26636,801,-2.1326842,0.0022547800370375628,0.006193236942635849,-5.631490576267242,0,0.0,0.0,0.0,,,7.490423295085191,0,0,0.0,-1.832024,-1.8320239782333374,0.0,767.5567879599467
161,1784285396.2399015,,7.200000000000002,,5.599999999999999,,7.200000000000002,,1.9800000000000002,,2.82,0.0,0.0,0.0,0.0,26411008,13900,26796,806,-9.736719,0.0033917818866029846,0.005704717000480741,-5.660317584872246,0,0.0,0.0,0.0,,,7.017623162325018,0,0,0.0,3.2336383,3.233638286590576,0.0,753.6449678205951
162,1784285607.8958542,,7.200000000000002,,5.599999999999999,,7.200000000000002,,1.9800000000000002,,2.82,0.0,0.0,0.0,0.0,26574848,13980,26956,811,-3.6855679,0.002832075912738219,0.00787854723748751,-5.6793126404285434,0,0.0,0.0,0.0,,,7.585273056712291,0,0,0.0,-6.098515,-6.098515033721924,0.0,774.0864036357916
163,1784285810.2583983,,7.200000000000002,,5.599999999999999,,7.200000000000002,,1.9800000000000002,,2.82,0.0,0.0,0.0,0.0,26738688,14060,27116,816,-2.8579469,0.0028628313513763713,0.004684558503504377,-5.659461730718613,0,0.0,0.0,0.0,,,6.388397448039088,0,0,0.0,-16.117733,-16.117733001708984,0.0,809.6361490756595
164,1784286021.1156824,,7.200000000000002,,5.599999999999999,,7.200000000000002,,1.9800000000000002,,2.82,0.0,0.0,0.0,0.0,26902528,14140,27276,821,-9.518019,0.0032101296179462223,0.0054113451435114255,-5.661306875944137,0,0.0,0.0,0.0,,,7.246339091398099,0,0,0.0,1.6353712,1.635371208190918,0.0,777.0183318399553
165,1784286232.327714,,7.200000000000002,,5.599999999999999,,7.200000000000002,,1.9800000000000002,,2.82,0.0,0.0,0.0,0.0,27066368,14220,27436,826,-2.0684817,0.0034446658108208796,0.0076466123995487575,-5.667487815022469,0,0.0,0.0,0.0,,,6.753737978820526,0,0,0.0,-5.4859757,-5.485975742340088,0.0,775.7134069574422
166,1784286445.5757318,,7.200000000000002,,5.599999999999999,,7.200000000000002,,1.9800000000000002,,2.82,0.0,0.0,0.0,0.0,27230208,14300,27596,831,-2.4565814,0.0027972034567937953,0.008023319841595367,-5.660518711805343,0,0.0,0.0,0.0,,,6.800331398599927,0,0,0.0,-0.68500215,-0.6850021481513977,0.0,768.3072905167546
167,1784286587.2225134,,7.200000000000002,,5.599999999999999,,7.200000000000002,,1.9800000000000002,,2.82,0.0,0.0,0.0,0.0,27394048,14380,27756,836,-5.8489122,0.003082714986521751,0.007375670455803629,-5.647549051046371,0,0.0,0.0,0.0,,,7.586343544409905,0,0,0.0,-22.743076,-22.74307632446289,0.0,1156.679935497696
168,1784286682.9237733,,7.200000000000002,,5.599999999999999,,7.200000000000002,,1.9800000000000002,,2.82,0.0,0.0,0.0,0.0,27557888,14460,27916,841,-9.031928,0.0029484470811439677,0.0053893802571110426,-5.695367941260338,0,0.0,0.0,0.0,,,7.9112871795214925,0,0,0.0,0.77576655,0.7757665514945984,0.0,1711.9940614869029
169,1784286771.545959,,7.200000000000002,,5.599999999999999,,7.200000000000002,,1.9800000000000002,,2.82,0.0,0.0,0.0,0.0,27721728,14540,28076,846,-1.8220103,0.002870953476667637,0.00569436694640899,-5.756367346644401,0,0.0,0.0,0.0,,,7.404139073247412,0,0,0.0,-3.8223584,-3.8223583698272705,0.0,1848.746980640907
170,1784286850.48554,,7.200000000000002,,5.599999999999999,,7.200000000000002,,1.9800000000000002,,2.82,0.0,0.0,0.0,0.0,27885568,14620,28236,851,-2.328311,0.003027604988164967,0.006936807610327378,-5.763066282868385,0,0.0,0.0,0.0,,,7.117904300832734,0,0,0.0,-2.633792,-2.633791923522949,0.0,2075.5110837682955
171,1784286926.065317,,7.200000000000002,,5.599999999999999,,7.200000000000002,,1.9800000000000002,,2.82,0.0,0.0,0.0,0.0,28049408,14700,28396,856,-4.0290318,0.005675060123758157,0.006356737442547456,-5.766295143961907,0,0.0,0.0,0.0,,,5.4834022189368925,0,0,0.0,-5.621916,-5.621915817260742,0.0,2167.776214160112
172,1784286999.160398,,7.200000000000002,,5.599999999999999,,7.200000000000002,,1.9800000000000002,,2.82,0.0,0.0,0.0,0.0,28213248,14780,28556,861,-4.053306,0.0034159607901528945,0.005863503846921958,-5.735752427577973,0,0.0,0.0,0.0,,,7.2841662692253335,0,0,0.0,-1.1121128,-1.1121127605438232,0.0,2241.4638889267453
173,1784287072.9585574,,7.200000000000002,,5.599999999999999,,7.200000000000002,,1.9800000000000002,,2.82,0.0,0.0,0.0,0.0,28377088,14860,28716,866,-10.964007,0.00311668102585827,0.007000887778121978,-5.743114006519318,0,0.0,0.0,0.0,,,7.394594281734113,0,0,0.0,-2.5455546,-2.5455546379089355,0.0,2220.1094899464842
174,1784287140.5339015,,7.200000000000002,,5.599999999999999,,7.200000000000002,,1.9800000000000002,,2.82,0.0,0.0,0.0,0.0,28540928,14940,28876,871,-3.0213559,0.0053471975290449334,0.009310832178744021,-5.717152687907219,0,0.0,0.0,0.0,,,6.332410646773903,0,0,0.0,-14.4985075,-14.498507499694824,0.0,2424.5529030291846
175,1784287214.9638472,,7.200000000000002,,5.599999999999999,,7.200000000000002,,1.9800000000000002,,2.82,0.0,0.0,0.0,0.0,28704768,15020,29036,876,-2.438497,0.003836759945988888,0.00525681356084533,-5.721332702040672,0,0.0,0.0,0.0,,,6.303178521516696,0,0,0.0,-9.827306,-9.827305793762207,0.0,2201.264507074446
176,1784287285.3213086,,7.200000000000002,,5.599999999999999,,7.200000000000002,,1.9800000000000002,,2.82,0.0,0.0,0.0,0.0,28868608,15100,29196,881,-0.6709172,0.003281560029427055,0.0055183890988701025,-5.727856028079986,0,0.0,0.0,0.0,,,7.191220827588694,0,0,0.0,-18.301321,-18.301321029663086,0.0,2328.679758001691
177,1784287359.0951302,,7.200000000000002,,5.599999999999999,,7.200000000000002,,1.9800000000000002,,2.82,0.0,0.0,0.0,0.0,29032448,15180,29356,886,-8.182211,0.003837979128002189,0.006396376484190114,-5.669686052203178,0,0.0,0.0,0.0,,,7.261985555454215,0,0,0.0,-9.649497,-9.649497032165527,0.0,2220.842255695785
178,1784287427.9413595,,7.200000000000002,,5.599999999999999,,7.200000000000002,,1.9800000000000002,,2.82,0.0,0.0,0.0,0.0,29196288,15260,29516,891,-12.915064,0.0029194797461968847,0.004630289200576954,-5.684026566147804,0,0.0,0.0,0.0,,,6.905723066593967,0,0,0.0,-21.888208,-21.888208389282227,0.0,2379.795686124561
179,1784287500.1358697,,7.200000000000002,,5.599999999999999,,7.200000000000002,,1.9800000000000002,,2.82,0.0,0.0,0.0,0.0,29360128,15341,29677,896,-13.703464,0.0033732209165464157,0.0059450999862747265,-5.737537994980812,0,0.0,0.0,0.0,,,6.903339146379482,0,0,0.0,-3.215201,-3.215200901031494,0.0,2269.4250790593405
180,1784287574.7471724,,7.200000000000002,,5.599999999999999,,7.200000000000002,,1.9800000000000002,,2.82,0.0,0.0,0.0,0.0,29523968,15421,29837,901,-17.650385,0.0035387250783969646,0.006698553790920414,-5.756379398703575,0,0.0,0.0,0.0,,,7.360884784239687,0,0,0.0,-12.180775,-12.180774688720703,0.0,2195.913858711091
181,1784287643.4374273,,7.200000000000002,,5.599999999999999,,7.200000000000002,,1.9800000000000002,,2.82,0.0,0.0,0.0,0.0,29687808,15501,29997,906,-14.444296,0.003956498874322279,0.008246868239075411,-5.741099855303764,0,0.0,0.0,0.0,,,7.033520977216668,0,0,0.0,-39.361095,-39.3610954284668,0.0,2385.2001796011796
182,1784287772.7137926,,7.200000000000002,,5.599999999999999,,7.200000000000002,,1.9800000000000002,,2.82,0.0,0.0,0.0,0.0,29851648,15582,30158,911,-13.411499,0.0034257644914760022,0.004060153373575304,-5.747804906964302,0,0.0,0.0,0.0,,,6.12439627026554,0,0,0.0,1.774176,1.774176001548767,0.0,1267.3624428266767
183,1784287949.9362698,,7.200000000000002,,5.599999999999999,,7.200000000000002,,1.9800000000000002,,2.82,0.0,0.0,0.0,0.0,30015488,15662,30318,916,-3.571074,0.003976645440707216,0.007691757117572706,-5.7490902811288835,0,0.0,0.0,0.0,,,7.52231554096876,0,0,0.0,-20.425394,-20.42539405822754,0.0,924.4877263781394
184,1784288126.2766716,,7.200000000000002,,5.599999999999999,,7.200000000000002,,1.9800000000000002,,2.82,0.0,0.0,0.0,0.0,30179328,15742,30478,921,-5.0765405,0.005597837640380021,0.008875024561712052,-5.753170293569565,0,0.0,0.0,0.0,,,5.571850093203433,0,0,0.0,-6.729838,-6.729837894439697,0.0,929.1120391622574
185,1784288304.8716183,,7.200000000000002,,5.599999999999999,,7.200000000000002,,1.9800000000000002,,2.82,0.0,0.0,0.0,0.0,30343168,15823,30639,926,-4.939765,0.0033534535083163063,0.009044710182934068,-5.768012580275536,0,0.0,0.0,0.0,,,7.0917242607852895,0,0,0.0,-20.375698,-20.37569808959961,0.0,917.3832294471019
186,1784288479.8820682,,7.200000000000002,,5.599999999999999,,7.200000000000002,,1.9800000000000002,,2.82,0.0,0.0,0.0,0.0,30507008,15904,30800,931,-15.773817,0.0033119777952379083,0.008450656963395886,-5.697921258211136,0,0.0,0.0,0.0,,,7.611555848690744,0,0,0.0,-8.372579,-8.372578620910645,0.0,936.1725949545372
187,1784288659.3179257,,7.200000000000002,,5.599999999999999,,7.200000000000002,,1.9800000000000002,,2.82,0.0,0.0,0.0,0.0,30670848,15986,30962,936,-25.927134,0.004068646644736873,0.005150623293593526,-5.740971544384957,0,0.0,0.0,0.0,,,6.720129425450875,0,0,0.0,-11.978621,-11.978620529174805,0.0,913.083987111203
188,1784288831.4776456,,7.200000000000002,,5.599999999999999,,7.200000000000002,,1.9800000000000002,,2.82,0.0,0.0,0.0,0.0,30834688,16068,31124,941,-19.283913,0.004755536334414501,0.00682166403712472,-5.780464705824852,0,0.0,0.0,0.0,,,6.913892665879819,0,0,0.0,-5.1919346,-5.191934585571289,0.0,951.6743292394375
189,1784289013.3484697,,7.200000000000002,,5.599999999999999,,7.200000000000002,,1.9800000000000002,,2.82,0.0,0.0,0.0,0.0,30998528,16149,31285,946,-22.14543,0.0048272868334606756,0.0030827911657979714,-5.8248681128025055,0,0.0,0.0,0.0,,,7.173739615975667,0,0,0.0,-35.953934,-35.95393371582031,0.0,900.8592349135114
190,1784289171.3809981,,7.200000000000002,,5.599999999999999,,7.200000000000002,,1.9800000000000002,,2.82,0.0,0.0,0.0,0.0,31162368,16232,31448,951,-21.796825,0.004055486962170107,0.006812752335099504,-5.845839706063271,0,0.0,0.0,0.0,,,7.396768779247485,0,0,0.0,-18.591347,-18.591346740722656,0.0,1036.748600394523
191,1784289348.579669,,7.200000000000002,,5.599999999999999,,7.200000000000002,,1.9800000000000002,,2.82,0.0,0.0,0.0,0.0,31326208,16313,31609,956,-26.179302,0.004539819996716687,0.006069115491118282,-5.8446873992681505,0,0.0,0.0,0.0,,,7.475550914479548,0,0,0.0,-2.840107,-2.840106964111328,0.0,924.6119134220369
192,1784289524.3392215,,7.200000000000002,,5.599999999999999,,7.200000000000002,,1.9800000000000002,,2.82,0.0,0.0,0.0,0.0,31490048,16394,31770,961,-15.843399,0.005960520514054224,0.0041483066292130385,-5.867809250950813,0,0.0,0.0,0.0,,,5.706552486283136,0,0,0.0,-21.037188,-21.037187576293945,0.0,932.1825605291031
193,1784289701.71952,,7.200000000000002,,5.599999999999999,,7.200000000000002,,1.9800000000000002,,2.82,0.0,0.0,0.0,0.0,31653888,16475,31931,966,-21.521708,0.005791879989556037,0.005870064356713556,-5.9303276389837265,0,0.0,0.0,0.0,,,6.996132361518404,0,0,0.0,-15.782168,-15.7821683883667,0.0,923.6652244447955
194,1784289882.946837,,7.200000000000002,,5.599999999999999,,7.200000000000002,,1.9800000000000002,,2.82,0.0,0.0,0.0,0.0,31817728,16555,32091,971,-16.76347,0.004309800881310366,0.0058267536966013726,-5.93803479373455,0,0.0,0.0,0.0,,,7.161621119117479,0,0,0.0,-15.661148,-15.661148071289062,0.0,904.0579250896956
195,1784290048.759732,,7.200000000000002,,5.599999999999999,,7.200000000000002,,1.9800000000000002,,2.82,0.0,0.0,0.0,0.0,31981568,16635,32251,976,-3.5192065,0.0034236377512570472,0.008063665381632746,-5.961429640650749,0,0.0,0.0,0.0,,,7.556420661152823,0,0,0.0,-17.719368,-17.71936798095703,0.0,988.1016980974628
196,1784290222.940549,,7.200000000000002,,5.599999999999999,,7.200000000000002,,1.9800000000000002,,2.82,0.0,0.0,0.0,0.0,32145408,16716,32412,981,-9.410486,0.004790814234002028,0.0070423067096271556,-5.936886468529702,0,0.0,0.0,0.0,,,7.745669050319288,0,0,0.0,-16.241493,-16.241493225097656,0.0,940.6317082282459
197,1784290402.1655858,,7.200000000000002,,5.599999999999999,,7.200000000000002,,1.9800000000000002,,2.82,0.0,0.0,0.0,0.0,32309248,16798,32574,986,-19.48167,0.004841721797856735,0.005563402319967281,-5.928492042422294,0,0.0,0.0,0.0,,,7.90458913022984,0,0,0.0,0.024732422,0.024732422083616257,0.0,914.1579377573913
198,1784290594.4224198,,7.200000000000002,,5.599999999999999,,7.200000000000002,,1.9800000000000002,,2.82,0.0,0.0,0.0,0.0,32473088,16878,32734,991,-2.7212536,0.0031406692349264633,0.00799138360307552,-5.9365762591362,0,0.0,0.0,0.0,,,7.519181759009308,0,0,0.0,-22.601284,-22.60128402709961,0.0,852.1934243385507
199,1784290779.515157,,7.200000000000002,,5.599999999999999,,7.200000000000002,,1.9800000000000002,,2.82,0.0,0.0,0.0,0.0,32636928,16958,32894,996,-7.8587775,0.003111877286573872,0.006904009709251114,-5.9182871043682095,0,0.0,0.0,0.0,,,6.977132217082778,0,0,0.0,-2.286184,-2.286184072494507,0.0,885.1778197533715
200,1784290954.9148176,,7.200000000000002,,5.599999999999999,,7.200000000000002,,1.9800000000000002,,2.82,0.0,0.0,0.0,0.0,32800768,17038,33054,1001,-4.349864,0.0031532781318674096,0.00719951370410854,-5.898485237360001,0,0.0,0.0,0.0,,,8.025308746098087,0,0,0.0,-3.2310653,-3.231065273284912,0.0,934.0953184139559
201,1784291139.6688917,,7.200000000000002,,5.599999999999999,,7.200000000000002,,1.9800000000000002,,2.82,0.0,0.0,0.0,0.0,32964608,17120,33216,1006,-18.745598,0.004320152154832613,0.006846505499561317,-5.900003269314766,0,0.0,0.0,0.0,,,7.486004164156656,0,0,0.0,-17.540888,-17.5408878326416,0.0,886.8005014918209
202,1784291315.8150961,,7.200000000000002,,5.599999999999999,,7.200000000000002,,1.9800000000000002,,2.82,0.0,0.0,0.0,0.0,33128448,17204,33380,1011,-10.286172,0.004955465374951018,0.005209414700220805,-5.945818719267845,0,0.0,0.0,0.0,,,7.283255162448006,0,0,0.0,-24.491348,-24.491348266601562,0.0,930.136403124644
203,1784291499.306445,,7.200000000000002,,5.599999999999999,,7.200000000000002,,1.9800000000000002,,2.82,0.0,0.0,0.0,0.0,33292288,17286,33542,1016,-18.651096,0.005743382715445477,0.004969697834167164,-5.918421044945717,0,0.0,0.0,0.0,,,6.727166675209935,0,0,0.0,-12.43854,-12.4385404586792,0.0,892.9031187599097
204,1784291694.8608043,,7.200000000000002,,5.599999999999999,,7.200000000000002,,1.9800000000000002,,2.82,0.0,0.0,0.0,0.0,33456128,17367,33703,1021,-6.3086762,0.0038324228262354154,0.007589058397570625,-5.939575931429863,0,0.0,0.0,0.0,,,7.272306881627111,0,0,0.0,-3.5112262,-3.511226177215576,0.0,837.8233348149597
205,1784291877.528826,,7.200000000000002,,5.599999999999999,,7.200000000000002,,1.9800000000000002,,2.82,0.0,0.0,0.0,0.0,33619968,17448,33864,1026,-2.5304253,0.0034872517200710716,0.007952411443693564,-5.914516332745552,0,0.0,0.0,0.0,,,6.874080854234203,0,0,0.0,-6.5815597,-6.581559658050537,0.0,896.9276893124692
206,1784292054.9995446,,7.200000000000002,,5.599999999999999,,7.200000000000002,,1.9800000000000002,,2.82,0.0,0.0,0.0,0.0,33783808,17528,34024,1031,-6.649867,0.0038008782648830675,0.008904377884755376,-5.941510355472564,0,0.0,0.0,0.0,,,8.151438843024021,0,0,0.0,-5.444383,-5.444383144378662,0.0,923.1948073216778
207,1784292229.3406174,,7.200000000000002,,5.599999999999999,,7.200000000000002,,1.9800000000000002,,2.82,0.0,0.0,0.0,0.0,33947648,17608,34184,1036,-31.784866,0.004445594834396616,0.005093013153236825,-5.905129551887512,0,0.0,0.0,0.0,,,7.888268396070214,0,0,0.0,-25.775303,-25.77530288696289,0.0,939.7667408930863
208,1784292422.5062315,,7.200000000000002,,5.599999999999999,,7.200000000000002,,1.9800000000000002,,2.82,0.0,0.0,0.0,0.0,34111488,17688,34344,1041,-9.484604,0.0032872214265807997,0.008324107603402808,-5.888825514912606,0,0.0,0.0,0.0,,,7.360411470201109,0,0,0.0,-8.01241,-8.012410163879395,0.0,848.184133248138
209,1784292584.1558595,,7.200000000000002,,5.599999999999999,,7.200000000000002,,1.9800000000000002,,2.82,0.0,0.0,0.0,0.0,34275328,17768,34504,1046,-4.105765,0.0029003985138842834,0.004436732071917504,-5.864345845580101,0,0.0,0.0,0.0,,,6.951968095333795,0,0,0.0,-31.002249,-31.002248764038086,0.0,1013.5501068540204
210,1784292745.6536644,,7.200000000000002,,5.599999999999999,,7.200000000000002,,1.9800000000000002,,2.82,0.0,0.0,0.0,0.0,34439168,17848,34664,1051,-14.268598,0.003118516373069724,0.00625673143658787,-5.857161697745323,0,0.0,0.0,0.0,,,7.527103143718558,0,0,0.0,-16.64555,-16.645549774169922,0.0,1014.5032061638033
211,1784292812.7653918,,7.200000000000002,,5.599999999999999,,7.200000000000002,,1.9800000000000002,,2.82,0.0,0.0,0.0,0.0,34603008,17928,34824,1056,-5.910312,0.003245315900130663,0.006755116255953908,-5.849868893623352,0,0.0,0.0,0.0,,,7.137943241448845,0,0,0.0,-26.101538,-26.101537704467773,0.0,2441.300543033203
212,1784292887.3439033,,7.200000000000002,,5.599999999999999,,7.200000000000002,,1.9800000000000002,,2.82,0.0,0.0,0.0,0.0,34766848,18008,34984,1061,-9.925542,0.0027339765678334516,0.005492242466425523,-5.77531259059906,0,0.0,0.0,0.0,,,7.458860598865966,0,0,0.0,-14.432775,-14.432774543762207,0.0,2196.8794351489687
213,1784292961.8576937,,7.200000000000002,,5.599999999999999,,7.200000000000002,,1.9800000000000002,,2.82,0.0,0.0,0.0,0.0,34930688,18088,35144,1066,-5.425086,0.002447891776682809,0.005466812710801605,-5.806993308663368,0,0.0,0.0,0.0,,,6.803138934829116,0,0,0.0,-1.4199897,-1.4199897050857544,0.0,2198.7873289697827
214,1784293030.98211,,7.200000000000002,,5.599999999999999,,7.200000000000002,,1.9800000000000002,,2.82,0.0,0.0,0.0,0.0,35094528,18169,35305,1071,-6.148278,0.002885896265070187,0.006490869363187812,-5.8601535767316815,0,0.0,0.0,0.0,,,7.728942905469367,0,0,0.0,-29.420202,-29.420202255249023,0.0,2370.2191987276638
215,1784293100.1188252,,7.200000000000002,,5.599999999999999,,7.200000000000002,,1.9800000000000002,,2.82,0.0,0.0,0.0,0.0,35258368,18249,35465,1076,-1.1940874,0.0026287309130566426,0.005006525354110636,-5.8623293966054915,0,0.0,0.0,0.0,,,6.736716729022024,0,0,0.0,-34.071896,-34.071895599365234,0.0,2369.7978231453253
216,1784293170.109414,,7.200000000000002,,5.599999999999999,,7.200000000000002,,1.9800000000000002,,2.82,0.0,0.0,0.0,0.0,35422208,18333,35629,1081,-8.008459,0.005491340313164983,0.006332560631562956,-5.886273226141929,0,0.0,0.0,0.0,,,6.719998984934222,0,0,0.0,-13.64063,-13.640629768371582,0.0,2340.885774559108
217,1784293245.08012,,7.200000000000002,,5.599999999999999,,7.200000000000002,,1.9800000000000002,,2.82,0.0,0.0,0.0,0.0,35586048,18413,35789,1086,-22.02485,0.004578410349495243,0.007561102753970772,-5.940357303619384,0,0.0,0.0,0.0,,,7.33390889159688,0,0,0.0,-2.6223347,-2.6223347187042236,0.0,2185.386807434189
218,1784293319.1699984,,7.200000000000002,,5.599999999999999,,7.200000000000002,,1.9800000000000002,,2.82,0.0,0.0,0.0,0.0,35749888,18493,35949,1091,0.65602744,0.004042047780239954,0.0045605832987348546,-5.947673603892326,0,0.0,0.0,0.0,,,6.737612299502329,0,0,0.0,-5.00113,-5.001130104064941,0.0,2211.367728622154
219,1784293393.3093815,,7.200000000000002,,5.599999999999999,,7.200000000000002,,1.9800000000000002,,2.82,0.0,0.0,0.0,0.0,35913728,18573,36109,1096,-20.930264,0.0036879425671941133,0.007480831557768397,-5.92632723748684,0,0.0,0.0,0.0,,,7.552391753551449,0,0,0.0,-2.2094429,-2.2094428539276123,0.0,2209.8921104061683
220,1784293467.1147304,,7.200000000000002,,5.599999999999999,,7.200000000000002,,1.9800000000000002,,2.82,0.0,0.0,0.0,0.0,36077568,18653,36269,1101,-1.8088242,0.0035937432781793176,0.0035616943845525385,-5.95074337720871,0,0.0,0.0,0.0,,,7.121643066124605,0,0,0.0,-0.5767971,-0.5767971277236938,0.0,2219.8933264292373
221,1784293540.2245486,,7.200000000000002,,5.599999999999999,,7.200000000000002,,1.9800000000000002,,2.82,0.0,0.0,0.0,0.0,36241408,18733,36429,1106,-16.891453,0.00411216995344148,0.008837421526550315,-5.975106289982795,0,0.0,0.0,0.0,,,7.743076528090822,0,0,0.0,-5.304412,-5.304411888122559,0.0,2241.0120674582627
222,1784293615.0177968,,7.200000000000002,,5.599999999999999,,7.200000000000002,,1.9800000000000002,,2.82,0.0,0.0,0.0,0.0,36405248,18813,36589,1111,-5.770829,0.0027114696589706,0.005371574606397189,-6.003238677978516,0,0.0,0.0,0.0,,,7.465728557930278,0,0,0.0,-5.3155537,-5.315553665161133,0.0,2190.5729871221033
223,1784293689.016394,,7.200000000000002,,5.599999999999999,,7.200000000000002,,1.9800000000000002,,2.82,0.0,0.0,0.0,0.0,36569088,18893,36749,1116,-7.992775,0.0023681623355514604,0.0063745994179043915,-6.051513540744781,0,0.0,0.0,0.0,,,7.5229466599789605,0,0,0.0,-14.331579,-14.331579208374023,0.0,2214.09518979402
224,1784293762.5009804,,7.200000000000002,,5.599999999999999,,7.200000000000002,,1.9800000000000002,,2.82,0.0,0.0,0.0,0.0,36732928,18973,36909,1121,-10.777185,0.0024313066616741706,0.007047000213060528,-6.022168856859207,0,0.0,0.0,0.0,,,7.274587344812197,0,0,0.0,-15.913098,-15.913098335266113,0.0,2229.5832254843103
225,1784293858.0525398,,7.200000000000002,,5.599999999999999,,7.200000000000002,,1.9800000000000002,,2.82,0.0,0.0,0.0,0.0,36896768,19053,37069,1126,-7.001096,0.0035835440539813135,0.004510444350307808,-6.04885123372078,0,0.0,0.0,0.0,,,5.408448809866569,0,0,0.0,-4.24684,-4.246840000152588,0.0,1714.676500585315
226,1784294025.739011,,7.200000000000002,,5.599999999999999,,7.200000000000002,,1.9800000000000002,,2.82,0.0,0.0,0.0,0.0,37060608,19133,37229,1131,2.8858244,0.0032762810798885765,0.007525404854095541,-6.054216492176056,0,0.0,0.0,0.0,,,7.717525516634446,0,0,0.0,0.8347478,0.8347477912902832,0.0,977.0615296877439
227,1784294198.10673,,7.200000000000002,,5.599999999999999,,7.200000000000002,,1.9800000000000002,,2.82,0.0,0.0,0.0,0.0,37224448,19214,37390,1136,-22.273645,0.006186622702807653,0.007565985393011942,-6.07102344930172,0,0.0,0.0,0.0,,,7.40165634931093,0,0,0.0,-17.131374,-17.13137435913086,0.0,950.5260076928796
228,1784294377.2863407,,7.200000000000002,,5.599999999999999,,7.200000000000002,,1.9800000000000002,,2.82,0.0,0.0,0.0,0.0,37388288,19294,37550,1141,-12.678615,0.004684612613345962,0.0052527318563079465,-6.073810821771621,0,0.0,0.0,0.0,,,6.533155801285818,0,0,0.0,-4.307544,-4.307544231414795,0.0,914.3898089165085
229,1784294566.7743964,,7.200000000000002,,5.599999999999999,,7.200000000000002,,1.9800000000000002,,2.82,0.0,0.0,0.0,0.0,37552128,19374,37710,1146,-10.997339,0.004177114885533228,0.005973156420805026,-6.122230830788612,0,0.0,0.0,0.0,,,6.813514506765557,0,0,0.0,7.6674333,7.667433261871338,0.0,864.6457589968796
230,1784294736.2811108,,7.200000000000002,,5.599999999999999,,7.200000000000002,,1.9800000000000002,,2.82,0.0,0.0,0.0,0.0,37715968,19454,37870,1151,0.90799886,0.002933072589803487,0.009088807800435462,-6.1140803545713425,0,0.0,0.0,0.0,,,8.737401381838705,0,0,0.0,0.9771635,0.9771634936332703,0.0,966.5689855583241
231,1784294901.9625516,,7.200000000000002,,5.599999999999999,,7.200000000000002,,1.9800000000000002,,2.82,0.0,0.0,0.0,0.0,37879808,19534,38030,1156,-3.046493,0.0027811016047053273,0.006555956641386728,-6.143228250741958,0,0.0,0.0,0.0,,,7.379575140099837,0,0,0.0,-5.3997006,-5.39970064163208,0.0,988.8856574542687
232,1784295093.950059,,7.200000000000002,,5.599999999999999,,7.200000000000002,,1.9800000000000002,,2.82,0.0,0.0,0.0,0.0,38043648,19614,38190,1161,-0.12090168,0.0062175057937565725,0.008653021075588185,-6.155364701151848,0,0.0,0.0,0.0,,,5.727316384811434,0,0,0.0,-2.0179243,-2.0179243087768555,0.0,853.3888466342781
233,1784295270.1771894,,7.200000000000002,,5.599999999999999,,7.200000000000002,,1.9800000000000002,,2.82,0.0,0.0,0.0,0.0,38207488,19696,38352,1166,-15.047091,0.007341105146042537,0.0069829007683438245,-6.174461972713471,0,0.0,0.0,0.0,,,8.74156752324151,0,0,0.0,-7.0219774,-7.021977424621582,0.0,929.7092729077087
234,1784295452.3259401,,7.200000000000002,,5.599999999999999,,7.200000000000002,,1.9800000000000002,,2.82,0.0,0.0,0.0,0.0,38371328,19777,38513,1171,-0.995625,0.003315306625154335,0.0057626502515631724,-6.202851709723473,0,0.0,0.0,0.0,,,7.365621985369344,0,0,0.0,-3.7582474,-3.7582473754882812,0.0,899.4846967695277
235,1784295648.4571948,,7.200000000000002,,5.599999999999999,,7.200000000000002,,1.9800000000000002,,2.82,0.0,0.0,0.0,0.0,38535168,19858,38674,1176,-13.801541,0.006173663666413631,0.005615269624104258,-6.18703345656395,0,0.0,0.0,0.0,,,7.645814203037512,0,0,0.0,-7.159484,-7.159483909606934,0.0,835.3589262130313
236,1784295834.3150783,,7.200000000000002,,5.599999999999999,,7.200000000000002,,1.9800000000000002,,2.82,0.0,0.0,0.0,0.0,38699008,19940,38836,1181,-3.9702275,0.0036265571019612254,0.00419741890655132,-6.184852501749992,0,0.0,0.0,0.0,,,7.7848406773116325,0,0,0.0,-6.2724185,-6.27241849899292,0.0,881.5337348196575
237,1784296016.9851768,,7.200000000000002,,5.599999999999999,,7.200000000000002,,1.9800000000000002,,2.82,0.0,0.0,0.0,0.0,38862848,20020,38996,1186,-2.2117927,0.0029431750135699986,0.007373319362523034,-6.206594255566597,0,0.0,0.0,0.0,,,7.468023825057531,0,0,0.0,-3.576706,-3.5767059326171875,0.0,896.9174963098679
238,1784296200.1764474,,7.200000000000002,,5.599999999999999,,7.200000000000002,,1.9800000000000002,,2.82,0.0,0.0,0.0,0.0,39026688,20100,39156,1191,-7.2246337,0.003722544923220994,0.007922927066101693,-6.155436852574349,0,0.0,0.0,0.0,,,7.702470882768997,0,0,0.0,-0.9933771,-0.9933770895004272,0.0,894.3657389858517
239,1784296394.6716156,,7.200000000000002,,5.599999999999999,,7.200000000000002,,1.9800000000000002,,2.82,0.0,0.0,0.0,0.0,39190528,20180,39316,1196,-4.674288,0.003749627216893714,0.006245710558141581,-6.134493964910507,0,0.0,0.0,0.0,,,7.188377649694384,0,0,0.0,-3.4735,-3.4735000133514404,0.0,842.386161745033
240,1784296589.4100037,,7.200000000000002,,5.599999999999999,,7.200000000000002,,1.9800000000000002,,2.82,0.0,0.0,0.0,0.0,39354368,20260,39476,1201,0.38711452,0.0038232698425417766,0.004096312372712419,-6.081199464201927,0,0.0,0.0,0.0,,,6.7411777525885,0,0,0.0,-1.9785534,-1.9785534143447876,0.0,841.3336596154384
241,1784296767.0991547,,7.200000000000002,,5.599999999999999,,7.200000000000002,,1.9800000000000002,,2.82,0.0,0.0,0.0,0.0,39518208,20340,39636,1206,5.194187,0.004111359126545722,0.006574231090780813,-6.107213804125786,0,0.0,0.0,0.0,,,7.305807277764396,0,0,0.0,0.45295495,0.4529549479484558,0.0,922.0596756303383
242,1784296944.0107696,,7.200000000000002,,5.599999999999999,,7.200000000000002,,1.9800000000000002,,2.82,0.0,0.0,0.0,0.0,39682048,20420,39796,1211,-1.9209545,0.0035250526925665326,0.004196738015161827,-6.092032745480537,0,0.0,0.0,0.0,,,6.866840334335086,0,0,0.0,-16.990604,-16.990604400634766,0.0,926.1122355361432
243,1784297140.118175,,7.200000000000002,,5.599999999999999,,7.200000000000002,,1.9800000000000002,,2.82,0.0,0.0,0.0,0.0,39845888,20500,39956,1216,-11.138975,0.006171765849285293,0.003957529171020724,-6.095468896627426,0,0.0,0.0,0.0,,,5.783455047903121,0,0,0.0,-4.89793,-4.897930145263672,0.0,835.4604914639884
244,1784297332.5411966,,7.200000000000002,,5.599999999999999,,7.200000000000002,,1.9800000000000002,,2.82,0.0,0.0,0.0,0.0,40009728,20581,40117,1221,-10.469623,0.004673776232812088,0.006561352682183497,-6.129737395048141,0,0.0,0.0,0.0,,,6.68736535728033,0,0,0.0,-3.3937645,-3.3937644958496094,0.0,851.4577605906081
245,1784297500.6799664,,7.200000000000002,,5.599999999999999,,7.200000000000002,,1.9800000000000002,,2.82,0.0,0.0,0.0,0.0,40173568,20662,40278,1226,-19.010286,0.005790274054743349,0.0025480829455773344,-6.124675679206848,0,0.0,0.0,0.0,,,5.533121408776333,0,0,0.0,-1.7398808,-1.7398808002471924,0.0,974.4327762226122
246,1784297663.6668127,,7.200000000000002,,5.599999999999999,,7.200000000000002,,1.9800000000000002,,2.82,0.0,0.0,0.0,0.0,40337408,20743,40439,1231,0.65675414,0.0037198719393927602,0.008714670875633601,-6.119735419750214,0,0.0,0.0,0.0,,,7.892509575308296,0,0,0.0,-1.3560061,-1.356006145477295,0.0,1005.2344321441922
247,1784297813.8277366,,7.200000000000002,,5.599999999999999,,7.200000000000002,,1.9800000000000002,,2.82,0.0,0.0,0.0,0.0,40501248,20823,40599,1236,-12.390938,0.003765783582639415,0.0061345566326053815,-6.136393082141876,0,0.0,0.0,0.0,,,7.194490919717163,0,0,0.0,-45.680504,-45.680503845214844,0.0,1091.0958049751277
248,1784297984.3263786,,7.200000000000002,,5.599999999999999,,7.200000000000002,,1.9800000000000002,,2.82,0.0,0.0,0.0,0.0,40665088,20905,40761,1241,-12.603335,0.004139935866260202,0.00800076051382348,-6.107459691166878,0,0.0,0.0,0.0,,,7.61830607844824,0,0,0.0,-21.34982,-21.34981918334961,0.0,960.946306058245
249,1784298166.128077,,7.200000000000002,,5.599999999999999,,7.200000000000002,,1.9800000000000002,,2.82,0.0,0.0,0.0,0.0,40828928,20985,40921,1246,-23.904018,0.004247881126502762,0.0058062342126504515,-6.116792744398117,0,0.0,0.0,0.0,,,7.67594259715564,0,0,0.0,2.7377033,2.737703323364258,0.0,901.2016483412006
250,1784298352.672796,,7.200000000000002,,5.599999999999999,,7.200000000000002,,1.9800000000000002,,2.82,0.0,0.0,0.0,0.0,40992768,21066,41082,1251,-8.012657,0.004086241638287902,0.005861533441930078,-6.052126044034958,0,0.0,0.0,0.0,,,7.175966845677673,0,0,0.0,2.9158635,2.915863513946533,0.0,878.2880885395795
251,1784298516.5759869,,7.200000000000002,,5.599999999999999,,7.200000000000002,,1.9800000000000002,,2.82,0.0,0.0,0.0,0.0,41156608,21147,41243,1256,-6.079511,0.004430853556550573,0.0059389517467934635,-6.074971687793732,0,0.0,0.0,0.0,,,7.053776804767381,0,0,0.0,-37.901512,-37.901512145996094,0.0,999.614503835309
252,1784298679.1673682,,7.200000000000002,,5.599999999999999,,7.200000000000002,,1.9800000000000002,,2.82,0.0,0.0,0.0,0.0,41320448,21228,41404,1261,-12.6488285,0.004924417883012211,0.005398247099947184,-6.064944219589234,0,0.0,0.0,0.0,,,8.142817295111339,0,0,0.0,-14.360776,-14.3607759475708,0.0,1007.6794540908621
253,1784298868.6842628,,7.200000000000002,,5.599999999999999,,7.200000000000002,,1.9800000000000002,,2.82,0.0,0.0,0.0,0.0,41484288,21309,41565,1266,-12.28043,0.0038665784530167004,0.0071571764565305784,-6.137013679742813,0,0.0,0.0,0.0,,,7.517422558533366,0,0,0.0,4.484118,4.4841179847717285,0.0,864.5139584024606
254,1784298941.60877,,7.200000000000002,,5.599999999999999,,7.200000000000002,,1.9800000000000002,,2.82,0.0,0.0,0.0,0.0,41648128,21391,41727,1271,0.015703058,0.0031591228784236592,0.006722516685840674,-6.1410681962966915,0,0.0,0.0,0.0,,,7.549502477669108,0,0,0.0,-0.7900001,-0.7900000810623169,0.0,2246.706899057288
255,1784299008.6568782,,7.200000000000002,,5.599999999999999,,7.200000000000002,,1.9800000000000002,,2.82,0.0,0.0,0.0,0.0,41811968,21471,41887,1276,-2.1831393,0.0037229427958664018,0.010073334728076588,-6.10740986764431,0,0.0,0.0,0.0,,,7.4990894814697295,0,0,0.0,-51.063137,-51.06313705444336,0.0,2443.6173537700943
256,1784299075.2901044,,7.200000000000002,,5.599999999999999,,7.200000000000002,,1.9800000000000002,,2.82,0.0,0.0,0.0,0.0,41975808,21551,42047,1281,-3.777392,0.0048003691728808915,0.005401791441545356,-6.126949989795685,0,0.0,0.0,0.0,,,8.34829364635851,0,0,0.0,-28.765305,-28.765304565429688,0.0,2458.834075606077
257,1784299142.4577022,,7.200000000000002,,5.599999999999999,,7.200000000000002,,1.9800000000000002,,2.82,0.0,0.0,0.0,0.0,42139648,21631,42207,1286,-26.237585,0.006699480740644503,0.006009946492849849,-6.110981827974319,0,0.0,0.0,0.0,,,7.3882043387313585,0,0,0.0,-17.620045,-17.620044708251953,0.0,2439.2720634712996
258,1784299208.9203799,,7.200000000000002,,5.599999999999999,,7.200000000000002,,1.9800000000000002,,2.82,0.0,0.0,0.0,0.0,42303488,21712,42368,1291,-7.925995,0.005858534210710786,0.006432736721762922,-6.1277065634727474,0,0.0,0.0,0.0,,,5.994547481081627,0,0,0.0,-22.978485,-22.978485107421875,0.0,2465.142838655426
259,1784299277.2520316,,7.200000000000002,,5.599999999999999,,7.200000000000002,,1.9800000000000002,,2.82,0.0,0.0,0.0,0.0,42467328,21795,42531,1296,-9.462406,0.005290479156246875,0.005365006290958263,-6.117305511236191,0,0.0,0.0,0.0,,,7.081234951197757,0,0,0.0,-27.97536,-27.975360870361328,0.0,2397.716931594182
260,1784299350.8855314,,7.200000000000002,,5.599999999999999,,7.200000000000002,,1.9800000000000002,,2.82,0.0,0.0,0.0,0.0,42631168,21878,42694,1301,-1.5431792,0.00346922487806296,0.005573585284582805,-6.1211782693862915,0,0.0,0.0,0.0,,,7.297545799345372,0,0,0.0,-0.9235285,-0.9235284924507141,0.0,2225.074781712448
261,1784299424.581759,,7.200000000000002,,5.599999999999999,,7.200000000000002,,1.9800000000000002,,2.82,0.0,0.0,0.0,0.0,42795008,21958,42854,1306,-19.103245,0.003798606105556246,0.002336561377160251,-6.118775418400764,0,0.0,0.0,0.0,,,6.517600703079604,0,0,0.0,0.04121647,0.041216470301151276,0.0,2223.1805667454555
262,1784299498.7786734,,7.200000000000002,,5.599999999999999,,7.200000000000002,,1.9800000000000002,,2.82,0.0,0.0,0.0,0.0,42958848,22039,43015,1311,-7.138224,0.0036998921976191925,0.005522415754967369,-6.090887024998665,0,0.0,0.0,0.0,,,7.03810620970752,0,0,0.0,-3.2720237,-3.2720236778259277,0.0,2208.1798536188057
263,1784299572.3123167,,7.200000000000002,,5.599999999999999,,7.200000000000002,,1.9800000000000002,,2.82,0.0,0.0,0.0,0.0,43122688,22119,43175,1316,-7.1266,0.0026054548729007366,0.0032460256188642234,-6.1186450749635695,0,0.0,0.0,0.0,,,7.672624644479077,0,0,0.0,-2.3092523,-2.3092522621154785,0.0,2228.0939301573685
264,1784299639.3010502,,7.200000000000002,,5.599999999999999,,7.200000000000002,,1.9800000000000002,,2.82,0.0,0.0,0.0,0.0,43286528,22199,43335,1321,-13.754367,0.004061471094610169,0.005422920407727361,-6.10777827501297,0,0.0,0.0,0.0,,,7.830386449428135,0,0,0.0,-39.215443,-39.2154426574707,0.0,2445.7839483830217
265,1784299711.9488194,,7.200000000000002,,5.599999999999999,,7.200000000000002,,1.9800000000000002,,2.82,0.0,0.0,0.0,0.0,43450368,22280,43496,1326,-5.498619,0.002795905201128335,0.006415545090567321,-6.15406314432621,0,0.0,0.0,0.0,,,7.227768597355798,0,0,0.0,4.9580164,4.958016395568848,0.0,2255.265097081406
266,1784299785.1237023,,7.200000000000002,,5.599999999999999,,7.200000000000002,,1.9800000000000002,,2.82,0.0,0.0,0.0,0.0,43614208,22360,43656,1331,-8.619847,0.003936624007474165,0.006136641906050499,-6.182106870412826,0,0.0,0.0,0.0,,,7.525441677588208,0,0,0.0,-0.8763096,-0.8763095736503601,0.0,2239.0200678359556
267,1784299854.3223953,,7.200000000000002,,5.599999999999999,,7.200000000000002,,1.9800000000000002,,2.82,0.0,0.0,0.0,0.0,43778048,22440,43816,1336,-9.243872,0.00413100563819171,0.00641715627789381,-6.174675071239472,0,0.0,0.0,0.0,,,8.088165507613637,0,0,0.0,-21.35585,-21.355850219726562,0.0,2367.673397095954
268,1784299928.7584515,,7.200000000000002,,5.599999999999999,,7.200000000000002,,1.9800000000000002,,2.82,0.0,0.0,0.0,0.0,43941888,22521,43977,1341,-3.1259317,0.0047917406231135825,0.005598458962049335,-6.186620670557022,0,0.0,0.0,0.0,,,5.998880521674346,0,0,0.0,-9.023464,-9.02346420288086,0.0,2201.085074562213
269,1784300045.0782838,,7.200000000000002,,5.599999999999999,,7.200000000000002,,1.9800000000000002,,2.82,0.0,0.0,0.0,0.0,44105728,22601,44137,1346,0.6036832,0.0035650620513479224,0.004714906853041612,-6.174401745200157,0,0.0,0.0,0.0,,,6.957363523234835,0,0,0.0,-4.8388166,-4.8388166427612305,0.0,1408.530229076418
270,1784300220.7274926,,7.200000000000002,,5.599999999999999,,7.200000000000002,,1.9800000000000002,,2.82,0.0,0.0,0.0,0.0,44269568,22682,44298,1351,-20.15343,0.0058686059710453264,0.004792383204039652,-6.194943046569824,0,0.0,0.0,0.0,,,8.237443989973164,0,0,0.0,-6.603461,-6.603460788726807,0.0,932.7681765518
271,1784300408.3906097,,7.200000000000002,,5.599999999999999,,7.200000000000002,,1.9800000000000002,,2.82,0.0,0.0,0.0,0.0,44433408,22763,44459,1356,0.13346076,0.004453010009456193,0.007106435557943769,-6.2287463515996935,0,0.0,0.0,0.0,,,7.4495710624201505,0,0,0.0,0.25427628,0.2542762756347656,0.0,873.0538229905048
272,1784300576.8327703,,7.200000000000002,,5.599999999999999,,7.200000000000002,,1.9800000000000002,,2.82,0.0,0.0,0.0,0.0,44597248,22843,44619,1361,4.571822,0.004114902910077945,0.006719649178558029,-6.2245680570602415,0,0.0,0.0,0.0,,,7.540270412900105,0,0,0.0,-1.8737745,-1.873774528503418,0.0,972.6782513832096
273,1784300742.4624484,,7.200000000000002,,5.599999999999999,,7.200000000000002,,1.9800000000000002,,2.82,0.0,0.0,0.0,0.0,44761088,22923,44779,1366,-3.4681644,0.0030944116231694354,0.008418051531771198,-6.234905081987381,0,0.0,0.0,0.0,,,7.608541221056024,0,0,0.0,1.3835407,1.3835407495498657,0.0,989.1945386454967
274,1784300923.0198014,,7.200000000000002,,5.599999999999999,,7.200000000000002,,1.9800000000000002,,2.82,0.0,0.0,0.0,0.0,44924928,23003,44939,1371,2.393282,0.007110002220724709,0.006886970494815614,-6.254946896433831,0,0.0,0.0,0.0,,,6.613791092650541,0,0,0.0,0.115499735,0.11549973487854004,0.0,907.4125136132421
275,1784301100.322239,,7.200000000000002,,5.599999999999999,,7.200000000000002,,1.9800000000000002,,2.82,0.0,0.0,0.0,0.0,45088768,23083,45099,1376,4.118467,0.007778609803790459,0.006725876778364182,-6.273127466440201,0,0.0,0.0,0.0,,,8.252851373909333,0,0,0.0,-3.0003228,-3.0003228187561035,0.0,924.0707429276029
276,1784301284.9936917,,7.200000000000002,,5.599999999999999,,7.200000000000002,,1.9800000000000002,,2.82,0.0,0.0,0.0,0.0,45252608,23163,45259,1381,-16.366043,0.004514720493170898,0.007044685998698697,-6.279435622692108,0,0.0,0.0,0.0,,,7.496476206785848,0,0,0.0,-1.1215892,-1.121589183807373,0.0,887.1972316595579
277,1784301452.9419072,,7.200000000000002,,5.599999999999999,,7.200000000000002,,1.9800000000000002,,2.82,0.0,0.0,0.0,0.0,45416448,23243,45419,1386,5.027833,0.003216056553355884,0.007234721918939613,-6.2695349752902985,0,0.0,0.0,0.0,,,7.502015461334915,0,0,0.0,-14.722458,-14.722457885742188,0.0,975.5388517378875
278,1784301641.9599078,,7.200000000000002,,5.599999999999999,,7.200000000000002,,1.9800000000000002,,2.82,0.0,0.0,0.0,0.0,45580288,23324,45580,1391,-16.67673,0.006950130534823984,0.005822347884532064,-6.281272041797638,0,0.0,0.0,0.0,,,7.20665810687498,0,0,0.0,0.14612465,0.14612464606761932,0.0,866.7957688366973
279,1784301811.448613,,7.200000000000002,,5.599999999999999,,7.200000000000002,,1.9800000000000002,,2.82,0.0,0.0,0.0,0.0,45744128,23404,45740,1396,-8.843318,0.006526897195726633,0.006335340742953122,-6.300039613246918,0,0.0,0.0,0.0,,,8.282977383215927,0,0,0.0,-6.917897,-6.9178972244262695,0.0,966.6720444331356
280,1784301991.3258586,,7.200000000000002,,5.599999999999999,,7.200000000000002,,1.9800000000000002,,2.82,0.0,0.0,0.0,0.0,45907968,23486,45902,1401,-3.3386254,0.004042882653448032,0.004692672852252144,-6.306179282069206,0,0.0,0.0,0.0,,,8.558151118887166,0,0,0.0,-11.248384,-11.248384475708008,0.0,910.8434033873808
281,1784302163.0784214,,7.200000000000002,,5.599999999999999,,7.200000000000002,,1.9800000000000002,,2.82,0.0,0.0,0.0,0.0,46071808,23567,46063,1406,-8.95228,0.0024199299801693996,0.0044741776160663,-6.3032752722501755,0,0.0,0.0,0.0,,,7.776588993088572,0,0,0.0,-8.199323,-8.199322700500488,0.0,953.9304419788589
282,1784302340.9145093,,7.200000000000002,,5.599999999999999,,7.200000000000002,,1.9800000000000002,,2.82,0.0,0.0,0.0,0.0,46235648,23649,46225,1411,-7.6508417,0.005493962003674824,0.006451832572929561,-6.317911419272423,0,0.0,0.0,0.0,,,7.1254905453103845,0,0,0.0,-13.690341,-13.690340995788574,0.0,921.2977798126662
283,1784302504.7650895,,7.200000000000002,,5.599999999999999,,7.200000000000002,,1.9800000000000002,,2.82,0.0,0.0,0.0,0.0,46399488,23732,46388,1416,-34.710236,0.014583823207067326,0.004349495290080085,-6.367479619383812,0,0.0,0.0,0.0,,,8.3415999553512,0,0,0.0,-11.794749,-11.79474925994873,0.0,999.9354333885932
284,1784302691.2742546,,7.200000000000002,,5.599999999999999,,7.200000000000002,,1.9800000000000002,,2.82,0.0,0.0,0.0,0.0,46563328,23815,46551,1421,-23.52003,0.005722744179365691,0.004004516916756984,-6.404503375291824,0,0.0,0.0,0.0,,,7.881531003800438,0,0,0.0,2.3282738,2.3282737731933594,0.0,878.455616375144
285,1784302858.6754367,,7.200000000000002,,5.599999999999999,,7.200000000000002,,1.9800000000000002,,2.82,0.0,0.0,0.0,0.0,46727168,23901,46717,1426,-6.040847,0.00334782468744379,0.00360797630273737,-6.393031734228134,0,0.0,0.0,0.0,,,7.990432776056977,0,0,0.0,-17.191269,-17.191268920898438,0.0,978.7265989764602
286,1784303042.5554187,,7.200000000000002,,5.599999999999999,,7.200000000000002,,1.9800000000000002,,2.82,0.0,0.0,0.0,0.0,46891008,23984,46880,1431,4.059428,0.003929059278016211,0.0037903396936599166,-6.417045989632607,0,0.0,0.0,0.0,,,8.509936546620967,0,0,0.0,-0.0861785,-0.0861784964799881,0.0,891.015917094592
287,1784303217.6090503,,7.200000000000002,,5.599999999999999,,7.200000000000002,,1.9800000000000002,,2.82,0.0,0.0,0.0,0.0,47054848,24064,47040,1436,-14.076648,0.006666606887301895,0.0047292698276578445,-6.436743667721748,0,0.0,0.0,0.0,,,7.949153324298919,0,0,0.0,-0.10420513,-0.10420513153076172,0.0,935.9417445390436
288,1784303404.0196013,,7.200000000000002,,5.599999999999999,,7.200000000000002,,1.9800000000000002,,2.82,0.0,0.0,0.0,0.0,47218688,24150,47206,1441,-14.556906,0.008145497101941146,0.005103422774118372,-6.418691703677178,0,0.0,0.0,0.0,,,7.753744170384458,0,0,0.0,-19.649982,-19.649982452392578,0.0,878.9202108455248
289,1784303563.2866313,,7.200000000000002,,5.599999999999999,,7.200000000000002,,1.9800000000000002,,2.82,0.0,0.0,0.0,0.0,47382528,24232,47368,1446,-17.75951,0.007664601890428458,0.005407552083488554,-6.449982443451882,0,0.0,0.0,0.0,,,7.918106517620181,0,0,0.0,-15.520531,-15.520530700683594,0.0,1028.712556680796
290,1784303740.0836914,,7.200000000000002,,5.599999999999999,,7.200000000000002,,1.9800000000000002,,2.82,0.0,0.0,0.0,0.0,47546368,24312,47528,1451,-21.698671,0.006999758757592645,0.004132851735630538,-6.486848357319832,0,0.0,0.0,0.0,,,8.106308405438389,0,0,0.0,-19.417751,-19.41775131225586,0.0,926.7122621231582
291,1784303913.3867462,,7.200000000000002,,5.599999999999999,,7.200000000000002,,1.9800000000000002,,2.82,0.0,0.0,0.0,0.0,47710208,24392,47688,1456,-18.901566,0.006677360208414029,0.005428138247225434,-6.455607274174691,0,0.0,0.0,0.0,,,7.2088656397417115,0,0,0.0,-0.5328658,-0.5328658223152161,0.0,945.3959246832891
292,1784304089.361944,,7.200000000000002,,5.599999999999999,,7.200000000000002,,1.9800000000000002,,2.82,0.0,0.0,0.0,0.0,47874048,24473,47849,1461,-9.746651,0.004004968038498191,0.004072026084759273,-6.477199268341065,0,0.0,0.0,0.0,,,7.348780435866077,0,0,0.0,-0.996191,-0.9961910247802734,0.0,931.0402961285765
293,1784304255.7987456,,7.200000000000002,,5.599999999999999,,7.200000000000002,,1.9800000000000002,,2.82,0.0,0.0,0.0,0.0,48037888,24553,48009,1466,-9.281988,0.004050872194056865,0.0058814023752347564,-6.4814443528652195,0,0.0,0.0,0.0,,,7.830235573194463,0,0,0.0,-50.473427,-50.473426818847656,0.0,984.3977453260636
294,1784304435.0951662,,7.200000000000002,,5.599999999999999,,7.200000000000002,,1.9800000000000002,,2.82,0.0,0.0,0.0,0.0,48201728,24633,48169,1471,-3.4842758,0.005352362472331151,0.005989066430629464,-6.492709624767303,0,0.0,0.0,0.0,,,8.787829978064925,0,0,0.0,-10.87563,-10.875630378723145,0.0,913.7939187449911
295,1784304618.3599243,,7.200000000000002,,5.599999999999999,,7.200000000000002,,1.9800000000000002,,2.82,0.0,0.0,0.0,0.0,48365568,24714,48330,1476,-4.895827,0.0035059168498264627,0.006446219779900275,-6.495062097907066,0,0.0,0.0,0.0,,,8.041561272436159,0,0,0.0,1.7505152,1.7505152225494385,0.0,894.0075861461189
296,1784304786.5468743,,7.200000000000002,,5.599999999999999,,7.200000000000002,,1.9800000000000002,,2.82,0.0,0.0,0.0,0.0,48529408,24794,48490,1481,-12.806048,0.0041807725807302635,0.005804490069567692,-6.4758923381567,0,0.0,0.0,0.0,,,8.267699483381175,0,0,0.0,-15.01133,-15.011329650878906,0.0,974.1536214535938
297,1784304974.1327803,,7.200000000000002,,5.599999999999999,,7.200000000000002,,1.9800000000000002,,2.82,0.0,0.0,0.0,0.0,48693248,24875,48651,1486,-1.3097255,0.003403696719760774,0.0061668168942560445,-6.444852504134178,0,0.0,0.0,0.0,,,8.442109305973407,0,0,0.0,0.37866905,0.37866905331611633,0.0,873.4131137377875
298,1784305029.767815,,7.200000000000002,,5.599999999999999,,7.200000000000002,,1.9800000000000002,,2.82,0.0,0.0,0.0,0.0,48857088,24957,48813,1491,-20.842356,0.004596992496954044,0.005300209787674248,-6.436756205558777,0,0.0,0.0,0.0,,,7.861709236004802,0,0,0.0,-0.09101133,-0.09101133048534393,0.0,2944.9070478509143
299,1784305070.8919795,,7.200000000000002,,5.599999999999999,,7.200000000000002,,1.9800000000000002,,2.82,0.0,0.0,0.0,0.0,49020928,25039,48975,1496,1.4296434,0.006819247431121766,0.005031554953893647,-6.364656177163124,0,0.0,0.0,0.0,,,7.1093869854367595,0,0,0.0,-17.72197,-17.721969604492188,0.0,3984.033554246846
300,1784305108.9034595,,7.200000000000002,,5.599999999999999,,7.200000000000002,,1.9800000000000002,,2.82,0.0,0.0,0.0,0.0,49184768,25119,49135,1501,-7.110522,0.004501855635317043,0.00552337679619086,-6.321049076318741,0,0.0,0.0,0.0,,,8.22865785074722,0,0,0.0,-49.02593,-49.02592849731445,0.0,4310.2758782731735
301,1784305147.49896,,7.200000000000002,,5.599999999999999,,7.200000000000002,,1.9800000000000002,,2.82,0.0,0.0,0.0,0.0,49348608,25202,49298,1506,-11.048317,0.005554731274605729,0.005256621352600632,-6.300759220123291,0,0.0,0.0,0.0,,,7.458017177723974,0,0,0.0,-49.433624,-49.433624267578125,0.0,4245.0505252025
302,1784305186.962821,,7.200000000000002,,5.599999999999999,,7.200000000000002,,1.9800000000000002,,2.82,0.0,0.0,0.0,0.0,49512448,25289,49465,1511,-16.089909,0.004147873591864482,0.008032868982991204,-6.327863562107086,0,0.0,0.0,0.0,,,8.005297100830802,0,0,0.0,-10.700872,-10.700872421264648,0.0,4151.6496246138095
303,1784305230.0345964,,7.200000000000002,,5.599999999999999,,7.200000000000002,,1.9800000000000002,,2.82,0.0,0.0,0.0,0.0,49676288,25369,49625,1516,-2.7367318,0.004508831307612126,0.006201117738237371,-6.3136443257331845,0,0.0,0.0,0.0,,,6.7148848655213955,0,0,0.0,-3.41472,-3.414720058441162,0.0,3803.884245374053
304,1784305272.688713,,7.200000000000002,,5.599999999999999,,7.200000000000002,,1.9800000000000002,,2.82,0.0,0.0,0.0,0.0,49840128,25449,49785,1521,-7.7194314,0.005056246636377182,0.00751065474760253,-6.320771515369415,0,0.0,0.0,0.0,,,7.686053949198856,0,0,0.0,-5.2129164,-5.212916374206543,0.0,3841.1297144757104
305,1784305305.1357703,,7.200000000000002,,5.599999999999999,,7.200000000000002,,1.9800000000000002,,2.82,0.0,0.0,0.0,0.0,49971200,25513,49913,1525,-11.430711,0.00416219484541216,0.005106009844166692,-6.295433250069618,0,0.0,0.0,0.0,,,7.082158057243596,0,0,0.0,-15.137316,-15.13731575012207,0.0,5049.448724514537
